S_000,S_001,S_002,S_003,S_004,S_005,S_006,S_007,S_008,S_009,S_010,S_011,S_012,S_013,S_014,S_015,S_016,S_017,S_018,S_019,S_020,S_021,S_022,S_023,S_024,S_025,S_026,S_027,S_028,S_029,S_030,S_031,S_032,S_033,S_034,S_035,S_036,S_037,S_038,S_039,S_040,S_041,S_042,S_043,S_044,S_045,S_046,S_047,S_048,S_049,S_050,S_051,S_052,S_053,S_054,S_055,S_056,S_057,S_058,S_059,S_060,S_061,S_062,S_063,S_064,S_065,S_066,S_067,S_068,S_069,S_070,S_071,S_072,S_073,S_074,S_075,S_076,S_077,S_078,S_079,S_080,S_081,S_082,S_083,S_084,S_085,S_086,S_087,S_088,S_089,S_090,S_091,S_092,S_093,S_094,S_095,S_096,S_097,S_098,S_099,S_100,S_101,S_102,S_103,S_104,S_105,S_106,S_107,S_108,S_109,S_110,S_111,S_112,S_113,S_114,S_115,S_116,S_117,S_118,S_119,S_120,S_121,S_122,S_123,S_124,S_125,S_126,S_127,S_128,S_129,S_130,S_131,S_132,S_133,S_134,S_135,S_136,S_137,S_138,S_139,S_140,S_141,S_142,S_143,S_144,S_145,S_146,S_147,S_148,S_149,S_150,S_151,S_152,S_153,S_154,S_155,S_156,S_157,S_158,S_159,S_160,S_161,S_162,S_163,S_164,S_165,S_166,S_167,S_168,S_169,S_170,S_171,S_172,S_173,S_174,S_175,S_176,S_177,S_178,S_179,S_180,S_181,S_182,S_183,S_184,S_185,S_186,S_187,S_188,S_189,S_190,S_191,S_192,S_193,S_194,S_195,S_196,S_197,S_198,S_199,S_200,S_201,S_202,S_203,S_204,S_205,S_206,S_207,S_208,S_209,S_210,S_211,S_212,S_213,S_214,S_215,S_216,S_217,S_218,S_219,S_220,S_221,S_222,S_223,S_224,S_225,S_226,S_227,S_228,S_229,S_230,S_231,S_232,S_233,S_234,S_235,S_236,S_237,S_238,S_239,S_240,S_241,S_242,S_243,S_244,S_245,S_246,S_247,S_248,S_249,S_250,S_251,S_252,S_253,S_254,S_255,S_256,S_257,S_258,S_259,S_260,S_261,S_262,S_263,S_264,S_265,S_266,S_267,S_268,S_269,S_270,S_271,S_272,S_273,S_274,S_275,S_276,S_277,S_278,S_279,S_280,S_281,S_282,S_283,S_284,S_285,S_286,S_287,S_288,S_289,S_290,S_291,S_292,S_293,S_294,S_295,S_296,S_297,S_298,S_299,S_300,S_301,S_302,S_303,S_304,S_305,S_306,S_307,S_308,S_309,S_310,S_311,S_312,S_313,S_314,S_315,S_316,S_317,S_318,S_319,S_320,S_321,S_322,S_323,S_324,S_325,S_326,S_327,S_328,S_329,S_330,S_331,S_332,S_333,S_334,S_335,S_336,S_337,S_338,S_339,S_340,S_341,S_342,S_343,S_344,S_345,S_346,S_347,S_348,S_349,S_350,S_351,S_352,S_353,S_354,S_355,S_356,S_357,S_358,S_359,S_360,S_361,S_362,S_363,S_364,S_365,S_366,S_367,S_368,S_369,S_370,S_371,S_372,S_373,S_374,S_375,S_376,S_377,S_378,S_379,S_380,S_381,S_382,S_383,CD,CL
5.831,5.385,5.099,5.000,5.000,5.000,5.000,5.000,5.000,5.000,5.000,5.000,5.000,5.000,5.000,5.000,5.000,5.000,5.000,5.000,5.000,5.000,5.099,5.385,5.000,4.472,4.123,4.000,4.000,4.000,4.000,4.000,4.000,4.000,4.000,4.000,4.000,4.000,4.000,4.000,4.000,4.000,4.000,4.000,4.000,4.000,4.123,4.472,4.243,3.606,3.162,3.000,3.000,3.000,3.000,3.000,3.000,3.000,3.000,3.000,3.000,3.000,3.000,3.000,3.000,3.000,3.000,3.000,3.000,3.000,3.162,3.606,3.606,2.828,2.236,2.000,2.000,2.000,2.000,2.000,2.000,2.000,2.000,2.000,2.000,2.000,2.000,2.000,2.000,2.000,2.000,2.000,2.000,2.000,2.236,2.828,3.162,2.236,1.414,1.000,1.000,1.000,1.000,1.000,1.000,1.000,1.000,1.000,1.000,1.000,1.000,1.000,1.000,1.000,1.000,1.000,1.000,1.000,1.414,2.236,3.000,2.000,1.000,-1.000,-1.000,-1.000,-1.000,-1.000,-1.000,-1.000,-1.000,-1.000,-1.000,-1.000,-1.000,-1.000,-1.000,-1.000,-1.000,-1.000,-1.000,-1.000,1.000,2.000,3.162,2.236,1.414,1.000,1.000,1.000,-1.000,-1.414,-2.000,-2.000,-2.000,-2.000,-2.000,-2.000,-2.000,-2.000,-2.000,-2.000,-2.000,-2.000,-2.000,-1.000,1.000,2.000,3.606,2.828,2.236,2.000,2.000,1.414,1.000,-1.000,-1.000,-1.414,-2.236,-2.828,-2.236,-2.000,-1.414,-1.000,-1.000,-1.000,-1.000,-1.000,-1.000,-1.000,1.000,2.000,4.243,3.606,3.162,3.000,2.828,2.236,1.414,1.000,1.000,-1.000,-1.414,-2.000,-1.414,-1.000,-1.000,1.000,1.000,1.000,1.000,1.000,1.000,1.000,1.414,2.236,5.000,4.472,4.123,4.000,3.606,2.828,2.236,2.000,1.414,1.000,-1.000,-1.000,-1.000,1.000,1.000,1.414,2.000,2.000,2.000,2.000,2.000,2.000,2.236,2.828,5.831,5.385,5.099,5.000,4.243,3.606,3.162,2.828,2.236,1.414,1.000,1.000,1.000,1.414,2.000,2.236,2.828,3.000,3.000,3.000,3.000,3.000,3.162,3.606,6.708,6.325,6.083,5.657,5.000,4.472,4.123,3.606,2.828,2.236,2.000,2.000,2.000,2.236,2.828,3.162,3.606,4.000,4.000,4.000,4.000,4.000,4.123,4.472,7.616,7.280,7.071,6.403,5.831,5.385,5.000,4.243,3.606,3.162,3.000,3.000,3.000,3.162,3.606,4.123,4.472,5.000,5.000,5.000,5.000,5.000,5.099,5.385,8.544,8.246,7.810,7.211,6.708,6.325,5.657,5.000,4.472,4.123,4.000,4.000,4.000,4.123,4.472,5.000,5.385,5.831,6.000,6.000,6.000,6.000,6.083,6.325,9.487,9.220,8.602,8.062,7.616,7.071,6.403,5.831,5.385,5.099,5.000,5.000,5.000,5.099,5.385,5.831,6.325,6.708,7.000,7.000,7.000,7.000,7.071,7.280,10.440,10.000,9.434,8.944,8.485,7.810,7.211,6.708,6.325,6.083,6.000,6.000,6.000,6.083,6.325,6.708,7.211,7.616,8.000,8.000,8.000,8.000,8.062,8.246,0.7253,0.0847
5.000,4.243,3.606,3.162,3.000,3.000,3.000,3.000,3.000,3.000,3.000,3.000,3.000,3.000,3.000,3.000,3.000,3.000,3.000,3.000,3.000,3.162,3.606,4.243,4.472,3.606,2.828,2.236,2.000,2.000,2.000,2.000,2.000,2.000,2.000,2.000,2.000,2.000,2.000,2.000,2.000,2.000,2.000,2.000,2.000,2.236,2.828,3.606,4.123,3.162,2.236,1.414,1.000,1.000,1.000,1.000,1.000,1.000,1.000,1.000,1.000,1.000,1.000,1.000,1.000,1.000,1.000,1.000,1.000,1.414,2.236,3.162,4.000,3.000,2.000,1.000,-1.000,-1.000,-1.000,-1.000,-1.000,-1.000,-1.000,-1.000,-1.000,-1.000,-1.000,-1.000,-1.000,-1.000,-1.000,-1.000,-1.000,1.000,2.000,3.000,4.123,3.162,2.236,1.414,1.000,1.000,1.000,-1.000,-1.000,-1.000,-1.000,-1.414,-2.000,-2.000,-2.000,-2.000,-1.414,-1.000,-1.000,-1.000,-1.000,1.000,2.000,3.000,4.472,3.606,2.828,2.236,2.000,2.000,1.414,1.000,1.000,1.000,1.000,-1.000,-1.000,-1.000,-1.000,-1.000,-1.000,1.000,1.000,1.000,1.000,1.414,2.236,3.162,5.000,4.243,3.606,3.162,3.000,2.828,2.236,2.000,2.000,2.000,1.414,1.000,1.000,1.000,1.000,1.000,1.000,1.414,2.000,2.000,2.000,2.236,2.828,3.606,5.657,5.000,4.472,4.123,4.000,3.606,3.162,3.000,3.000,2.828,2.236,2.000,2.000,2.000,2.000,2.000,2.000,2.236,2.828,3.000,3.000,3.162,3.606,4.243,6.403,5.831,5.385,5.099,5.000,4.472,4.123,4.000,4.000,3.606,3.162,3.000,3.000,3.000,3.000,3.000,3.000,3.162,3.606,4.000,4.000,4.123,4.472,5.000,7.211,6.708,6.325,6.083,5.831,5.385,5.099,5.000,5.000,4.472,4.123,4.000,4.000,4.000,4.000,4.000,4.000,4.123,4.472,5.000,5.000,5.099,5.385,5.831,8.062,7.616,7.280,7.071,6.708,6.325,6.083,6.000,5.831,5.385,5.099,5.000,5.000,5.000,5.000,5.000,5.000,5.099,5.385,5.831,6.000,6.083,6.325,6.708,8.944,8.544,8.246,8.062,7.616,7.280,7.071,7.000,6.708,6.325,6.083,6.000,6.000,6.000,6.000,6.000,6.000,6.083,6.325,6.708,7.000,7.071,7.280,7.616,9.849,9.487,9.220,8.944,8.544,8.246,8.062,8.000,7.616,7.280,7.071,7.000,7.000,7.000,7.000,7.000,7.000,7.071,7.280,7.616,8.000,8.062,8.246,8.544,10.770,10.440,10.198,9.849,9.487,9.220,9.055,8.944,8.544,8.246,8.062,8.000,8.000,8.000,8.000,8.000,8.000,8.062,8.246,8.544,8.944,9.055,9.220,9.487,11.705,11.402,11.180,10.770,10.440,10.198,10.050,9.849,9.487,9.220,9.055,9.000,9.000,9.000,9.000,9.000,9.000,9.055,9.220,9.487,9.849,10.050,10.198,10.440,12.649,12.369,12.083,11.705,11.402,11.180,11.045,10.770,10.440,10.198,10.050,10.000,10.000,10.000,10.000,10.000,10.000,10.050,10.198,10.440,10.770,11.045,11.180,11.402,0.4880,-0.2202
7.071,6.403,5.831,5.385,5.099,5.000,5.000,5.000,5.000,5.000,5.000,5.000,5.000,5.000,5.000,5.000,5.000,5.000,5.000,5.000,5.099,5.385,5.831,6.403,6.403,5.657,5.000,4.472,4.123,4.000,4.000,4.000,4.000,4.000,4.000,4.000,4.000,4.000,4.000,4.000,4.000,4.000,4.000,4.000,4.123,4.472,5.000,5.657,5.831,5.000,4.243,3.606,3.162,3.000,3.000,3.000,3.000,3.000,3.000,3.000,3.000,3.000,3.000,3.000,3.000,3.000,3.000,3.000,3.162,3.606,4.243,5.000,5.385,4.472,3.606,2.828,2.236,2.000,2.000,2.000,2.000,2.000,2.000,2.000,2.000,2.000,2.000,2.000,2.000,2.000,2.000,2.000,2.236,2.828,3.606,4.472,5.099,4.123,3.162,2.236,1.414,1.000,1.000,1.000,1.000,1.000,1.000,1.000,1.000,1.000,1.000,1.000,1.000,1.000,1.000,1.000,1.414,2.236,3.162,4.123,5.000,4.000,3.000,2.000,1.000,-1.000,-1.000,-1.000,-1.000,-1.000,-1.000,-1.000,-1.000,-1.000,-1.000,-1.000,-1.000,-1.000,-1.000,-1.000,1.000,2.000,3.000,4.000,5.000,4.000,3.000,2.000,1.000,-1.000,-1.414,-2.000,-2.000,-2.000,-2.000,-2.000,-2.000,-2.000,-2.000,-2.000,-2.000,-2.000,-2.000,-1.000,1.000,2.000,3.000,4.000,5.099,4.123,3.162,2.236,1.414,1.000,-1.000,-2.000,-2.828,-3.000,-3.000,-3.000,-3.000,-3.000,-3.000,-3.000,-3.000,-3.000,-2.000,-1.000,1.000,2.000,3.000,4.000,5.385,4.472,3.606,2.828,2.000,1.000,-1.000,-1.414,-2.236,-2.828,-3.606,-4.000,-4.000,-4.000,-4.000,-4.000,-4.000,-3.000,-2.000,-1.000,1.000,2.000,3.000,4.000,5.831,5.000,4.123,3.162,2.236,1.414,1.000,-1.000,-1.414,-2.236,-3.162,-4.123,-4.472,-4.123,-3.606,-3.162,-3.000,-3.000,-2.000,-1.000,1.000,2.000,3.000,4.000,6.325,5.385,4.472,3.606,2.828,2.236,1.414,1.000,-1.000,-2.000,-2.828,-3.606,-3.606,-3.162,-2.828,-2.236,-2.000,-2.000,-2.000,-1.000,1.000,2.000,3.000,4.000,6.708,5.831,5.000,4.243,3.606,2.828,2.000,1.000,-1.000,-1.414,-2.236,-3.162,-2.828,-2.236,-2.000,-1.414,-1.000,-1.000,-1.000,-1.000,1.000,2.000,3.000,4.000,7.211,6.403,5.657,5.000,4.123,3.162,2.236,1.414,1.000,-1.000,-2.000,-2.828,-2.236,-1.414,-1.000,-1.000,1.000,1.000,1.000,1.000,1.414,2.236,3.162,4.123,7.810,7.071,6.325,5.385,4.472,3.606,2.828,2.000,1.000,-1.000,-1.414,-2.236,-2.000,-1.000,1.000,1.000,1.414,2.000,2.000,2.000,2.236,2.828,3.606,4.472,8.485,7.616,6.708,5.831,5.000,4.123,3.162,2.236,1.414,1.000,-1.000,-2.000,-1.414,-1.000,1.000,2.000,2.236,2.828,3.000,3.000,3.162,3.606,4.243,5.000,8.944,8.062,7.211,6.325,5.385,4.472,3.606,2.828,2.000,1.000,-1.000,-2.000,-1.000,1.000,1.414,2.236,3.162,3.606,4.000,4.000,4.123,4.472,5.000,5.657,1.1537,0.1222
5.385,5.099,5.000,5.000,5.000,5.000,5.000,5.000,5.000,5.000,5.000,5.000,5.000,5.000,5.000,5.000,5.000,5.000,5.000,5.000,5.000,5.000,5.000,5.099,4.472,4.123,4.000,4.000,4.000,4.000,4.000,4.000,4.000,4.000,4.000,4.000,4.000,4.000,4.000,4.000,4.000,4.000,4.000,4.000,4.000,4.000,4.000,4.123,3.606,3.162,3.000,3.000,3.000,3.000,3.000,3.000,3.000,3.000,3.000,3.000,3.000,3.000,3.000,3.000,3.000,3.000,3.000,3.000,3.000,3.000,3.000,3.162,2.828,2.236,2.000,2.000,2.000,2.000,2.000,2.000,2.000,2.000,2.000,2.000,2.000,2.000,2.000,2.000,2.000,2.000,2.000,2.000,2.000,2.000,2.000,2.236,2.236,1.414,1.000,1.000,1.000,1.000,1.000,1.000,1.000,1.000,1.000,1.000,1.000,1.000,1.000,1.000,1.000,1.000,1.000,1.000,1.000,1.000,1.000,1.414,2.000,1.000,-1.000,-1.000,-1.000,-1.000,-1.000,-1.000,-1.000,-1.000,-1.000,-1.000,-1.000,-1.000,-1.000,-1.000,-1.000,-1.000,-1.000,-1.000,-1.000,-1.000,-1.000,1.000,2.236,1.414,1.000,1.000,-1.000,-1.000,-1.414,-2.000,-2.000,-2.000,-2.000,-2.000,-2.000,-2.000,-2.000,-2.000,-2.000,-2.000,-2.000,-2.000,-2.000,-2.000,-1.000,1.000,2.828,2.236,2.000,1.414,1.000,1.000,-1.000,-1.414,-2.236,-2.828,-3.000,-3.000,-3.000,-3.000,-3.000,-3.000,-3.000,-3.000,-3.000,-3.000,-3.000,-2.000,-1.000,1.000,3.606,3.162,2.828,2.236,2.000,1.414,1.000,-1.000,-1.414,-2.236,-3.162,-4.000,-3.606,-2.828,-2.236,-2.000,-2.000,-2.000,-2.000,-2.000,-2.000,-2.000,-1.000,1.000,4.472,4.123,3.606,3.162,2.828,2.236,1.414,1.000,-1.000,-2.000,-2.828,-3.162,-2.828,-2.236,-1.414,-1.000,-1.000,-1.000,-1.000,-1.000,-1.000,-1.000,-1.000,1.000,5.385,5.000,4.472,4.123,3.606,2.828,2.000,1.000,-1.000,-1.414,-2.000,-2.236,-2.000,-1.414,-1.000,1.000,1.000,1.000,1.000,1.000,1.000,1.000,1.000,1.414,6.325,5.831,5.385,5.000,4.123,3.162,2.236,1.414,1.000,-1.000,-1.000,-1.414,-1.000,-1.000,1.000,1.414,2.000,2.000,2.000,2.000,2.000,2.000,2.000,2.236,7.211,6.708,6.325,5.385,4.472,3.606,2.828,2.236,1.414,1.000,1.000,-1.000,1.000,1.000,1.414,2.236,2.828,3.000,3.000,3.000,3.000,3.000,3.000,3.162,8.062,7.616,6.708,5.831,5.000,4.243,3.606,2.828,2.236,2.000,1.414,1.000,1.414,2.000,2.236,2.828,3.606,4.000,4.000,4.000,4.000,4.000,4.000,4.123,8.944,8.062,7.211,6.403,5.657,5.000,4.243,3.606,3.162,2.828,2.236,2.000,2.236,2.828,3.162,3.606,4.243,5.000,5.000,5.000,5.000,5.000,5.000,5.099,9.434,8.602,7.810,7.071,6.403,5.657,5.000,4.472,4.123,3.606,3.162,3.000,3.162,3.606,4.123,4.472,5.000,5.657,6.000,6.000,6.000,6.000,6.000,6.083,0.9673,0.1000
5.831,5.385,5.099,5.000,5.000,5.000,5.000,5.000,5.000,5.000,5.000,5.000,5.000,5.000,5.000,5.000,5.000,5.000,5.000,5.000,5.000,5.099,5.385,5.831,5.000,4.472,4.123,4.000,4.000,4.000,4.000,4.000,4.000,4.000,4.000,4.000,4.000,4.000,4.000,4.000,4.000,4.000,4.000,4.000,4.000,4.123,4.472,5.000,4.243,3.606,3.162,3.000,3.000,3.000,3.000,3.000,3.000,3.000,3.000,3.000,3.000,3.000,3.000,3.000,3.000,3.000,3.000,3.000,3.000,3.162,3.606,4.243,3.606,2.828,2.236,2.000,2.000,2.000,2.000,2.000,2.000,2.000,2.000,2.000,2.000,2.000,2.000,2.000,2.000,2.000,2.000,2.000,2.000,2.236,2.828,3.606,3.162,2.236,1.414,1.000,1.000,1.000,1.000,1.000,1.000,1.000,1.000,1.000,1.000,1.000,1.000,1.000,1.000,1.000,1.000,1.000,1.000,1.414,2.236,3.162,3.000,2.000,1.000,-1.000,-1.000,-1.000,-1.000,-1.000,-1.000,-1.000,-1.000,-1.000,-1.000,-1.000,-1.000,-1.000,-1.000,-1.000,-1.000,-1.000,-1.000,1.000,2.000,3.000,3.162,2.236,1.414,1.000,-1.000,-1.414,-2.000,-2.000,-2.000,-2.000,-2.000,-2.000,-2.000,-2.000,-2.000,-2.000,-2.000,-2.000,-2.000,-2.000,-1.000,1.000,2.000,3.000,3.606,2.828,2.236,1.414,1.000,-1.000,-2.000,-2.828,-3.000,-3.000,-3.000,-3.000,-3.000,-3.000,-3.000,-3.000,-3.000,-3.000,-3.000,-2.000,-1.000,1.000,2.000,3.000,4.243,3.606,2.828,2.000,1.000,-1.000,-1.414,-2.236,-2.828,-3.606,-4.000,-4.000,-4.000,-4.000,-4.000,-3.606,-3.162,-2.828,-2.236,-2.000,-1.000,1.000,2.000,3.000,5.000,4.123,3.162,2.236,1.414,1.000,-1.000,-1.414,-2.236,-3.162,-4.123,-5.000,-5.000,-4.243,-3.606,-2.828,-2.236,-2.000,-1.414,-1.000,-1.000,1.000,2.000,3.000,5.385,4.472,3.606,2.828,2.236,1.414,1.000,-1.000,-2.000,-2.828,-3.606,-4.472,-4.243,-3.606,-2.828,-2.236,-1.414,-1.000,-1.000,1.000,1.000,1.414,2.236,3.162,5.831,5.000,4.243,3.606,2.828,2.000,1.000,-1.000,-1.414,-2.236,-3.162,-4.123,-3.606,-2.828,-2.236,-1.414,-1.000,1.000,1.000,1.414,2.000,2.236,2.828,3.606,6.403,5.657,5.000,4.123,3.162,2.236,1.414,1.000,-1.000,-2.000,-2.828,-3.606,-2.828,-2.236,-1.414,-1.000,1.000,1.414,2.000,2.236,2.828,3.162,3.606,4.243,7.071,6.325,5.385,4.472,3.606,2.828,2.000,1.000,-1.000,-1.414,-2.236,-3.162,-2.236,-1.414,-1.000,1.000,1.414,2.236,2.828,3.162,3.606,4.123,4.472,5.000,7.616,6.708,5.831,5.000,4.123,3.162,2.236,1.414,1.000,-1.000,-2.000,-3.000,-2.000,-1.000,1.000,1.414,2.236,2.828,3.606,4.123,4.472,5.000,5.385,5.831,8.062,7.211,6.325,5.385,4.472,3.606,2.828,2.000,1.000,-1.000,-2.000,-3.000,-2.000,-1.000,1.000,2.000,2.828,3.606,4.243,5.000,5.385,5.831,6.325,6.708,1.1790,0.0496
3.606,3.162,3.000,3.000,3.000,3.000,3.000,3.000,3.000,3.000,3.000,3.000,3.000,3.000,3.000,3.000,3.000,3.000,3.000,3.000,3.000,3.000,3.162,3.606,2.828,2.236,2.000,2.000,2.000,2.000,2.000,2.000,2.000,2.000,2.000,2.000,2.000,2.000,2.000,2.000,2.000,2.000,2.000,2.000,2.000,2.000,2.236,2.828,2.236,1.414,1.000,1.000,1.000,1.000,1.000,1.000,1.000,1.000,1.000,1.000,1.000,1.000,1.000,1.000,1.000,1.000,1.000,1.000,1.000,1.000,1.414,2.236,2.000,1.000,-1.000,-1.000,-1.000,-1.000,-1.000,-1.000,-1.000,-1.000,-1.000,-1.000,-1.000,-1.000,-1.000,-1.000,-1.000,-1.000,-1.000,-1.000,-1.000,-1.000,1.000,2.000,2.236,1.414,1.000,1.000,1.000,-1.000,-1.000,-1.000,-1.000,-1.414,-2.000,-2.000,-2.000,-2.000,-2.000,-2.000,-2.000,-2.000,-2.000,-2.000,-2.000,-1.000,1.000,2.000,2.828,2.236,2.000,2.000,1.414,1.000,1.000,1.000,1.000,-1.000,-1.000,-1.000,-1.000,-1.000,-1.000,-1.000,-1.000,-1.000,-1.000,-1.000,-1.000,-1.000,1.000,2.000,3.606,3.162,3.000,2.828,2.236,2.000,2.000,2.000,1.414,1.000,1.000,1.000,1.000,1.000,1.000,1.000,1.000,1.000,1.000,1.000,1.000,1.000,1.414,2.236,4.472,4.123,4.000,3.606,3.162,3.000,3.000,2.828,2.236,2.000,2.000,2.000,2.000,2.000,2.000,2.000,2.000,2.000,2.000,2.000,2.000,2.000,2.236,2.828,5.385,5.099,5.000,4.472,4.123,4.000,4.000,3.606,3.162,3.000,3.000,3.000,3.000,3.000,3.000,3.000,3.000,3.000,3.000,3.000,3.000,3.000,3.162,3.606,6.325,6.083,5.831,5.385,5.099,5.000,5.000,4.472,4.123,4.000,4.000,4.000,4.000,4.000,4.000,4.000,4.000,4.000,4.000,4.000,4.000,4.000,4.123,4.472,7.280,7.071,6.708,6.325,6.083,6.000,5.831,5.385,5.099,5.000,5.000,5.000,5.000,5.000,5.000,5.000,5.000,5.000,5.000,5.000,5.000,5.000,5.099,5.385,8.246,8.062,7.616,7.280,7.071,7.000,6.708,6.325,6.083,6.000,6.000,6.000,6.000,6.000,6.000,6.000,6.000,6.000,6.000,6.000,6.000,6.000,6.083,6.325,9.220,8.944,8.544,8.246,8.062,8.000,7.616,7.280,7.071,7.000,7.000,7.000,7.000,7.000,7.000,7.000,7.000,7.000,7.000,7.000,7.000,7.000,7.071,7.280,10.198,9.849,9.487,9.220,9.055,8.944,8.544,8.246,8.062,8.000,8.000,8.000,8.000,8.000,8.000,8.000,8.000,8.000,8.000,8.000,8.000,8.000,8.062,8.246,11.180,10.770,10.440,10.198,10.050,9.849,9.487,9.220,9.055,9.000,9.000,9.000,9.000,9.000,9.000,9.000,9.000,9.000,9.000,9.000,9.000,9.000,9.055,9.220,12.083,11.705,11.402,11.180,11.045,10.770,10.440,10.198,10.050,10.000,10.000,10.000,10.000,10.000,10.000,10.000,10.000,10.000,10.000,10.000,10.000,10.000,10.050,10.198,0.6133,-0.1392
6.708,6.325,6.083,6.000,6.000,6.000,6.000,6.000,6.000,6.000,6.000,6.000,6.000,6.000,6.000,6.000,6.000,6.000,6.000,6.000,6.000,6.000,6.083,6.325,5.831,5.385,5.099,5.000,5.000,5.000,5.000,5.000,5.000,5.000,5.000,5.000,5.000,5.000,5.000,5.000,5.000,5.000,5.000,5.000,5.000,5.000,5.099,5.385,5.000,4.472,4.123,4.000,4.000,4.000,4.000,4.000,4.000,4.000,4.000,4.000,4.000,4.000,4.000,4.000,4.000,4.000,4.000,4.000,4.000,4.000,4.123,4.472,4.243,3.606,3.162,3.000,3.000,3.000,3.000,3.000,3.000,3.000,3.000,3.000,3.000,3.000,3.000,3.000,3.000,3.000,3.000,3.000,3.000,3.000,3.162,3.606,3.606,2.828,2.236,2.000,2.000,2.000,2.000,2.000,2.000,2.000,2.000,2.000,2.000,2.000,2.000,2.000,2.000,2.000,2.000,2.000,2.000,2.000,2.236,2.828,3.162,2.236,1.414,1.000,1.000,1.000,1.000,1.000,1.000,1.000,1.000,1.000,1.000,1.000,1.000,1.000,1.000,1.000,1.000,1.000,1.000,1.000,1.414,2.236,3.000,2.000,1.000,-1.000,-1.000,-1.000,-1.000,-1.000,-1.000,-1.000,-1.000,-1.000,-1.000,-1.000,-1.000,-1.000,-1.000,-1.000,-1.000,-1.000,-1.000,-1.000,1.000,2.000,3.162,2.236,1.414,1.000,-1.000,-1.000,-1.414,-2.000,-2.000,-2.000,-2.000,-2.000,-2.000,-2.000,-2.000,-2.000,-2.000,-2.000,-2.000,-2.000,-2.000,-1.000,1.000,2.000,3.606,2.828,2.236,1.414,1.000,1.000,-1.000,-1.414,-2.000,-2.236,-2.828,-3.000,-3.000,-3.000,-3.000,-3.000,-3.000,-3.000,-3.000,-3.000,-2.000,-1.000,1.000,2.000,4.243,3.606,2.828,2.236,2.000,1.414,1.000,-1.000,-1.000,-1.414,-2.236,-2.828,-2.828,-2.236,-2.000,-2.000,-2.000,-2.000,-2.000,-2.000,-2.000,-1.000,1.000,2.000,5.000,4.243,3.606,3.162,2.828,2.236,1.414,1.000,1.000,-1.000,-1.414,-2.000,-2.000,-1.414,-1.000,-1.000,-1.000,-1.000,-1.000,-1.000,-1.000,-1.000,1.000,2.000,5.657,5.000,4.472,4.123,3.606,2.828,2.236,2.000,1.414,1.000,-1.000,-1.000,-1.000,-1.000,1.000,1.000,1.000,1.000,1.000,1.000,1.000,1.000,1.414,2.236,6.403,5.831,5.385,5.000,4.243,3.606,3.162,2.828,2.236,1.414,1.000,1.000,1.000,1.000,1.414,2.000,2.000,2.000,2.000,2.000,2.000,2.000,2.236,2.828,7.211,6.708,6.325,5.657,5.000,4.472,4.123,3.606,2.828,2.236,2.000,2.000,2.000,2.000,2.236,2.828,3.000,3.000,3.000,3.000,3.000,3.000,3.162,3.606,8.062,7.616,7.071,6.403,5.831,5.385,5.000,4.243,3.606,3.162,3.000,3.000,3.000,3.000,3.162,3.606,4.000,4.000,4.000,4.000,4.000,4.000,4.123,4.472,8.944,8.485,7.810,7.211,6.708,6.325,5.657,5.000,4.472,4.123,4.000,4.000,4.000,4.000,4.123,4.472,5.000,5.000,5.000,5.000,5.000,5.000,5.099,5.385,0.7985,0.0362
7.071,6.403,5.831,5.385,5.099,5.000,5.000,5.000,5.000,5.000,5.000,5.000,5.000,5.000,5.000,5.000,5.000,5.000,5.000,5.099,5.385,5.831,6.403,7.071,6.403,5.657,5.000,4.472,4.123,4.000,4.000,4.000,4.000,4.000,4.000,4.000,4.000,4.000,4.000,4.000,4.000,4.000,4.000,4.123,4.472,5.000,5.657,6.403,5.831,5.000,4.243,3.606,3.162,3.000,3.000,3.000,3.000,3.000,3.000,3.000,3.000,3.000,3.000,3.000,3.000,3.000,3.000,3.162,3.606,4.243,5.000,5.831,5.385,4.472,3.606,2.828,2.236,2.000,2.000,2.000,2.000,2.000,2.000,2.000,2.000,2.000,2.000,2.000,2.000,2.000,2.000,2.236,2.828,3.606,4.472,5.385,5.099,4.123,3.162,2.236,1.414,1.000,1.000,1.000,1.000,1.000,1.000,1.000,1.000,1.000,1.000,1.000,1.000,1.000,1.000,1.414,2.236,3.162,4.123,5.099,5.000,4.000,3.000,2.000,1.000,-1.000,-1.000,-1.000,-1.000,-1.000,-1.000,-1.000,-1.000,-1.000,-1.000,-1.000,-1.000,-1.000,-1.000,1.000,2.000,3.000,4.000,5.000,5.099,4.123,3.162,2.236,1.414,1.000,-1.000,-1.414,-2.000,-2.000,-2.000,-2.000,-2.000,-2.000,-2.000,-2.000,-2.000,-2.000,-1.000,1.000,2.000,3.000,4.000,5.000,5.385,4.472,3.606,2.828,2.236,1.414,1.000,-1.000,-2.000,-2.828,-3.000,-3.000,-3.000,-3.000,-3.000,-3.000,-3.000,-2.000,-1.000,1.000,2.000,3.000,4.000,5.000,5.831,5.000,4.243,3.606,2.828,2.000,1.000,-1.000,-1.414,-2.236,-3.162,-4.000,-4.000,-4.000,-3.606,-3.162,-2.828,-2.000,-1.000,1.000,2.000,3.000,4.000,5.000,6.403,5.657,5.000,4.123,3.162,2.236,1.414,1.000,-1.000,-2.000,-2.828,-3.606,-3.606,-3.162,-2.828,-2.236,-2.000,-1.414,-1.000,1.000,2.000,3.000,4.000,5.000,7.071,6.325,5.385,4.472,3.606,2.828,2.000,1.000,-1.000,-1.414,-2.236,-3.162,-2.828,-2.236,-2.000,-1.414,-1.000,-1.000,1.000,1.414,2.236,3.162,4.123,5.099,7.616,6.708,5.831,5.000,4.123,3.162,2.236,1.414,1.000,-1.000,-2.000,-3.000,-2.236,-1.414,-1.000,-1.000,1.000,1.000,1.414,2.236,2.828,3.606,4.472,5.385,8.062,7.211,6.325,5.385,4.472,3.606,2.828,2.000,1.000,-1.000,-2.000,-2.828,-2.000,-1.000,1.000,1.000,1.414,2.000,2.236,2.828,3.606,4.243,5.000,5.831,8.544,7.616,6.708,5.831,5.000,4.000,3.000,2.000,1.000,-1.000,-1.414,-2.236,-1.414,-1.000,1.000,2.000,2.236,2.828,3.162,3.606,4.243,5.000,5.657,6.403,8.944,8.062,7.071,6.083,5.099,4.123,3.162,2.236,1.414,1.000,-1.000,-2.000,-1.000,1.000,1.414,2.236,3.162,3.606,4.123,4.472,5.000,5.657,6.403,7.071,9.220,8.246,7.280,6.325,5.385,4.472,3.606,2.828,2.000,1.000,-1.000,-2.000,-1.000,1.000,2.000,2.828,3.606,4.472,5.000,5.385,5.831,6.403,7.071,7.810,1.1240,0.1149
3.162,3.000,3.000,3.000,3.000,3.000,3.000,3.000,3.000,3.000,3.000,3.000,3.000,3.000,3.000,3.000,3.000,3.000,3.000,3.000,3.000,3.000,3.000,3.162,2.236,2.000,2.000,2.000,2.000,2.000,2.000,2.000,2.000,2.000,2.000,2.000,2.000,2.000,2.000,2.000,2.000,2.000,2.000,2.000,2.000,2.000,2.000,2.236,1.414,1.000,1.000,1.000,1.000,1.000,1.000,1.000,1.000,1.000,1.000,1.000,1.000,1.000,1.000,1.000,1.000,1.000,1.000,1.000,1.000,1.000,1.000,1.414,1.000,-1.000,-1.000,-1.000,-1.000,-1.000,-1.000,-1.000,-1.000,-1.000,-1.000,-1.000,-1.000,-1.000,-1.000,-1.000,-1.000,-1.000,-1.000,-1.000,-1.000,-1.000,-1.000,1.000,1.414,1.000,1.000,-1.000,-1.414,-2.000,-2.000,-2.000,-2.000,-2.000,-2.000,-2.000,-2.000,-2.000,-2.000,-2.000,-2.000,-2.000,-2.000,-2.000,-2.000,-2.000,-1.000,1.000,2.236,2.000,1.414,1.000,-1.000,-1.414,-2.236,-2.828,-3.000,-3.000,-3.000,-3.000,-3.000,-3.000,-3.000,-3.000,-3.000,-3.000,-3.000,-3.000,-3.000,-2.000,-1.000,1.000,3.162,2.828,2.236,1.414,1.000,-1.000,-1.414,-2.236,-2.828,-3.606,-4.000,-4.000,-4.000,-4.000,-4.000,-4.000,-4.000,-4.000,-4.000,-4.000,-3.000,-2.000,-1.000,1.000,4.123,3.606,2.828,2.236,1.414,1.000,-1.000,-1.414,-2.236,-2.828,-3.606,-4.243,-5.000,-5.000,-4.472,-4.123,-4.000,-4.000,-4.123,-4.000,-3.000,-2.000,-1.000,1.000,5.000,4.243,3.606,2.828,2.236,1.414,1.000,-1.000,-1.414,-2.236,-2.828,-3.606,-4.000,-4.000,-3.606,-3.162,-3.000,-3.000,-3.162,-3.606,-3.000,-2.000,-1.000,1.000,5.657,5.000,4.243,3.606,2.828,2.236,1.414,1.000,-1.000,-1.414,-2.236,-2.828,-3.000,-3.000,-2.828,-2.236,-2.000,-2.000,-2.236,-2.828,-3.000,-2.000,-1.000,1.000,6.403,5.657,5.000,4.243,3.606,2.828,2.236,1.414,1.000,-1.000,-1.414,-2.000,-2.000,-2.000,-2.000,-1.414,-1.000,-1.000,-1.414,-2.000,-2.000,-2.000,-1.000,1.000,7.071,6.403,5.657,5.000,4.243,3.606,2.828,2.236,1.414,1.000,-1.000,-1.000,-1.000,-1.000,-1.000,-1.000,1.000,1.000,-1.000,-1.000,-1.000,-1.000,-1.000,1.000,7.810,7.071,6.403,5.657,5.000,4.243,3.606,2.828,2.236,1.414,1.000,1.000,1.000,1.000,1.000,1.000,1.414,1.414,1.000,1.000,1.000,1.000,1.000,1.414,8.485,7.810,7.071,6.403,5.657,5.000,4.243,3.606,2.828,2.236,2.000,2.000,2.000,2.000,2.000,2.000,2.236,2.236,2.000,2.000,2.000,2.000,2.000,2.236,9.220,8.485,7.810,7.071,6.403,5.657,5.000,4.243,3.606,3.162,3.000,3.000,3.000,3.000,3.000,3.000,3.162,3.162,3.000,3.000,3.000,3.000,3.000,3.162,9.899,9.220,8.485,7.810,7.071,6.403,5.657,5.000,4.472,4.123,4.000,4.000,4.000,4.000,4.000,4.000,4.123,4.123,4.000,4.000,4.000,4.000,4.000,4.123,1.0953,-0.0380
4.123,4.000,4.000,4.000,4.000,4.000,4.000,4.000,4.000,4.000,4.000,4.000,4.000,4.000,4.000,4.000,4.000,4.000,4.000,4.000,4.000,4.000,4.000,4.123,3.162,3.000,3.000,3.000,3.000,3.000,3.000,3.000,3.000,3.000,3.000,3.000,3.000,3.000,3.000,3.000,3.000,3.000,3.000,3.000,3.000,3.000,3.000,3.162,2.236,2.000,2.000,2.000,2.000,2.000,2.000,2.000,2.000,2.000,2.000,2.000,2.000,2.000,2.000,2.000,2.000,2.000,2.000,2.000,2.000,2.000,2.000,2.236,1.414,1.000,1.000,1.000,1.000,1.000,1.000,1.000,1.000,1.000,1.000,1.000,1.000,1.000,1.000,1.000,1.000,1.000,1.000,1.000,1.000,1.000,1.000,1.414,1.000,-1.000,-1.000,-1.000,-1.000,-1.000,-1.000,-1.000,-1.000,-1.000,-1.000,-1.000,-1.000,-1.000,-1.000,-1.000,-1.000,-1.000,-1.000,-1.000,-1.000,-1.000,-1.000,1.000,1.414,1.000,1.000,-1.000,-1.414,-2.000,-2.000,-2.000,-2.000,-2.000,-2.000,-2.000,-2.000,-2.000,-2.000,-2.000,-2.000,-2.000,-2.000,-2.000,-2.000,-2.000,-1.000,1.000,2.236,2.000,1.414,1.000,-1.000,-1.414,-2.236,-2.828,-3.000,-3.000,-3.000,-3.000,-3.000,-3.000,-3.000,-3.000,-2.828,-2.236,-2.000,-2.000,-2.000,-2.000,-1.000,1.000,3.162,2.828,2.236,1.414,1.000,-1.000,-1.414,-2.236,-2.828,-3.606,-4.000,-4.000,-3.606,-3.162,-2.828,-2.236,-2.000,-1.414,-1.000,-1.000,-1.000,-1.000,-1.000,1.000,4.123,3.606,2.828,2.236,1.414,1.000,-1.000,-1.414,-2.236,-2.828,-3.606,-3.606,-2.828,-2.236,-2.000,-1.414,-1.000,-1.000,1.000,1.000,1.000,1.000,1.000,1.414,5.000,4.243,3.606,2.828,2.236,1.414,1.000,-1.000,-1.414,-2.236,-2.828,-2.828,-2.236,-1.414,-1.000,-1.000,1.000,1.000,1.414,2.000,2.000,2.000,2.000,2.236,5.657,5.000,4.243,3.606,2.828,2.236,1.414,1.000,-1.000,-1.414,-2.236,-2.236,-1.414,-1.000,1.000,1.000,1.414,2.000,2.236,2.828,3.000,3.000,3.000,3.162,6.403,5.657,5.000,4.243,3.606,2.828,2.236,1.414,1.000,-1.000,-1.414,-1.414,-1.000,1.000,1.414,2.000,2.236,2.828,3.162,3.606,4.000,4.000,4.000,4.123,7.071,6.403,5.657,5.000,4.243,3.606,2.828,2.236,1.414,1.000,-1.000,-1.000,1.000,1.414,2.236,2.828,3.162,3.606,4.123,4.472,5.000,5.000,5.000,5.099,7.810,7.071,6.403,5.657,5.000,4.243,3.606,2.828,2.236,1.414,1.000,1.000,1.414,2.236,2.828,3.606,4.123,4.472,5.000,5.385,5.831,6.000,6.000,6.083,8.485,7.810,7.071,6.403,5.657,5.000,4.243,3.606,2.828,2.236,2.000,2.000,2.236,2.828,3.606,4.243,5.000,5.385,5.831,6.325,6.708,7.000,7.000,7.071,9.220,8.485,7.810,7.071,6.403,5.657,5.000,4.243,3.606,3.162,3.000,3.000,3.162,3.606,4.243,5.000,5.657,6.325,6.708,7.211,7.616,8.000,8.000,8.062,0.9075,0.0599
4.243,3.606,3.162,3.000,3.000,3.000,3.000,3.000,3.000,3.000,3.000,3.000,3.000,3.000,3.000,3.000,3.000,3.000,3.000,3.000,3.000,3.162,3.606,4.243,3.606,2.828,2.236,2.000,2.000,2.000,2.000,2.000,2.000,2.000,2.000,2.000,2.000,2.000,2.000,2.000,2.000,2.000,2.000,2.000,2.000,2.236,2.828,3.606,3.162,2.236,1.414,1.000,1.000,1.000,1.000,1.000,1.000,1.000,1.000,1.000,1.000,1.000,1.000,1.000,1.000,1.000,1.000,1.000,1.000,1.414,2.236,3.162,3.000,2.000,1.000,-1.000,-1.000,-1.000,-1.000,-1.000,-1.000,-1.000,-1.000,-1.000,-1.000,-1.000,-1.000,-1.000,-1.000,-1.000,-1.000,-1.000,-1.000,1.000,2.000,3.000,3.162,2.236,1.414,1.000,-1.000,-1.000,-1.414,-2.000,-2.000,-2.000,-2.000,-2.000,-2.000,-2.000,-2.000,-2.000,-2.000,-1.414,-1.000,-1.000,1.000,1.414,2.236,3.162,3.606,2.828,2.236,1.414,1.000,1.000,-1.000,-1.414,-2.000,-2.236,-2.828,-3.000,-2.828,-2.236,-1.414,-1.000,-1.000,-1.000,1.000,1.000,1.414,2.236,2.828,3.606,4.243,3.606,2.828,2.236,2.000,1.414,1.000,-1.000,-1.000,-1.414,-2.236,-2.236,-2.000,-1.414,-1.000,1.000,1.000,1.000,1.414,2.000,2.236,2.828,3.606,4.243,5.000,4.243,3.606,3.162,2.828,2.236,1.414,1.000,1.000,-1.000,-1.414,-1.414,-1.000,-1.000,1.000,1.414,2.000,2.000,2.236,2.828,3.162,3.606,4.243,5.000,5.657,5.000,4.472,4.123,3.606,2.828,2.236,2.000,1.414,1.000,-1.000,-1.000,1.000,1.000,1.414,2.236,2.828,3.000,3.162,3.606,4.123,4.472,5.000,5.657,6.403,5.831,5.385,5.000,4.243,3.606,3.162,2.828,2.236,1.414,1.000,1.000,1.414,2.000,2.236,2.828,3.606,4.000,4.123,4.472,5.000,5.385,5.831,6.403,7.211,6.708,6.325,5.657,5.000,4.472,4.123,3.606,2.828,2.236,2.000,2.000,2.236,2.828,3.162,3.606,4.243,5.000,5.099,5.385,5.831,6.325,6.708,7.211,8.062,7.616,7.071,6.403,5.831,5.385,5.000,4.243,3.606,3.162,3.000,3.000,3.162,3.606,4.123,4.472,5.000,5.657,6.083,6.325,6.708,7.211,7.616,8.062,8.944,8.485,7.810,7.211,6.708,6.325,5.657,5.000,4.472,4.123,4.000,4.000,4.123,4.472,5.000,5.385,5.831,6.403,7.071,7.280,7.616,8.062,8.544,8.944,9.849,9.220,8.602,8.062,7.616,7.071,6.403,5.831,5.385,5.099,5.000,5.000,5.099,5.385,5.831,6.325,6.708,7.211,7.810,8.246,8.544,8.944,9.434,9.849,10.630,10.000,9.434,8.944,8.485,7.810,7.211,6.708,6.325,6.083,6.000,6.000,6.083,6.325,6.708,7.211,7.616,8.062,8.602,9.220,9.487,9.849,10.296,10.770,11.402,10.817,10.296,9.849,9.220,8.602,8.062,7.616,7.280,7.071,7.000,7.000,7.071,7.280,7.616,8.062,8.544,8.944,9.434,10.000,10.440,10.770,11.180,11.662,0.5856,-0.1993
7.211,6.403,5.657,5.000,4.472,4.123,4.000,4.000,4.000,4.000,4.000,4.000,4.000,4.000,4.000,4.000,4.000,4.000,4.000,4.123,4.472,5.000,5.657,6.403,6.708,5.831,5.000,4.243,3.606,3.162,3.000,3.000,3.000,3.000,3.000,3.000,3.000,3.000,3.000,3.000,3.000,3.000,3.000,3.162,3.606,4.243,5.000,5.831,6.325,5.385,4.472,3.606,2.828,2.236,2.000,2.000,2.000,2.000,2.000,2.000,2.000,2.000,2.000,2.000,2.000,2.000,2.000,2.236,2.828,3.606,4.472,5.385,6.083,5.099,4.123,3.162,2.236,1.414,1.000,1.000,1.000,1.000,1.000,1.000,1.000,1.000,1.000,1.000,1.000,1.000,1.000,1.414,2.236,3.162,4.123,5.099,6.000,5.000,4.000,3.000,2.000,1.000,-1.000,-1.000,-1.000,-1.000,-1.000,-1.000,-1.000,-1.000,-1.000,-1.000,-1.000,-1.000,-1.000,1.000,2.000,3.000,4.000,5.000,6.083,5.099,4.123,3.162,2.236,1.414,1.000,1.000,-1.000,-1.414,-2.000,-2.000,-2.000,-2.000,-1.414,-1.000,-1.000,-1.000,-1.000,1.000,2.000,3.000,4.000,5.000,6.325,5.385,4.472,3.606,2.828,2.236,2.000,1.414,1.000,-1.000,-1.414,-2.236,-1.414,-1.000,-1.000,1.000,1.000,1.000,1.000,1.414,2.236,3.162,4.123,5.099,6.708,5.831,5.000,4.243,3.606,3.162,2.828,2.236,1.414,1.000,-1.000,-1.414,-1.000,1.000,1.000,1.414,2.000,2.000,2.000,2.236,2.828,3.606,4.472,5.385,7.211,6.403,5.657,5.000,4.472,4.123,3.606,2.828,2.236,1.414,1.000,-1.000,1.000,1.414,2.000,2.236,2.828,3.000,3.000,3.162,3.606,4.243,5.000,5.831,7.810,7.071,6.403,5.831,5.385,5.000,4.243,3.606,2.828,2.236,1.414,1.000,1.414,2.236,2.828,3.162,3.606,4.000,4.000,4.123,4.472,5.000,5.657,6.403,8.485,7.810,7.211,6.708,6.325,5.657,5.000,4.243,3.606,2.828,2.236,2.000,2.236,2.828,3.606,4.123,4.472,5.000,5.000,5.099,5.385,5.831,6.403,7.071,9.220,8.602,8.062,7.616,7.071,6.403,5.657,5.000,4.243,3.606,3.162,3.000,3.162,3.606,4.243,5.000,5.385,5.831,6.000,6.083,6.325,6.708,7.211,7.810,10.000,9.434,8.944,8.485,7.810,7.071,6.403,5.657,5.000,4.472,4.123,4.000,4.123,4.472,5.000,5.657,6.325,6.708,7.000,7.071,7.280,7.616,8.062,8.602,10.817,10.296,9.849,9.220,8.485,7.810,7.071,6.403,5.831,5.385,5.099,5.000,5.099,5.385,5.831,6.403,7.071,7.616,8.000,8.062,8.246,8.544,8.944,9.434,11.662,11.180,10.630,9.899,9.220,8.485,7.810,7.211,6.708,6.325,6.083,6.000,6.083,6.325,6.708,7.211,7.810,8.485,8.944,9.055,9.220,9.487,9.849,10.296,12.530,12.042,11.314,10.630,9.899,9.220,8.602,8.062,7.616,7.280,7.071,7.000,7.071,7.280,7.616,8.062,8.602,9.220,9.849,10.050,10.198,10.440,10.770,11.180,0.6828,0.0051
5.099,5.000,5.000,5.000,5.000,5.000,5.000,5.000,5.000,5.000,5.000,5.000,5.000,5.000,5.000,5.000,5.000,5.000,5.000,5.000,5.000,5.000,5.000,5.099,4.123,4.000,4.000,4.000,4.000,4.000,4.000,4.000,4.000,4.000,4.000,4.000,4.000,4.000,4.000,4.000,4.000,4.000,4.000,4.000,4.000,4.000,4.000,4.123,3.162,3.000,3.000,3.000,3.000,3.000,3.000,3.000,3.000,3.000,3.000,3.000,3.000,3.000,3.000,3.000,3.000,3.000,3.000,3.000,3.000,3.000,3.000,3.162,2.236,2.000,2.000,2.000,2.000,2.000,2.000,2.000,2.000,2.000,2.000,2.000,2.000,2.000,2.000,2.000,2.000,2.000,2.000,2.000,2.000,2.000,2.000,2.236,1.414,1.000,1.000,1.000,1.000,1.000,1.000,1.000,1.000,1.000,1.000,1.000,1.000,1.000,1.000,1.000,1.000,1.000,1.000,1.000,1.000,1.000,1.000,1.414,1.000,-1.000,-1.000,-1.000,-1.000,-1.000,-1.000,-1.000,-1.000,-1.000,-1.000,-1.000,-1.000,-1.000,-1.000,-1.000,-1.000,-1.000,-1.000,-1.000,-1.000,-1.000,-1.000,1.000,1.414,1.000,-1.000,-1.414,-2.000,-2.000,-2.000,-2.000,-2.000,-2.000,-2.000,-2.000,-2.000,-2.000,-2.000,-2.000,-2.000,-2.000,-2.000,-2.000,-1.414,-1.000,-1.000,1.000,2.236,1.414,1.000,-1.000,-1.414,-2.236,-2.828,-3.000,-3.000,-3.000,-3.000,-3.000,-3.000,-3.000,-2.828,-2.236,-2.000,-2.000,-1.414,-1.000,-1.000,1.000,1.000,1.414,2.828,2.236,1.414,1.000,-1.000,-1.414,-2.000,-2.000,-2.236,-2.828,-2.828,-2.236,-2.000,-2.000,-2.000,-1.414,-1.000,-1.000,-1.000,1.000,1.000,1.414,2.000,2.236,3.606,2.828,2.236,1.414,1.000,-1.000,-1.000,-1.000,-1.414,-2.000,-2.000,-1.414,-1.000,-1.000,-1.000,-1.000,1.000,1.000,1.000,1.414,2.000,2.236,2.828,3.162,4.243,3.606,2.828,2.236,1.414,1.000,1.000,1.000,-1.000,-1.000,-1.000,-1.000,1.000,1.000,1.000,1.000,1.414,2.000,2.000,2.236,2.828,3.162,3.606,4.123,5.000,4.243,3.606,2.828,2.236,2.000,2.000,1.414,1.000,1.000,1.000,1.000,1.414,2.000,2.000,2.000,2.236,2.828,3.000,3.162,3.606,4.123,4.472,5.000,5.657,5.000,4.243,3.606,3.162,3.000,2.828,2.236,2.000,2.000,2.000,2.000,2.236,2.828,3.000,3.000,3.162,3.606,4.000,4.123,4.472,5.000,5.385,5.831,6.403,5.657,5.000,4.472,4.123,4.000,3.606,3.162,3.000,3.000,3.000,3.000,3.162,3.606,4.000,4.000,4.123,4.472,5.000,5.099,5.385,5.831,6.325,6.708,7.071,6.403,5.831,5.385,5.099,5.000,4.472,4.123,4.000,4.000,4.000,4.000,4.123,4.472,5.000,5.000,5.099,5.385,5.831,6.083,6.325,6.708,7.211,7.616,7.810,7.211,6.708,6.325,6.083,5.831,5.385,5.099,5.000,5.000,5.000,5.000,5.099,5.385,5.831,6.000,6.083,6.325,6.708,7.071,7.280,7.616,8.062,8.544,0.4943,-0.1491
7.211,6.708,6.325,6.083,6.000,6.000,6.000,6.000,6.000,6.000,6.000,6.000,6.000,6.000,6.000,6.000,6.000,6.000,6.000,6.000,6.083,6.325,6.708,7.211,6.403,5.831,5.385,5.099,5.000,5.000,5.000,5.000,5.000,5.000,5.000,5.000,5.000,5.000,5.000,5.000,5.000,5.000,5.000,5.000,5.099,5.385,5.831,6.403,5.657,5.000,4.472,4.123,4.000,4.000,4.000,4.000,4.000,4.000,4.000,4.000,4.000,4.000,4.000,4.000,4.000,4.000,4.000,4.000,4.123,4.472,5.000,5.657,5.000,4.243,3.606,3.162,3.000,3.000,3.000,3.000,3.000,3.000,3.000,3.000,3.000,3.000,3.000,3.000,3.000,3.000,3.000,3.000,3.162,3.606,4.243,5.000,4.472,3.606,2.828,2.236,2.000,2.000,2.000,2.000,2.000,2.000,2.000,2.000,2.000,2.000,2.000,2.000,2.000,2.000,2.000,2.000,2.236,2.828,3.606,4.472,4.123,3.162,2.236,1.414,1.000,1.000,1.000,1.000,1.000,1.000,1.000,1.000,1.000,1.000,1.000,1.000,1.000,1.000,1.000,1.000,1.414,2.236,3.162,4.123,4.000,3.000,2.000,1.000,-1.000,-1.000,-1.000,-1.000,-1.000,-1.000,-1.000,-1.000,-1.000,-1.000,-1.000,-1.000,-1.000,-1.000,-1.000,-1.000,1.000,2.000,3.000,4.000,4.123,3.162,2.236,1.414,1.000,1.000,-1.000,-1.414,-2.000,-2.000,-2.000,-2.000,-2.000,-2.000,-2.000,-2.000,-2.000,-2.000,-2.000,-1.000,1.000,2.000,3.000,4.000,4.472,3.606,2.828,2.236,2.000,1.414,1.000,-1.000,-1.414,-2.236,-3.000,-3.000,-3.000,-3.000,-3.000,-3.000,-3.000,-3.000,-2.000,-1.000,1.000,2.000,3.000,4.000,5.000,4.243,3.606,3.162,2.828,2.236,1.414,1.000,-1.000,-2.000,-2.828,-3.606,-3.606,-3.162,-3.000,-2.828,-2.236,-2.000,-2.000,-1.000,1.000,2.000,3.000,4.000,5.657,5.000,4.472,4.123,3.606,2.828,2.000,1.000,-1.000,-1.414,-2.236,-2.828,-2.828,-2.236,-2.000,-2.000,-1.414,-1.000,-1.000,-1.000,1.000,2.000,3.000,4.000,6.403,5.831,5.385,5.000,4.123,3.162,2.236,1.414,1.000,-1.000,-1.414,-2.236,-2.236,-1.414,-1.000,-1.000,-1.000,1.000,1.000,1.000,1.414,2.236,3.162,4.123,7.211,6.708,6.325,5.385,4.472,3.606,2.828,2.236,1.414,1.000,-1.000,-2.000,-1.414,-1.000,1.000,1.000,1.000,1.414,2.000,2.000,2.236,2.828,3.606,4.472,8.062,7.616,6.708,5.831,5.000,4.243,3.606,2.828,2.000,1.000,-1.000,-1.000,-1.000,1.000,1.414,2.000,2.000,2.236,2.828,3.000,3.162,3.606,4.243,5.000,8.944,8.062,7.211,6.403,5.657,5.000,4.123,3.162,2.236,1.414,1.000,1.000,1.000,1.414,2.236,2.828,3.000,3.162,3.606,4.000,4.123,4.472,5.000,5.657,9.434,8.602,7.810,7.071,6.325,5.385,4.472,3.606,2.828,2.236,2.000,2.000,2.000,2.236,2.828,3.606,4.000,4.123,4.472,5.000,5.099,5.385,5.831,6.403,0.8941,0.0509
6.403,5.831,5.385,5.099,5.000,5.000,5.000,5.000,5.000,5.000,5.000,5.000,5.000,5.000,5.000,5.000,5.000,5.000,5.000,5.000,5.000,5.099,5.385,5.831,5.657,5.000,4.472,4.123,4.000,4.000,4.000,4.000,4.000,4.000,4.000,4.000,4.000,4.000,4.000,4.000,4.000,4.000,4.000,4.000,4.000,4.123,4.472,5.000,5.000,4.243,3.606,3.162,3.000,3.000,3.000,3.000,3.000,3.000,3.000,3.000,3.000,3.000,3.000,3.000,3.000,3.000,3.000,3.000,3.000,3.162,3.606,4.243,4.472,3.606,2.828,2.236,2.000,2.000,2.000,2.000,2.000,2.000,2.000,2.000,2.000,2.000,2.000,2.000,2.000,2.000,2.000,2.000,2.000,2.236,2.828,3.606,4.123,3.162,2.236,1.414,1.000,1.000,1.000,1.000,1.000,1.000,1.000,1.000,1.000,1.000,1.000,1.000,1.000,1.000,1.000,1.000,1.000,1.414,2.236,3.162,4.000,3.000,2.000,1.000,-1.000,-1.000,-1.000,-1.000,-1.000,-1.000,-1.000,-1.000,-1.000,-1.000,-1.000,-1.000,-1.000,-1.000,-1.000,-1.000,-1.000,1.000,2.000,3.000,4.123,3.162,2.236,1.414,1.000,-1.000,-1.414,-2.000,-2.000,-2.000,-2.000,-2.000,-2.000,-2.000,-2.000,-1.414,-1.000,-1.000,-1.000,1.000,1.000,1.414,2.236,3.162,4.472,3.606,2.828,2.236,1.414,1.000,-1.000,-1.000,-1.414,-2.000,-2.236,-2.236,-2.000,-1.414,-1.000,-1.000,1.000,1.000,1.000,1.414,2.000,2.236,2.828,3.606,5.000,4.243,3.606,2.828,2.236,1.414,1.000,1.000,-1.000,-1.000,-1.414,-1.414,-1.000,-1.000,1.000,1.000,1.414,2.000,2.000,2.236,2.828,3.162,3.606,4.243,5.657,5.000,4.243,3.606,2.828,2.236,2.000,1.414,1.000,1.000,-1.000,-1.000,1.000,1.000,1.414,2.000,2.236,2.828,3.000,3.162,3.606,4.123,4.472,5.000,6.403,5.657,5.000,4.243,3.606,3.162,2.828,2.236,2.000,1.414,1.000,1.000,1.414,2.000,2.236,2.828,3.162,3.606,4.000,4.123,4.472,5.000,5.385,5.831,7.071,6.403,5.657,5.000,4.472,4.123,3.606,3.162,2.828,2.236,2.000,2.000,2.236,2.828,3.162,3.606,4.123,4.472,5.000,5.099,5.385,5.831,6.325,6.708,7.810,7.071,6.403,5.831,5.385,5.000,4.472,4.123,3.606,3.162,3.000,3.000,3.162,3.606,4.123,4.472,5.000,5.385,5.831,6.083,6.325,6.708,7.211,7.616,8.485,7.810,7.211,6.708,6.325,5.831,5.385,5.000,4.472,4.123,4.000,4.000,4.123,4.472,5.000,5.385,5.831,6.325,6.708,7.071,7.280,7.616,8.062,8.544,9.220,8.602,8.062,7.616,7.211,6.708,6.325,5.831,5.385,5.099,5.000,5.000,5.099,5.385,5.831,6.325,6.708,7.211,7.616,8.062,8.246,8.544,8.944,9.434,10.000,9.434,8.944,8.544,8.062,7.616,7.211,6.708,6.325,6.083,6.000,6.000,6.083,6.325,6.708,7.211,7.616,8.062,8.544,8.944,9.220,9.487,9.849,10.296,0.4771,-0.1004
4.472,4.123,4.000,4.000,4.000,4.000,4.000,4.000,4.000,4.000,4.000,4.000,4.000,4.000,4.000,4.000,4.000,4.000,4.000,4.000,4.000,4.000,4.123,4.472,3.606,3.162,3.000,3.000,3.000,3.000,3.000,3.000,3.000,3.000,3.000,3.000,3.000,3.000,3.000,3.000,3.000,3.000,3.000,3.000,3.000,3.000,3.162,3.606,2.828,2.236,2.000,2.000,2.000,2.000,2.000,2.000,2.000,2.000,2.000,2.000,2.000,2.000,2.000,2.000,2.000,2.000,2.000,2.000,2.000,2.000,2.236,2.828,2.236,1.414,1.000,1.000,1.000,1.000,1.000,1.000,1.000,1.000,1.000,1.000,1.000,1.000,1.000,1.000,1.000,1.000,1.000,1.000,1.000,1.000,1.414,2.236,2.000,1.000,-1.000,-1.000,-1.000,-1.000,-1.000,-1.000,-1.000,-1.000,-1.000,-1.000,-1.000,-1.000,-1.000,-1.000,-1.000,-1.000,-1.000,-1.000,-1.000,-1.000,1.000,2.000,2.236,1.414,1.000,-1.000,-1.414,-2.000,-2.000,-2.000,-2.000,-2.000,-2.000,-2.000,-2.000,-2.000,-2.000,-2.000,-2.000,-2.000,-2.000,-2.000,-2.000,-1.000,1.000,2.000,2.828,2.236,1.414,1.000,-1.000,-1.000,-1.414,-2.000,-2.236,-2.828,-3.000,-3.000,-3.000,-3.000,-3.000,-2.828,-2.236,-2.000,-2.000,-2.000,-1.414,-1.000,1.000,2.000,3.606,2.828,2.236,1.414,1.000,1.000,-1.000,-1.000,-1.414,-2.000,-2.000,-2.000,-2.000,-2.000,-2.000,-2.000,-1.414,-1.000,-1.000,-1.000,-1.000,1.000,1.414,2.236,4.243,3.606,2.828,2.236,2.000,1.414,1.000,1.000,-1.000,-1.000,-1.000,-1.000,-1.000,-1.000,-1.000,-1.000,-1.000,1.000,1.000,1.000,1.000,1.414,2.236,2.828,5.000,4.243,3.606,3.162,2.828,2.236,2.000,1.414,1.000,1.000,1.000,1.000,1.000,1.000,1.000,1.000,1.000,1.414,2.000,2.000,2.000,2.236,2.828,3.606,5.657,5.000,4.472,4.123,3.606,3.162,2.828,2.236,2.000,2.000,2.000,2.000,2.000,2.000,2.000,2.000,2.000,2.236,2.828,3.000,3.000,3.162,3.606,4.243,6.403,5.831,5.385,5.000,4.472,4.123,3.606,3.162,3.000,3.000,3.000,3.000,3.000,3.000,3.000,3.000,3.000,3.162,3.606,4.000,4.000,4.123,4.472,5.000,7.211,6.708,6.325,5.831,5.385,5.000,4.472,4.123,4.000,4.000,4.000,4.000,4.000,4.000,4.000,4.000,4.000,4.123,4.472,5.000,5.000,5.099,5.385,5.831,8.062,7.616,7.211,6.708,6.325,5.831,5.385,5.099,5.000,5.000,5.000,5.000,5.000,5.000,5.000,5.000,5.000,5.099,5.385,5.831,6.000,6.083,6.325,6.708,8.944,8.544,8.062,7.616,7.211,6.708,6.325,6.083,6.000,6.000,6.000,6.000,6.000,6.000,6.000,6.000,6.000,6.083,6.325,6.708,7.000,7.071,7.280,7.616,9.849,9.434,8.944,8.544,8.062,7.616,7.280,7.071,7.000,7.000,7.000,7.000,7.000,7.000,7.000,7.000,7.000,7.071,7.280,7.616,8.000,8.062,8.246,8.544,0.7397,-0.1692
6.083,6.000,6.000,6.000,6.000,6.000,6.000,6.000,6.000,6.000,6.000,6.000,6.000,6.000,6.000,6.000,6.000,6.000,6.000,6.000,6.000,6.000,6.000,6.083,5.099,5.000,5.000,5.000,5.000,5.000,5.000,5.000,5.000,5.000,5.000,5.000,5.000,5.000,5.000,5.000,5.000,5.000,5.000,5.000,5.000,5.000,5.000,5.099,4.123,4.000,4.000,4.000,4.000,4.000,4.000,4.000,4.000,4.000,4.000,4.000,4.000,4.000,4.000,4.000,4.000,4.000,4.000,4.000,4.000,4.000,4.000,4.123,3.162,3.000,3.000,3.000,3.000,3.000,3.000,3.000,3.000,3.000,3.000,3.000,3.000,3.000,3.000,3.000,3.000,3.000,3.000,3.000,3.000,3.000,3.000,3.162,2.236,2.000,2.000,2.000,2.000,2.000,2.000,2.000,2.000,2.000,2.000,2.000,2.000,2.000,2.000,2.000,2.000,2.000,2.000,2.000,2.000,2.000,2.000,2.236,1.414,1.000,1.000,1.000,1.000,1.000,1.000,1.000,1.000,1.000,1.000,1.000,1.000,1.000,1.000,1.000,1.000,1.000,1.000,1.000,1.000,1.000,1.000,1.414,1.000,-1.000,-1.000,-1.000,-1.000,-1.000,-1.000,-1.000,-1.000,-1.000,-1.000,-1.000,-1.000,-1.000,-1.000,-1.000,-1.000,-1.000,-1.000,-1.000,-1.000,-1.000,-1.000,1.000,1.414,1.000,1.000,-1.000,-1.414,-2.000,-2.000,-2.000,-2.000,-2.000,-2.000,-2.000,-2.000,-2.000,-2.000,-2.000,-2.000,-2.000,-2.000,-2.000,-2.000,-2.000,-1.000,1.000,2.236,2.000,1.414,1.000,-1.000,-1.414,-2.236,-3.000,-3.000,-3.000,-3.000,-3.000,-3.000,-3.000,-3.000,-3.000,-3.000,-3.000,-3.000,-3.000,-3.000,-2.000,-1.000,1.000,3.162,2.828,2.236,1.414,1.000,-1.000,-2.000,-2.828,-3.606,-4.000,-4.000,-4.000,-4.000,-4.000,-4.000,-4.000,-4.000,-4.000,-4.000,-4.000,-3.000,-2.000,-1.000,1.000,4.123,3.606,2.828,2.000,1.000,-1.000,-1.414,-2.236,-2.828,-3.606,-4.472,-5.000,-5.000,-5.000,-5.000,-5.000,-5.000,-5.000,-5.000,-4.000,-3.000,-2.000,-1.000,1.000,5.000,4.123,3.162,2.236,1.414,1.000,-1.000,-1.414,-2.236,-3.162,-4.123,-5.000,-5.657,-5.000,-4.472,-4.123,-4.000,-4.000,-4.000,-4.000,-3.000,-2.000,-1.000,1.000,5.385,4.472,3.606,2.828,2.236,1.414,1.000,-1.000,-2.000,-2.828,-3.606,-4.472,-5.000,-4.243,-3.606,-3.162,-3.000,-3.000,-3.000,-3.000,-2.828,-2.000,-1.000,1.000,5.831,5.000,4.243,3.606,2.828,2.000,1.000,-1.000,-1.414,-2.236,-3.162,-4.123,-4.472,-3.606,-2.828,-2.236,-2.000,-2.000,-2.000,-2.000,-2.000,-1.414,-1.000,1.000,6.403,5.657,5.000,4.123,3.162,2.236,1.414,1.000,-1.000,-2.000,-3.000,-4.000,-4.123,-3.162,-2.236,-1.414,-1.000,-1.000,-1.000,-1.000,-1.000,-1.000,1.000,1.414,7.071,6.325,5.385,4.472,3.606,2.828,2.000,1.000,-1.000,-2.000,-3.000,-4.000,-4.000,-3.000,-2.000,-1.000,1.000,1.000,1.000,1.000,1.000,1.000,1.414,2.236,1.2675,0.1745
7.071,6.403,5.831,5.385,5.099,5.000,5.000,5.000,5.000,5.000,5.000,5.000,5.000,5.000,5.000,5.000,5.000,5.000,5.000,5.099,5.385,5.831,6.403,7.071,6.403,5.657,5.000,4.472,4.123,4.000,4.000,4.000,4.000,4.000,4.000,4.000,4.000,4.000,4.000,4.000,4.000,4.000,4.000,4.123,4.472,5.000,5.657,6.403,5.831,5.000,4.243,3.606,3.162,3.000,3.000,3.000,3.000,3.000,3.000,3.000,3.000,3.000,3.000,3.000,3.000,3.000,3.000,3.162,3.606,4.243,5.000,5.831,5.385,4.472,3.606,2.828,2.236,2.000,2.000,2.000,2.000,2.000,2.000,2.000,2.000,2.000,2.000,2.000,2.000,2.000,2.000,2.236,2.828,3.606,4.472,5.385,5.099,4.123,3.162,2.236,1.414,1.000,1.000,1.000,1.000,1.000,1.000,1.000,1.000,1.000,1.000,1.000,1.000,1.000,1.000,1.414,2.236,3.162,4.123,5.099,5.000,4.000,3.000,2.000,1.000,-1.000,-1.000,-1.000,-1.000,-1.000,-1.000,-1.000,-1.000,-1.000,-1.000,-1.000,-1.000,-1.000,-1.000,1.000,2.000,3.000,4.000,5.000,5.099,4.123,3.162,2.236,1.414,1.000,-1.000,-1.414,-2.000,-2.000,-2.000,-2.000,-2.000,-2.000,-2.000,-2.000,-2.000,-2.000,-1.000,1.000,2.000,3.000,4.000,5.000,5.385,4.472,3.606,2.828,2.236,1.414,1.000,-1.000,-2.000,-2.828,-3.000,-3.000,-3.000,-3.000,-3.000,-3.000,-3.000,-2.000,-1.000,1.000,2.000,3.000,4.000,5.000,5.831,5.000,4.243,3.606,2.828,2.000,1.000,-1.000,-1.414,-2.236,-3.162,-4.000,-4.000,-4.000,-4.000,-4.000,-3.000,-2.000,-1.000,1.000,2.000,3.000,4.000,5.000,6.403,5.657,5.000,4.123,3.162,2.236,1.414,1.000,-1.000,-2.000,-2.828,-3.606,-4.243,-3.606,-3.162,-3.000,-3.000,-2.000,-1.000,1.000,2.000,3.000,4.000,5.000,7.071,6.325,5.385,4.472,3.606,2.828,2.000,1.000,-1.000,-1.414,-2.236,-3.162,-3.606,-2.828,-2.236,-2.000,-2.000,-2.000,-1.000,1.000,2.000,3.000,4.000,5.000,7.616,6.708,5.831,5.000,4.123,3.162,2.236,1.414,1.000,-1.000,-2.000,-2.828,-2.828,-2.236,-1.414,-1.000,-1.000,-1.000,-1.000,1.000,2.000,3.000,4.000,5.000,8.062,7.211,6.325,5.385,4.472,3.606,2.828,2.000,1.000,-1.000,-1.414,-2.236,-2.236,-1.414,-1.000,1.000,1.000,1.000,1.000,1.414,2.236,3.162,4.123,5.099,8.544,7.616,6.708,5.831,5.000,4.123,3.162,2.236,1.414,1.000,-1.000,-2.000,-1.414,-1.000,1.000,1.414,2.000,2.000,2.000,2.236,2.828,3.606,4.472,5.385,8.944,8.062,7.211,6.325,5.385,4.472,3.606,2.828,2.000,1.000,-1.000,-1.000,-1.000,1.000,1.414,2.236,2.828,3.000,3.000,3.162,3.606,4.243,5.000,5.831,9.434,8.544,7.616,6.708,5.831,5.000,4.123,3.162,2.236,1.414,1.000,1.000,1.000,1.414,2.236,2.828,3.606,4.000,4.000,4.123,4.472,5.000,5.657,6.403,1.1053,0.0387
5.657,5.000,4.472,4.123,4.000,4.000,4.000,4.000,4.000,4.000,4.000,4.000,4.000,4.000,4.000,4.000,4.000,4.000,4.000,4.000,4.000,4.123,4.472,5.000,5.000,4.243,3.606,3.162,3.000,3.000,3.000,3.000,3.000,3.000,3.000,3.000,3.000,3.000,3.000,3.000,3.000,3.000,3.000,3.000,3.000,3.162,3.606,4.243,4.472,3.606,2.828,2.236,2.000,2.000,2.000,2.000,2.000,2.000,2.000,2.000,2.000,2.000,2.000,2.000,2.000,2.000,2.000,2.000,2.000,2.236,2.828,3.606,4.123,3.162,2.236,1.414,1.000,1.000,1.000,1.000,1.000,1.000,1.000,1.000,1.000,1.000,1.000,1.000,1.000,1.000,1.000,1.000,1.000,1.414,2.236,3.162,4.000,3.000,2.000,1.000,-1.000,-1.000,-1.000,-1.000,-1.000,-1.000,-1.000,-1.000,-1.000,-1.000,-1.000,-1.000,-1.000,-1.000,-1.000,-1.000,-1.000,1.000,2.000,3.000,4.123,3.162,2.236,1.414,1.000,1.000,-1.000,-1.000,-1.414,-2.000,-2.000,-2.000,-2.000,-2.000,-2.000,-1.414,-1.000,-1.000,-1.000,1.000,1.000,1.414,2.236,3.162,4.472,3.606,2.828,2.236,2.000,1.414,1.000,1.000,-1.000,-1.000,-1.414,-2.000,-1.414,-1.000,-1.000,-1.000,1.000,1.000,1.000,1.414,2.000,2.236,2.828,3.606,5.000,4.243,3.606,3.162,2.828,2.236,2.000,1.414,1.000,1.000,-1.000,-1.000,-1.000,1.000,1.000,1.000,1.414,2.000,2.000,2.236,2.828,3.162,3.606,4.243,5.657,5.000,4.472,4.123,3.606,3.162,2.828,2.236,2.000,1.414,1.000,1.000,1.000,1.414,2.000,2.000,2.236,2.828,3.000,3.162,3.606,4.123,4.472,5.000,6.403,5.831,5.385,5.000,4.472,4.123,3.606,3.162,2.828,2.236,2.000,2.000,2.000,2.236,2.828,3.000,3.162,3.606,4.000,4.123,4.472,5.000,5.385,5.831,7.211,6.708,6.325,5.831,5.385,5.000,4.472,4.123,3.606,3.162,3.000,3.000,3.000,3.162,3.606,4.000,4.123,4.472,5.000,5.099,5.385,5.831,6.325,6.708,8.062,7.616,7.211,6.708,6.325,5.831,5.385,5.000,4.472,4.123,4.000,4.000,4.000,4.123,4.472,5.000,5.099,5.385,5.831,6.083,6.325,6.708,7.211,7.616,8.944,8.544,8.062,7.616,7.211,6.708,6.325,5.831,5.385,5.099,5.000,5.000,5.000,5.099,5.385,5.831,6.083,6.325,6.708,7.071,7.280,7.616,8.062,8.544,9.849,9.434,8.944,8.544,8.062,7.616,7.211,6.708,6.325,6.083,6.000,6.000,6.000,6.083,6.325,6.708,7.071,7.280,7.616,8.062,8.246,8.544,8.944,9.434,10.770,10.296,9.849,9.434,8.944,8.544,8.062,7.616,7.280,7.071,7.000,7.000,7.000,7.071,7.280,7.616,8.062,8.246,8.544,8.944,9.220,9.487,9.849,10.296,11.662,11.180,10.770,10.296,9.849,9.434,8.944,8.544,8.246,8.062,8.000,8.000,8.000,8.062,8.246,8.544,8.944,9.220,9.487,9.849,10.198,10.440,10.770,11.180,0.5397,-0.1845
6.403,5.831,5.385,5.099,5.000,5.000,5.000,5.000,5.000,5.000,5.000,5.000,5.000,5.000,5.000,5.000,5.000,5.000,5.000,5.000,5.000,5.099,5.385,5.831,5.657,5.000,4.472,4.123,4.000,4.000,4.000,4.000,4.000,4.000,4.000,4.000,4.000,4.000,4.000,4.000,4.000,4.000,4.000,4.000,4.000,4.123,4.472,5.000,5.000,4.243,3.606,3.162,3.000,3.000,3.000,3.000,3.000,3.000,3.000,3.000,3.000,3.000,3.000,3.000,3.000,3.000,3.000,3.000,3.000,3.162,3.606,4.243,4.472,3.606,2.828,2.236,2.000,2.000,2.000,2.000,2.000,2.000,2.000,2.000,2.000,2.000,2.000,2.000,2.000,2.000,2.000,2.000,2.000,2.236,2.828,3.606,4.123,3.162,2.236,1.414,1.000,1.000,1.000,1.000,1.000,1.000,1.000,1.000,1.000,1.000,1.000,1.000,1.000,1.000,1.000,1.000,1.000,1.414,2.236,3.162,4.000,3.000,2.000,1.000,-1.000,-1.000,-1.000,-1.000,-1.000,-1.000,-1.000,-1.000,-1.000,-1.000,-1.000,-1.000,-1.000,-1.000,-1.000,-1.000,-1.000,1.000,2.000,3.000,4.123,3.162,2.236,1.414,1.000,1.000,-1.000,-1.414,-2.000,-2.000,-2.000,-2.000,-2.000,-2.000,-2.000,-2.000,-2.000,-2.000,-2.000,-2.000,-1.000,1.000,2.000,3.000,4.472,3.606,2.828,2.236,2.000,1.414,1.000,-1.000,-1.414,-2.236,-2.828,-3.000,-3.000,-3.000,-3.000,-3.000,-3.000,-3.000,-3.000,-2.000,-1.000,1.000,2.000,3.000,5.000,4.243,3.606,3.162,2.828,2.236,1.414,1.000,-1.000,-1.414,-2.236,-2.828,-3.000,-2.828,-2.236,-2.000,-2.000,-2.000,-2.000,-2.000,-1.000,1.000,2.000,3.000,5.657,5.000,4.472,4.123,3.606,2.828,2.236,1.414,1.000,-1.000,-1.414,-2.000,-2.000,-2.000,-1.414,-1.000,-1.000,-1.000,-1.000,-1.000,-1.000,1.000,2.000,3.000,6.403,5.831,5.385,5.000,4.243,3.606,2.828,2.236,1.414,1.000,-1.000,-1.000,-1.000,-1.000,-1.000,1.000,1.000,1.000,1.000,1.000,1.000,1.414,2.236,3.162,7.211,6.708,6.325,5.657,5.000,4.243,3.606,2.828,2.236,1.414,1.000,1.000,1.000,1.000,1.000,1.414,2.000,2.000,2.000,2.000,2.000,2.236,2.828,3.606,8.062,7.616,7.071,6.403,5.657,5.000,4.243,3.606,2.828,2.236,2.000,2.000,2.000,2.000,2.000,2.236,2.828,3.000,3.000,3.000,3.000,3.162,3.606,4.243,8.944,8.485,7.810,7.071,6.403,5.657,5.000,4.243,3.606,3.162,3.000,3.000,3.000,3.000,3.000,3.162,3.606,4.000,4.000,4.000,4.000,4.123,4.472,5.000,9.849,9.220,8.485,7.810,7.071,6.403,5.657,5.000,4.472,4.123,4.000,4.000,4.000,4.000,4.000,4.123,4.472,5.000,5.000,5.000,5.000,5.099,5.385,5.831,10.630,9.899,9.220,8.485,7.810,7.071,6.403,5.831,5.385,5.099,5.000,5.000,5.000,5.000,5.000,5.099,5.385,5.831,6.000,6.000,6.000,6.083,6.325,6.708,0.9031,0.0221
6.708,5.831,5.000,4.243,3.606,3.162,3.000,3.000,3.000,3.000,3.000,3.000,3.000,3.000,3.000,3.000,3.000,3.000,3.000,3.162,3.606,4.243,5.000,5.831,6.325,5.385,4.472,3.606,2.828,2.236,2.000,2.000,2.000,2.000,2.000,2.000,2.000,2.000,2.000,2.000,2.000,2.000,2.000,2.236,2.828,3.606,4.472,5.385,6.083,5.099,4.123,3.162,2.236,1.414,1.000,1.000,1.000,1.000,1.000,1.000,1.000,1.000,1.000,1.000,1.000,1.000,1.000,1.414,2.236,3.162,4.123,5.099,6.000,5.000,4.000,3.000,2.000,1.000,-1.000,-1.000,-1.000,-1.000,-1.000,-1.000,-1.000,-1.000,-1.000,-1.000,-1.000,-1.000,-1.000,1.000,2.000,3.000,4.000,5.000,6.083,5.099,4.123,3.162,2.236,1.414,1.000,-1.000,-2.000,-2.000,-2.000,-2.000,-2.000,-2.000,-2.000,-2.000,-1.414,-1.000,1.000,1.414,2.236,3.162,4.123,5.099,6.325,5.385,4.472,3.606,2.828,2.000,1.000,-1.000,-1.414,-2.236,-2.828,-3.000,-3.000,-2.828,-2.236,-1.414,-1.000,1.000,1.414,2.236,2.828,3.606,4.472,5.385,6.708,5.831,5.000,4.123,3.162,2.236,1.414,1.000,-1.000,-1.414,-2.236,-3.162,-2.828,-2.236,-1.414,-1.000,1.000,1.414,2.236,2.828,3.606,4.243,5.000,5.831,7.211,6.325,5.385,4.472,3.606,2.828,2.236,1.414,1.000,-1.000,-2.000,-3.000,-2.236,-1.414,-1.000,1.000,1.414,2.236,2.828,3.606,4.243,5.000,5.657,6.403,7.616,6.708,5.831,5.000,4.243,3.606,2.828,2.000,1.000,-1.000,-2.000,-2.828,-2.000,-1.000,1.000,1.414,2.236,2.828,3.606,4.243,5.000,5.657,6.403,7.071,8.062,7.211,6.403,5.657,5.000,4.000,3.000,2.000,1.000,-1.000,-1.414,-2.236,-1.414,-1.000,1.000,2.000,2.828,3.606,4.243,5.000,5.657,6.403,7.071,7.810,8.602,7.810,7.071,6.083,5.099,4.123,3.162,2.236,1.414,1.000,-1.000,-2.000,-1.000,1.000,1.414,2.236,3.162,4.123,5.000,5.657,6.403,7.071,7.810,8.485,9.220,8.246,7.280,6.325,5.385,4.472,3.606,2.828,2.000,1.000,-1.000,-1.414,-1.000,1.000,2.000,2.828,3.606,4.472,5.385,6.325,7.071,7.810,8.485,9.220,9.487,8.544,7.616,6.708,5.831,5.000,4.123,3.162,2.236,1.414,1.000,-1.000,1.000,1.414,2.236,3.162,4.123,5.000,5.831,6.708,7.616,8.485,9.220,9.899,9.849,8.944,8.062,7.211,6.325,5.385,4.472,3.606,2.828,2.236,1.414,1.000,1.414,2.236,2.828,3.606,4.472,5.385,6.325,7.211,8.062,8.944,9.849,10.630,10.296,9.434,8.544,7.616,6.708,5.831,5.000,4.243,3.606,2.828,2.236,2.000,2.236,2.828,3.606,4.243,5.000,5.831,6.708,7.616,8.544,9.434,10.296,11.180,10.770,9.849,8.944,8.062,7.211,6.403,5.657,5.000,4.243,3.606,3.162,3.000,3.162,3.606,4.243,5.000,5.657,6.403,7.211,8.062,8.944,9.849,10.770,11.662,0.9381,-0.1746
7.810,7.211,6.708,6.325,6.083,6.000,6.000,6.000,6.000,6.000,6.000,6.000,6.000,6.000,6.000,6.000,6.000,6.000,6.000,6.000,6.083,6.325,6.708,7.211,7.071,6.403,5.831,5.385,5.099,5.000,5.000,5.000,5.000,5.000,5.000,5.000,5.000,5.000,5.000,5.000,5.000,5.000,5.000,5.000,5.099,5.385,5.831,6.403,6.403,5.657,5.000,4.472,4.123,4.000,4.000,4.000,4.000,4.000,4.000,4.000,4.000,4.000,4.000,4.000,4.000,4.000,4.000,4.000,4.123,4.472,5.000,5.657,5.831,5.000,4.243,3.606,3.162,3.000,3.000,3.000,3.000,3.000,3.000,3.000,3.000,3.000,3.000,3.000,3.000,3.000,3.000,3.000,3.162,3.606,4.243,5.000,5.385,4.472,3.606,2.828,2.236,2.000,2.000,2.000,2.000,2.000,2.000,2.000,2.000,2.000,2.000,2.000,2.000,2.000,2.000,2.000,2.236,2.828,3.606,4.472,5.099,4.123,3.162,2.236,1.414,1.000,1.000,1.000,1.000,1.000,1.000,1.000,1.000,1.000,1.000,1.000,1.000,1.000,1.000,1.000,1.414,2.236,3.162,4.123,5.000,4.000,3.000,2.000,1.000,-1.000,-1.000,-1.000,-1.000,-1.000,-1.000,-1.000,-1.000,-1.000,-1.000,-1.000,-1.000,-1.000,-1.000,-1.000,1.000,2.000,3.000,4.000,5.099,4.123,3.162,2.236,1.414,1.000,-1.000,-1.000,-1.414,-2.000,-2.000,-2.000,-2.000,-2.000,-2.000,-1.414,-1.000,-1.000,-1.000,1.000,1.414,2.236,3.162,4.123,5.385,4.472,3.606,2.828,2.236,1.414,1.000,1.000,-1.000,-1.414,-2.236,-2.236,-2.000,-1.414,-1.000,-1.000,1.000,1.000,1.000,1.414,2.236,2.828,3.606,4.472,5.831,5.000,4.243,3.606,2.828,2.236,2.000,1.414,1.000,-1.000,-1.414,-1.414,-1.000,-1.000,1.000,1.000,1.414,2.000,2.000,2.236,2.828,3.606,4.243,5.000,6.403,5.657,5.000,4.243,3.606,3.162,2.828,2.236,1.414,1.000,-1.000,-1.000,1.000,1.000,1.414,2.000,2.236,2.828,3.000,3.162,3.606,4.243,5.000,5.657,7.071,6.403,5.657,5.000,4.472,4.123,3.606,2.828,2.236,1.414,1.000,1.000,1.414,2.000,2.236,2.828,3.162,3.606,4.000,4.123,4.472,5.000,5.657,6.403,7.810,7.071,6.403,5.831,5.385,5.000,4.243,3.606,2.828,2.236,2.000,2.000,2.236,2.828,3.162,3.606,4.123,4.472,5.000,5.099,5.385,5.831,6.403,7.071,8.485,7.810,7.211,6.708,6.325,5.657,5.000,4.243,3.606,3.162,3.000,3.000,3.162,3.606,4.123,4.472,5.000,5.385,5.831,6.083,6.325,6.708,7.211,7.810,9.220,8.602,8.062,7.616,7.071,6.403,5.657,5.000,4.472,4.123,4.000,4.000,4.123,4.472,5.000,5.385,5.831,6.325,6.708,7.071,7.280,7.616,8.062,8.602,10.000,9.434,8.944,8.485,7.810,7.071,6.403,5.831,5.385,5.099,5.000,5.000,5.099,5.385,5.831,6.325,6.708,7.211,7.616,8.062,8.246,8.544,8.944,9.434,0.6444,-0.0042
7.071,6.403,5.831,5.385,5.099,5.000,5.000,5.000,5.000,5.000,5.000,5.000,5.000,5.000,5.000,5.000,5.000,5.000,5.000,5.099,5.385,5.831,6.403,7.071,6.403,5.657,5.000,4.472,4.123,4.000,4.000,4.000,4.000,4.000,4.000,4.000,4.000,4.000,4.000,4.000,4.000,4.000,4.000,4.123,4.472,5.000,5.657,6.403,5.831,5.000,4.243,3.606,3.162,3.000,3.000,3.000,3.000,3.000,3.000,3.000,3.000,3.000,3.000,3.000,3.000,3.000,3.000,3.162,3.606,4.243,5.000,5.831,5.385,4.472,3.606,2.828,2.236,2.000,2.000,2.000,2.000,2.000,2.000,2.000,2.000,2.000,2.000,2.000,2.000,2.000,2.000,2.236,2.828,3.606,4.472,5.385,5.099,4.123,3.162,2.236,1.414,1.000,1.000,1.000,1.000,1.000,1.000,1.000,1.000,1.000,1.000,1.000,1.000,1.000,1.000,1.414,2.236,3.162,4.123,5.099,5.000,4.000,3.000,2.000,1.000,-1.000,-1.000,-1.000,-1.000,-1.000,-1.000,-1.000,-1.000,-1.000,-1.000,-1.000,-1.000,-1.000,-1.000,1.000,2.000,3.000,4.000,5.000,5.099,4.123,3.162,2.236,1.414,1.000,-1.000,-1.414,-2.000,-2.000,-2.000,-2.000,-2.000,-2.000,-2.000,-2.000,-2.000,-2.000,-1.000,1.000,2.000,3.000,4.000,5.000,5.385,4.472,3.606,2.828,2.236,1.414,1.000,-1.000,-1.414,-2.236,-2.828,-3.000,-3.000,-3.000,-2.828,-2.236,-2.000,-2.000,-1.000,1.000,2.000,3.000,4.000,5.000,5.831,5.000,4.243,3.606,2.828,2.236,1.414,1.000,-1.000,-1.414,-2.236,-3.162,-2.828,-2.236,-2.000,-1.414,-1.000,-1.000,-1.000,1.000,2.000,3.000,4.000,5.000,6.403,5.657,5.000,4.243,3.606,2.828,2.236,1.414,1.000,-1.000,-2.000,-2.828,-2.236,-1.414,-1.000,-1.000,1.000,1.000,1.000,1.414,2.236,3.162,4.123,5.099,7.071,6.403,5.657,5.000,4.243,3.606,2.828,2.000,1.000,-1.000,-1.414,-2.236,-2.000,-1.000,1.000,1.000,1.414,2.000,2.000,2.236,2.828,3.606,4.472,5.385,7.810,7.071,6.403,5.657,5.000,4.123,3.162,2.236,1.414,1.000,-1.000,-2.000,-1.414,-1.000,1.000,2.000,2.236,2.828,3.000,3.162,3.606,4.243,5.000,5.831,8.485,7.810,7.071,6.325,5.385,4.472,3.606,2.828,2.000,1.000,-1.000,-1.414,-1.000,1.000,1.414,2.236,3.162,3.606,4.000,4.123,4.472,5.000,5.657,6.403,9.220,8.485,7.616,6.708,5.831,5.000,4.123,3.162,2.236,1.414,1.000,-1.000,1.000,1.414,2.236,2.828,3.606,4.472,5.000,5.099,5.385,5.831,6.403,7.071,9.849,8.944,8.062,7.211,6.325,5.385,4.472,3.606,2.828,2.236,1.414,1.000,1.414,2.236,2.828,3.606,4.243,5.000,5.831,6.083,6.325,6.708,7.211,7.810,10.296,9.434,8.544,7.616,6.708,5.831,5.000,4.243,3.606,2.828,2.236,2.000,2.236,2.828,3.606,4.243,5.000,5.657,6.403,7.071,7.280,7.616,8.062,8.602,0.9191,0.0574
5.657,5.000,4.472,4.123,4.000,4.000,4.000,4.000,4.000,4.000,4.000,4.000,4.000,4.000,4.000,4.000,4.000,4.000,4.000,4.000,4.000,4.123,4.472,5.000,5.000,4.243,3.606,3.162,3.000,3.000,3.000,3.000,3.000,3.000,3.000,3.000,3.000,3.000,3.000,3.000,3.000,3.000,3.000,3.000,3.000,3.162,3.606,4.243,4.472,3.606,2.828,2.236,2.000,2.000,2.000,2.000,2.000,2.000,2.000,2.000,2.000,2.000,2.000,2.000,2.000,2.000,2.000,2.000,2.000,2.236,2.828,3.606,4.123,3.162,2.236,1.414,1.000,1.000,1.000,1.000,1.000,1.000,1.000,1.000,1.000,1.000,1.000,1.000,1.000,1.000,1.000,1.000,1.000,1.414,2.236,3.162,4.000,3.000,2.000,1.000,-1.000,-1.000,-1.000,-1.000,-1.000,-1.000,-1.000,-1.000,-1.000,-1.000,-1.000,-1.000,-1.000,-1.000,-1.000,-1.000,-1.000,1.000,2.000,3.000,4.123,3.162,2.236,1.414,1.000,-1.000,-1.414,-2.000,-2.000,-2.000,-2.000,-2.000,-2.000,-2.000,-2.000,-2.000,-2.000,-2.000,-2.000,-2.000,-1.000,1.000,2.000,3.000,4.472,3.606,2.828,2.236,1.414,1.000,-1.000,-1.414,-2.236,-2.828,-3.000,-3.000,-3.000,-3.000,-3.000,-3.000,-3.000,-2.828,-2.236,-2.000,-1.000,1.000,2.000,3.000,5.000,4.243,3.606,2.828,2.236,1.414,1.000,-1.000,-1.414,-2.000,-2.236,-2.828,-2.828,-2.236,-2.000,-2.000,-2.000,-2.000,-1.414,-1.000,-1.000,1.000,2.000,3.000,5.657,5.000,4.243,3.606,2.828,2.236,1.414,1.000,-1.000,-1.000,-1.414,-2.000,-2.000,-1.414,-1.000,-1.000,-1.000,-1.000,-1.000,1.000,1.000,1.414,2.236,3.162,6.403,5.657,5.000,4.243,3.606,2.828,2.236,1.414,1.000,1.000,-1.000,-1.000,-1.000,-1.000,1.000,1.000,1.000,1.000,1.000,1.414,2.000,2.236,2.828,3.606,7.071,6.403,5.657,5.000,4.243,3.606,2.828,2.236,2.000,1.414,1.000,1.000,1.000,1.000,1.414,2.000,2.000,2.000,2.000,2.236,2.828,3.162,3.606,4.243,7.810,7.071,6.403,5.657,5.000,4.243,3.606,3.162,2.828,2.236,2.000,2.000,2.000,2.000,2.236,2.828,3.000,3.000,3.000,3.162,3.606,4.123,4.472,5.000,8.485,7.810,7.071,6.403,5.657,5.000,4.472,4.123,3.606,3.162,3.000,3.000,3.000,3.000,3.162,3.606,4.000,4.000,4.000,4.123,4.472,5.000,5.385,5.831,9.220,8.485,7.810,7.071,6.403,5.831,5.385,5.000,4.472,4.123,4.000,4.000,4.000,4.000,4.123,4.472,5.000,5.000,5.000,5.099,5.385,5.831,6.325,6.708,9.899,9.220,8.485,7.810,7.211,6.708,6.325,5.831,5.385,5.099,5.000,5.000,5.000,5.000,5.099,5.385,5.831,6.000,6.000,6.083,6.325,6.708,7.211,7.616,10.630,9.899,9.220,8.602,8.062,7.616,7.211,6.708,6.325,6.083,6.000,6.000,6.000,6.000,6.083,6.325,6.708,7.000,7.000,7.071,7.280,7.616,8.062,8.544,0.7916,-0.0651
5.831,5.000,4.243,3.606,3.162,3.000,3.000,3.000,3.000,3.000,3.000,3.000,3.000,3.000,3.000,3.000,3.000,3.000,3.000,3.000,3.162,3.606,4.243,5.000,5.385,4.472,3.606,2.828,2.236,2.000,2.000,2.000,2.000,2.000,2.000,2.000,2.000,2.000,2.000,2.000,2.000,2.000,2.000,2.000,2.236,2.828,3.606,4.472,5.099,4.123,3.162,2.236,1.414,1.000,1.000,1.000,1.000,1.000,1.000,1.000,1.000,1.000,1.000,1.000,1.000,1.000,1.000,1.000,1.414,2.236,3.162,4.123,5.000,4.000,3.000,2.000,1.000,-1.000,-1.000,-1.000,-1.000,-1.000,-1.000,-1.000,-1.000,-1.000,-1.000,-1.000,-1.000,-1.000,-1.000,-1.000,1.000,2.000,3.000,4.000,5.000,4.000,3.000,2.000,1.000,-1.000,-1.414,-2.000,-2.000,-2.000,-2.000,-2.000,-2.000,-2.000,-2.000,-2.000,-2.000,-1.414,-1.000,1.000,1.414,2.236,3.162,4.123,5.099,4.123,3.162,2.236,1.414,1.000,-1.000,-1.414,-2.236,-3.000,-3.000,-3.000,-3.000,-3.000,-2.828,-2.236,-1.414,-1.000,1.000,1.414,2.236,2.828,3.606,4.472,5.385,4.472,3.606,2.828,2.236,1.414,1.000,-1.000,-2.000,-2.828,-3.606,-4.000,-3.606,-2.828,-2.236,-1.414,-1.000,1.000,1.414,2.236,2.828,3.606,4.243,5.000,5.831,5.000,4.243,3.606,2.828,2.000,1.000,-1.000,-1.414,-2.236,-3.162,-3.606,-2.828,-2.236,-1.414,-1.000,1.000,1.414,2.236,2.828,3.606,4.243,5.000,5.657,6.403,5.657,5.000,4.123,3.162,2.236,1.414,1.000,-1.000,-2.000,-2.828,-3.162,-2.236,-1.414,-1.000,1.000,1.414,2.236,2.828,3.606,4.243,5.000,5.657,6.403,7.071,6.325,5.385,4.472,3.606,2.828,2.000,1.000,-1.000,-1.414,-2.236,-2.828,-2.000,-1.000,1.000,1.414,2.236,2.828,3.606,4.243,5.000,5.657,6.403,7.071,7.616,6.708,5.831,5.000,4.123,3.162,2.236,1.414,1.000,-1.000,-2.000,-2.236,-1.414,-1.000,1.000,2.000,2.828,3.606,4.243,5.000,5.657,6.403,7.071,7.810,8.062,7.211,6.325,5.385,4.472,3.606,2.828,2.000,1.000,-1.000,-1.414,-2.000,-1.000,1.000,1.414,2.236,3.162,4.123,5.000,5.657,6.403,7.071,7.810,8.485,8.544,7.616,6.708,5.831,5.000,4.123,3.162,2.236,1.414,1.000,-1.000,-1.414,-1.000,1.000,2.000,2.828,3.606,4.472,5.385,6.325,7.071,7.810,8.485,9.220,8.944,8.062,7.211,6.325,5.385,4.472,3.606,2.828,2.236,1.414,1.000,-1.000,1.000,1.414,2.236,3.162,4.123,5.000,5.831,6.708,7.616,8.485,9.220,9.899,9.434,8.544,7.616,6.708,5.831,5.000,4.243,3.606,2.828,2.236,1.414,1.000,1.414,2.236,2.828,3.606,4.472,5.385,6.325,7.211,8.062,8.944,9.849,10.630,9.849,8.944,8.062,7.211,6.403,5.657,5.000,4.243,3.606,2.828,2.236,2.000,2.236,2.828,3.606,4.243,5.000,5.831,6.708,7.616,8.544,9.434,10.296,11.180,0.9751,-0.2770
3.162,3.000,3.000,3.000,3.000,3.000,3.000,3.000,3.000,3.000,3.000,3.000,3.000,3.000,3.000,3.000,3.000,3.000,3.000,3.000,3.000,3.000,3.000,3.162,2.236,2.000,2.000,2.000,2.000,2.000,2.000,2.000,2.000,2.000,2.000,2.000,2.000,2.000,2.000,2.000,2.000,2.000,2.000,2.000,2.000,2.000,2.000,2.236,1.414,1.000,1.000,1.000,1.000,1.000,1.000,1.000,1.000,1.000,1.000,1.000,1.000,1.000,1.000,1.000,1.000,1.000,1.000,1.000,1.000,1.000,1.000,1.414,1.000,-1.000,-1.000,-1.000,-1.000,-1.000,-1.000,-1.000,-1.000,-1.000,-1.000,-1.000,-1.000,-1.000,-1.000,-1.000,-1.000,-1.000,-1.000,-1.000,-1.000,-1.000,-1.000,1.000,1.414,1.000,-1.000,-2.000,-2.000,-2.000,-2.000,-2.000,-2.000,-2.000,-2.000,-2.000,-2.000,-2.000,-2.000,-2.000,-2.000,-2.000,-2.000,-2.000,-2.000,-2.000,-1.000,1.000,2.000,1.000,-1.000,-1.414,-2.236,-2.828,-3.000,-3.000,-3.000,-3.000,-3.000,-3.000,-3.000,-3.000,-3.000,-3.000,-3.000,-3.000,-3.000,-3.000,-3.000,-2.000,-1.000,1.000,2.236,1.414,1.000,-1.000,-1.414,-2.236,-2.828,-3.606,-4.000,-4.000,-4.000,-4.000,-4.000,-4.000,-4.000,-4.000,-4.000,-4.000,-4.000,-4.000,-3.000,-2.000,-1.000,1.000,2.828,2.236,1.414,1.000,-1.000,-1.414,-2.236,-3.162,-4.123,-5.000,-5.000,-5.000,-5.000,-5.000,-5.000,-5.000,-5.000,-5.000,-5.000,-4.000,-3.000,-2.000,-1.000,1.000,3.606,2.828,2.236,1.414,1.000,-1.000,-2.000,-2.828,-3.606,-4.243,-5.000,-5.657,-5.657,-5.000,-4.472,-4.123,-4.000,-4.000,-4.000,-3.606,-3.000,-2.000,-1.000,1.000,4.243,3.606,2.828,2.000,1.000,-1.000,-1.414,-2.236,-2.828,-3.606,-4.243,-5.000,-5.000,-4.243,-3.606,-3.162,-3.000,-3.000,-3.000,-2.828,-2.236,-2.000,-1.000,1.000,5.000,4.123,3.162,2.236,1.414,1.000,-1.000,-1.414,-2.236,-2.828,-3.606,-4.472,-4.123,-3.606,-2.828,-2.236,-2.000,-2.000,-2.000,-2.000,-1.414,-1.000,-1.000,1.000,5.385,4.472,3.606,2.828,2.236,1.414,1.000,-1.000,-1.414,-2.236,-3.162,-3.606,-3.162,-2.828,-2.236,-1.414,-1.000,-1.000,-1.000,-1.000,-1.000,1.000,1.000,1.414,5.831,5.000,4.243,3.606,2.828,2.236,1.414,1.000,-1.000,-2.000,-2.828,-2.828,-2.236,-2.000,-1.414,-1.000,1.000,1.000,1.000,1.000,1.000,1.414,2.000,2.236,6.403,5.657,5.000,4.243,3.606,2.828,2.000,1.000,-1.000,-1.414,-2.236,-2.236,-1.414,-1.000,-1.000,1.000,1.414,2.000,2.000,2.000,2.000,2.236,2.828,3.162,7.071,6.403,5.657,5.000,4.123,3.162,2.236,1.414,1.000,-1.000,-1.414,-1.414,-1.000,1.000,1.000,1.414,2.236,2.828,3.000,3.000,3.000,3.162,3.606,4.123,7.810,7.071,6.325,5.385,4.472,3.606,2.828,2.236,1.414,1.000,-1.000,-1.000,1.000,1.414,2.000,2.236,2.828,3.606,4.000,4.000,4.000,4.123,4.472,5.000,1.1624,-0.0942
5.657,5.000,4.472,4.123,4.000,4.000,4.000,4.000,4.000,4.000,4.000,4.000,4.000,4.000,4.000,4.000,4.000,4.000,4.000,4.000,4.123,4.472,5.000,5.657,5.000,4.243,3.606,3.162,3.000,3.000,3.000,3.000,3.000,3.000,3.000,3.000,3.000,3.000,3.000,3.000,3.000,3.000,3.000,3.000,3.162,3.606,4.243,5.000,4.472,3.606,2.828,2.236,2.000,2.000,2.000,2.000,2.000,2.000,2.000,2.000,2.000,2.000,2.000,2.000,2.000,2.000,2.000,2.000,2.236,2.828,3.606,4.472,4.123,3.162,2.236,1.414,1.000,1.000,1.000,1.000,1.000,1.000,1.000,1.000,1.000,1.000,1.000,1.000,1.000,1.000,1.000,1.000,1.414,2.236,3.162,4.123,4.000,3.000,2.000,1.000,-1.000,-1.000,-1.000,-1.000,-1.000,-1.000,-1.000,-1.000,-1.000,-1.000,-1.000,-1.000,-1.000,-1.000,-1.000,-1.000,1.000,2.000,3.000,4.000,4.123,3.162,2.236,1.414,1.000,-1.000,-2.000,-2.000,-2.000,-2.000,-2.000,-2.000,-2.000,-2.000,-2.000,-2.000,-2.000,-2.000,-2.000,-1.000,1.000,2.000,3.000,4.000,4.472,3.606,2.828,2.000,1.000,-1.000,-1.414,-2.236,-2.828,-3.000,-3.000,-3.000,-3.000,-3.000,-3.000,-3.000,-2.828,-2.236,-1.414,-1.000,1.000,2.000,3.000,4.000,5.000,4.123,3.162,2.236,1.414,1.000,-1.000,-1.414,-2.236,-2.828,-3.606,-4.000,-4.000,-3.606,-3.162,-2.828,-2.236,-1.414,-1.000,1.000,1.414,2.236,3.162,4.123,5.385,4.472,3.606,2.828,2.236,1.414,1.000,-1.000,-1.414,-2.236,-3.162,-4.123,-3.606,-2.828,-2.236,-2.000,-1.414,-1.000,1.000,1.414,2.236,2.828,3.606,4.472,5.831,5.000,4.243,3.606,2.828,2.236,1.414,1.000,-1.000,-2.000,-2.828,-3.606,-2.828,-2.236,-1.414,-1.000,-1.000,1.000,1.414,2.236,2.828,3.606,4.243,5.000,6.403,5.657,5.000,4.243,3.606,2.828,2.000,1.000,-1.000,-1.414,-2.236,-3.162,-2.236,-1.414,-1.000,1.000,1.000,1.414,2.236,2.828,3.606,4.243,5.000,5.657,7.071,6.403,5.657,5.000,4.123,3.162,2.236,1.414,1.000,-1.000,-2.000,-2.828,-2.000,-1.000,1.000,1.414,2.000,2.236,2.828,3.606,4.243,5.000,5.657,6.403,7.810,7.071,6.325,5.385,4.472,3.606,2.828,2.000,1.000,-1.000,-1.414,-2.236,-1.414,-1.000,1.000,2.000,2.828,3.162,3.606,4.243,5.000,5.657,6.403,7.071,8.485,7.616,6.708,5.831,5.000,4.123,3.162,2.236,1.414,1.000,-1.000,-1.414,-1.000,1.000,1.414,2.236,3.162,4.123,4.472,5.000,5.657,6.403,7.071,7.810,8.944,8.062,7.211,6.325,5.385,4.472,3.606,2.828,2.236,1.414,1.000,-1.000,1.000,1.414,2.236,2.828,3.606,4.472,5.385,5.831,6.403,7.071,7.810,8.485,9.434,8.544,7.616,6.708,5.831,5.000,4.243,3.606,2.828,2.236,1.414,1.000,1.414,2.236,2.828,3.606,4.243,5.000,5.831,6.708,7.211,7.810,8.485,9.220,0.9667,-0.0963
6.403,5.831,5.385,5.099,5.000,5.000,5.000,5.000,5.000,5.000,5.000,5.000,5.000,5.000,5.000,5.000,5.000,5.000,5.000,5.000,5.000,5.099,5.385,5.831,5.657,5.000,4.472,4.123,4.000,4.000,4.000,4.000,4.000,4.000,4.000,4.000,4.000,4.000,4.000,4.000,4.000,4.000,4.000,4.000,4.000,4.123,4.472,5.000,5.000,4.243,3.606,3.162,3.000,3.000,3.000,3.000,3.000,3.000,3.000,3.000,3.000,3.000,3.000,3.000,3.000,3.000,3.000,3.000,3.000,3.162,3.606,4.243,4.472,3.606,2.828,2.236,2.000,2.000,2.000,2.000,2.000,2.000,2.000,2.000,2.000,2.000,2.000,2.000,2.000,2.000,2.000,2.000,2.000,2.236,2.828,3.606,4.123,3.162,2.236,1.414,1.000,1.000,1.000,1.000,1.000,1.000,1.000,1.000,1.000,1.000,1.000,1.000,1.000,1.000,1.000,1.000,1.000,1.414,2.236,3.162,4.000,3.000,2.000,1.000,-1.000,-1.000,-1.000,-1.000,-1.000,-1.000,-1.000,-1.000,-1.000,-1.000,-1.000,-1.000,-1.000,-1.000,-1.000,-1.000,-1.000,1.000,2.000,3.000,4.123,3.162,2.236,1.414,1.000,-1.000,-1.414,-2.000,-2.000,-2.000,-2.000,-2.000,-2.000,-2.000,-2.000,-2.000,-2.000,-2.000,-2.000,-2.000,-1.000,1.000,2.000,3.000,4.472,3.606,2.828,2.236,1.414,1.000,-1.000,-2.000,-2.828,-3.000,-3.000,-3.000,-3.000,-3.000,-3.000,-3.000,-3.000,-3.000,-3.000,-2.000,-1.000,1.000,2.000,3.000,5.000,4.243,3.606,2.828,2.000,1.000,-1.000,-1.414,-2.236,-2.828,-3.606,-4.000,-4.000,-4.000,-3.606,-3.162,-3.000,-3.000,-3.000,-2.000,-1.000,1.000,2.000,3.000,5.657,5.000,4.123,3.162,2.236,1.414,1.000,-1.000,-1.414,-2.236,-3.162,-4.123,-4.243,-3.606,-2.828,-2.236,-2.000,-2.000,-2.000,-2.000,-1.000,1.000,2.000,3.000,6.325,5.385,4.472,3.606,2.828,2.236,1.414,1.000,-1.000,-2.000,-2.828,-3.606,-3.606,-2.828,-2.236,-1.414,-1.000,-1.000,-1.000,-1.000,-1.000,1.000,2.000,3.000,6.708,5.831,5.000,4.243,3.606,2.828,2.000,1.000,-1.000,-1.414,-2.236,-3.162,-2.828,-2.236,-1.414,-1.000,1.000,1.000,1.000,1.000,1.000,1.414,2.236,3.162,7.211,6.403,5.657,5.000,4.123,3.162,2.236,1.414,1.000,-1.000,-2.000,-3.000,-2.236,-1.414,-1.000,1.000,1.414,2.000,2.000,2.000,2.000,2.236,2.828,3.606,7.810,7.071,6.325,5.385,4.472,3.606,2.828,2.000,1.000,-1.000,-2.000,-2.828,-2.000,-1.000,1.000,1.414,2.236,2.828,3.000,3.000,3.000,3.162,3.606,4.243,8.485,7.616,6.708,5.831,5.000,4.000,3.000,2.000,1.000,-1.000,-1.414,-2.236,-1.414,-1.000,1.000,2.000,2.828,3.606,4.000,4.000,4.000,4.123,4.472,5.000,8.944,8.062,7.071,6.083,5.099,4.123,3.162,2.236,1.414,1.000,-1.000,-2.000,-1.000,1.000,1.414,2.236,3.162,4.123,5.000,5.000,5.000,5.099,5.385,5.831,1.1169,0.1065
7.810,7.211,6.708,6.325,6.083,6.000,6.000,6.000,6.000,6.000,6.000,6.000,6.000,6.000,6.000,6.000,6.000,6.000,6.000,6.083,6.325,6.708,7.211,7.810,7.071,6.403,5.831,5.385,5.099,5.000,5.000,5.000,5.000,5.000,5.000,5.000,5.000,5.000,5.000,5.000,5.000,5.000,5.000,5.099,5.385,5.831,6.403,7.071,6.403,5.657,5.000,4.472,4.123,4.000,4.000,4.000,4.000,4.000,4.000,4.000,4.000,4.000,4.000,4.000,4.000,4.000,4.000,4.123,4.472,5.000,5.657,6.403,5.831,5.000,4.243,3.606,3.162,3.000,3.000,3.000,3.000,3.000,3.000,3.000,3.000,3.000,3.000,3.000,3.000,3.000,3.000,3.162,3.606,4.243,5.000,5.831,5.385,4.472,3.606,2.828,2.236,2.000,2.000,2.000,2.000,2.000,2.000,2.000,2.000,2.000,2.000,2.000,2.000,2.000,2.000,2.236,2.828,3.606,4.472,5.385,5.099,4.123,3.162,2.236,1.414,1.000,1.000,1.000,1.000,1.000,1.000,1.000,1.000,1.000,1.000,1.000,1.000,1.000,1.000,1.414,2.236,3.162,4.123,5.099,5.000,4.000,3.000,2.000,1.000,-1.000,-1.000,-1.000,-1.000,-1.000,-1.000,-1.000,-1.000,-1.000,-1.000,-1.000,-1.000,-1.000,-1.000,1.000,2.000,3.000,4.000,5.000,5.099,4.123,3.162,2.236,1.414,1.000,-1.000,-1.414,-2.000,-2.000,-2.000,-2.000,-2.000,-2.000,-2.000,-2.000,-2.000,-1.414,-1.000,1.000,2.000,3.000,4.000,5.000,5.385,4.472,3.606,2.828,2.236,1.414,1.000,-1.000,-1.414,-2.236,-2.828,-3.000,-3.000,-2.828,-2.236,-1.414,-1.000,-1.000,1.000,1.414,2.236,3.162,4.123,5.099,5.831,5.000,4.243,3.606,2.828,2.236,1.414,1.000,-1.000,-1.414,-2.236,-2.828,-2.236,-2.000,-1.414,-1.000,1.000,1.000,1.414,2.236,2.828,3.606,4.472,5.385,6.403,5.657,5.000,4.243,3.606,2.828,2.236,1.414,1.000,-1.000,-1.414,-2.000,-1.414,-1.000,-1.000,1.000,1.414,2.000,2.236,2.828,3.606,4.243,5.000,5.831,7.071,6.403,5.657,5.000,4.243,3.606,2.828,2.236,1.414,1.000,-1.000,-1.000,-1.000,1.000,1.000,1.414,2.236,2.828,3.162,3.606,4.243,5.000,5.657,6.403,7.810,7.071,6.403,5.657,5.000,4.243,3.606,2.828,2.236,1.414,1.000,1.000,1.000,1.414,2.000,2.236,2.828,3.606,4.123,4.472,5.000,5.657,6.403,7.071,8.485,7.810,7.071,6.403,5.657,5.000,4.243,3.606,2.828,2.236,2.000,2.000,2.000,2.236,2.828,3.162,3.606,4.243,5.000,5.385,5.831,6.403,7.071,7.810,9.220,8.485,7.810,7.071,6.403,5.657,5.000,4.243,3.606,3.162,3.000,3.000,3.000,3.162,3.606,4.123,4.472,5.000,5.657,6.325,6.708,7.211,7.810,8.485,9.899,9.220,8.485,7.810,7.071,6.403,5.657,5.000,4.472,4.123,4.000,4.000,4.000,4.123,4.472,5.000,5.385,5.831,6.403,7.071,7.616,8.062,8.602,9.220,0.6096,-0.0725
4.243,3.606,3.162,3.000,3.000,3.000,3.000,3.000,3.000,3.000,3.000,3.000,3.000,3.000,3.000,3.000,3.000,3.000,3.000,3.000,3.000,3.162,3.606,4.243,3.606,2.828,2.236,2.000,2.000,2.000,2.000,2.000,2.000,2.000,2.000,2.000,2.000,2.000,2.000,2.000,2.000,2.000,2.000,2.000,2.000,2.236,2.828,3.606,3.162,2.236,1.414,1.000,1.000,1.000,1.000,1.000,1.000,1.000,1.000,1.000,1.000,1.000,1.000,1.000,1.000,1.000,1.000,1.000,1.000,1.414,2.236,3.162,3.000,2.000,1.000,-1.000,-1.000,-1.000,-1.000,-1.000,-1.000,-1.000,-1.000,-1.000,-1.000,-1.000,-1.000,-1.000,-1.000,-1.000,-1.000,-1.000,-1.000,1.000,2.000,3.000,3.162,2.236,1.414,1.000,-1.000,-1.414,-2.000,-2.000,-2.000,-2.000,-2.000,-2.000,-2.000,-2.000,-2.000,-2.000,-2.000,-2.000,-2.000,-2.000,-1.000,1.000,2.000,3.000,3.606,2.828,2.236,1.414,1.000,-1.000,-1.414,-2.236,-2.828,-3.000,-3.000,-3.000,-3.000,-3.000,-3.000,-3.000,-3.000,-3.000,-3.000,-2.000,-1.000,1.000,2.000,3.000,4.243,3.606,2.828,2.236,1.414,1.000,-1.000,-1.414,-2.236,-3.162,-4.000,-4.000,-4.000,-4.000,-4.000,-4.000,-4.000,-4.000,-3.000,-2.000,-1.000,1.000,2.000,3.000,5.000,4.243,3.606,2.828,2.236,1.414,1.000,-1.000,-2.000,-2.828,-3.606,-4.472,-5.000,-4.472,-4.123,-3.606,-3.162,-3.000,-3.000,-2.000,-1.000,1.000,2.000,3.000,5.657,5.000,4.243,3.606,2.828,2.000,1.000,-1.000,-1.414,-2.236,-3.162,-4.123,-4.243,-3.606,-3.162,-2.828,-2.236,-2.000,-2.000,-2.000,-1.000,1.000,2.000,3.000,6.403,5.657,5.000,4.123,3.162,2.236,1.414,1.000,-1.000,-2.000,-2.828,-3.606,-3.606,-2.828,-2.236,-2.000,-1.414,-1.000,-1.000,-1.000,-1.000,1.000,2.000,3.000,7.071,6.325,5.385,4.472,3.606,2.828,2.000,1.000,-1.000,-1.414,-2.236,-3.162,-2.828,-2.236,-1.414,-1.000,-1.000,1.000,1.000,1.000,1.000,1.414,2.236,3.162,7.616,6.708,5.831,5.000,4.123,3.162,2.236,1.414,1.000,-1.000,-2.000,-2.828,-2.236,-1.414,-1.000,1.000,1.000,1.414,2.000,2.000,2.000,2.236,2.828,3.606,8.062,7.211,6.325,5.385,4.472,3.606,2.828,2.000,1.000,-1.000,-1.414,-2.236,-1.414,-1.000,1.000,1.414,2.000,2.236,2.828,3.000,3.000,3.162,3.606,4.243,8.544,7.616,6.708,5.831,5.000,4.123,3.162,2.236,1.414,1.000,-1.000,-2.000,-1.000,1.000,1.414,2.236,2.828,3.162,3.606,4.000,4.000,4.123,4.472,5.000,8.944,8.062,7.211,6.325,5.385,4.472,3.606,2.828,2.000,1.000,-1.000,-1.000,-1.000,1.000,2.000,2.828,3.606,4.123,4.472,5.000,5.000,5.099,5.385,5.831,9.434,8.544,7.616,6.708,5.831,5.000,4.123,3.162,2.236,1.414,1.000,1.000,1.000,1.414,2.236,3.162,4.123,5.000,5.385,5.831,6.000,6.083,6.325,6.708,1.1582,0.0011
6.403,5.831,5.385,5.099,5.000,5.000,5.000,5.000,5.000,5.000,5.000,5.000,5.000,5.000,5.000,5.000,5.000,5.000,5.000,5.000,5.000,5.099,5.385,5.831,5.657,5.000,4.472,4.123,4.000,4.000,4.000,4.000,4.000,4.000,4.000,4.000,4.000,4.000,4.000,4.000,4.000,4.000,4.000,4.000,4.000,4.123,4.472,5.000,5.000,4.243,3.606,3.162,3.000,3.000,3.000,3.000,3.000,3.000,3.000,3.000,3.000,3.000,3.000,3.000,3.000,3.000,3.000,3.000,3.000,3.162,3.606,4.243,4.472,3.606,2.828,2.236,2.000,2.000,2.000,2.000,2.000,2.000,2.000,2.000,2.000,2.000,2.000,2.000,2.000,2.000,2.000,2.000,2.000,2.236,2.828,3.606,4.123,3.162,2.236,1.414,1.000,1.000,1.000,1.000,1.000,1.000,1.000,1.000,1.000,1.000,1.000,1.000,1.000,1.000,1.000,1.000,1.000,1.414,2.236,3.162,4.000,3.000,2.000,1.000,-1.000,-1.000,-1.000,-1.000,-1.000,-1.000,-1.000,-1.000,-1.000,-1.000,-1.000,-1.000,-1.000,-1.000,-1.000,-1.000,-1.000,1.000,2.000,3.000,4.000,3.000,2.000,1.000,-1.000,-1.414,-2.000,-2.000,-2.000,-2.000,-2.000,-2.000,-2.000,-2.000,-2.000,-2.000,-2.000,-1.414,-1.000,-1.000,1.000,1.414,2.236,3.162,4.123,3.162,2.236,1.414,1.000,-1.000,-1.414,-2.000,-2.236,-2.828,-3.000,-3.000,-3.000,-2.828,-2.236,-2.000,-1.414,-1.000,1.000,1.000,1.414,2.236,2.828,3.606,4.472,3.606,2.828,2.236,1.414,1.000,-1.000,-1.000,-1.414,-2.236,-2.828,-3.162,-2.828,-2.236,-1.414,-1.000,-1.000,1.000,1.414,2.000,2.236,2.828,3.606,4.243,5.000,4.243,3.606,2.828,2.236,1.414,1.000,1.000,-1.000,-1.414,-2.236,-2.236,-2.000,-1.414,-1.000,1.000,1.000,1.414,2.236,2.828,3.162,3.606,4.243,5.000,5.657,5.000,4.243,3.606,2.828,2.236,2.000,1.414,1.000,-1.000,-1.414,-1.414,-1.000,-1.000,1.000,1.414,2.000,2.236,2.828,3.606,4.123,4.472,5.000,5.657,6.403,5.657,5.000,4.243,3.606,3.162,2.828,2.236,1.414,1.000,-1.000,-1.000,1.000,1.000,1.414,2.236,2.828,3.162,3.606,4.243,5.000,5.385,5.831,6.403,7.071,6.403,5.657,5.000,4.472,4.123,3.606,2.828,2.236,1.414,1.000,1.000,1.414,2.000,2.236,2.828,3.606,4.123,4.472,5.000,5.657,6.325,6.708,7.211,7.810,7.071,6.403,5.831,5.385,5.000,4.243,3.606,2.828,2.236,2.000,2.000,2.236,2.828,3.162,3.606,4.243,5.000,5.385,5.831,6.403,7.071,7.616,8.062,8.485,7.810,7.211,6.708,6.325,5.657,5.000,4.243,3.606,3.162,3.000,3.000,3.162,3.606,4.123,4.472,5.000,5.657,6.325,6.708,7.211,7.810,8.485,8.944,9.220,8.602,8.062,7.616,7.071,6.403,5.657,5.000,4.472,4.123,4.000,4.000,4.123,4.472,5.000,5.385,5.831,6.403,7.071,7.616,8.062,8.602,9.220,9.849,0.5464,-0.1122
5.000,4.472,4.123,4.000,4.000,4.000,4.000,4.000,4.000,4.000,4.000,4.000,4.000,4.000,4.000,4.000,4.000,4.000,4.000,4.000,4.000,4.000,4.123,4.472,4.243,3.606,3.162,3.000,3.000,3.000,3.000,3.000,3.000,3.000,3.000,3.000,3.000,3.000,3.000,3.000,3.000,3.000,3.000,3.000,3.000,3.000,3.162,3.606,3.606,2.828,2.236,2.000,2.000,2.000,2.000,2.000,2.000,2.000,2.000,2.000,2.000,2.000,2.000,2.000,2.000,2.000,2.000,2.000,2.000,2.000,2.236,2.828,3.162,2.236,1.414,1.000,1.000,1.000,1.000,1.000,1.000,1.000,1.000,1.000,1.000,1.000,1.000,1.000,1.000,1.000,1.000,1.000,1.000,1.000,1.414,2.236,3.000,2.000,1.000,-1.000,-1.000,-1.000,-1.000,-1.000,-1.000,-1.000,-1.000,-1.000,-1.000,-1.000,-1.000,-1.000,-1.000,-1.000,-1.000,-1.000,-1.000,-1.000,1.000,2.000,3.162,2.236,1.414,1.000,-1.000,-1.000,-1.414,-2.000,-2.000,-2.000,-2.000,-2.000,-2.000,-2.000,-2.000,-2.000,-2.000,-2.000,-1.414,-1.000,-1.000,-1.000,1.000,2.000,3.606,2.828,2.236,1.414,1.000,1.000,-1.000,-1.000,-1.000,-1.414,-2.000,-2.000,-2.000,-2.000,-2.000,-1.414,-1.000,-1.000,-1.000,1.000,1.000,1.000,1.414,2.236,4.243,3.606,2.828,2.236,2.000,1.414,1.000,1.000,1.000,-1.000,-1.000,-1.000,-1.000,-1.000,-1.000,-1.000,1.000,1.000,1.000,1.414,2.000,2.000,2.236,2.828,5.000,4.243,3.606,3.162,2.828,2.236,2.000,2.000,1.414,1.000,1.000,1.000,1.000,1.000,1.000,1.000,1.414,2.000,2.000,2.236,2.828,3.000,3.162,3.606,5.657,5.000,4.472,4.123,3.606,3.162,3.000,2.828,2.236,2.000,2.000,2.000,2.000,2.000,2.000,2.000,2.236,2.828,3.000,3.162,3.606,4.000,4.123,4.472,6.403,5.831,5.385,5.000,4.472,4.123,4.000,3.606,3.162,3.000,3.000,3.000,3.000,3.000,3.000,3.000,3.162,3.606,4.000,4.123,4.472,5.000,5.099,5.385,7.211,6.708,6.325,5.831,5.385,5.099,5.000,4.472,4.123,4.000,4.000,4.000,4.000,4.000,4.000,4.000,4.123,4.472,5.000,5.099,5.385,5.831,6.083,6.325,8.062,7.616,7.211,6.708,6.325,6.083,5.831,5.385,5.099,5.000,5.000,5.000,5.000,5.000,5.000,5.000,5.099,5.385,5.831,6.083,6.325,6.708,7.071,7.280,8.944,8.544,8.062,7.616,7.280,7.071,6.708,6.325,6.083,6.000,6.000,6.000,6.000,6.000,6.000,6.000,6.083,6.325,6.708,7.071,7.280,7.616,8.062,8.246,9.849,9.434,8.944,8.544,8.246,8.062,7.616,7.280,7.071,7.000,7.000,7.000,7.000,7.000,7.000,7.000,7.071,7.280,7.616,8.062,8.246,8.544,8.944,9.220,10.770,10.296,9.849,9.487,9.220,8.944,8.544,8.246,8.062,8.000,8.000,8.000,8.000,8.000,8.000,8.000,8.062,8.246,8.544,8.944,9.220,9.487,9.849,10.198,0.5016,-0.1585
8.485,7.810,7.211,6.708,6.325,6.083,6.000,6.000,6.000,6.000,6.000,6.000,6.000,6.000,6.000,6.000,6.000,6.000,6.000,6.083,6.325,6.708,7.211,7.810,7.810,7.071,6.403,5.831,5.385,5.099,5.000,5.000,5.000,5.000,5.000,5.000,5.000,5.000,5.000,5.000,5.000,5.000,5.000,5.099,5.385,5.831,6.403,7.071,7.211,6.403,5.657,5.000,4.472,4.123,4.000,4.000,4.000,4.000,4.000,4.000,4.000,4.000,4.000,4.000,4.000,4.000,4.000,4.123,4.472,5.000,5.657,6.403,6.708,5.831,5.000,4.243,3.606,3.162,3.000,3.000,3.000,3.000,3.000,3.000,3.000,3.000,3.000,3.000,3.000,3.000,3.000,3.162,3.606,4.243,5.000,5.831,6.325,5.385,4.472,3.606,2.828,2.236,2.000,2.000,2.000,2.000,2.000,2.000,2.000,2.000,2.000,2.000,2.000,2.000,2.000,2.236,2.828,3.606,4.472,5.385,6.083,5.099,4.123,3.162,2.236,1.414,1.000,1.000,1.000,1.000,1.000,1.000,1.000,1.000,1.000,1.000,1.000,1.000,1.000,1.414,2.236,3.162,4.123,5.099,6.000,5.000,4.000,3.000,2.000,1.000,-1.000,-1.000,-1.000,-1.000,-1.000,-1.000,-1.000,-1.000,-1.000,-1.000,-1.000,-1.000,-1.000,1.000,2.000,3.000,4.000,5.000,6.083,5.099,4.123,3.162,2.236,1.414,1.000,-1.000,-1.414,-2.000,-2.000,-2.000,-2.000,-2.000,-1.414,-1.000,-1.000,1.000,1.000,1.414,2.236,3.162,4.123,5.099,6.325,5.385,4.472,3.606,2.828,2.236,1.414,1.000,-1.000,-1.414,-2.236,-2.828,-2.236,-1.414,-1.000,1.000,1.000,1.414,2.000,2.236,2.828,3.606,4.472,5.385,6.708,5.831,5.000,4.243,3.606,2.828,2.236,1.414,1.000,-1.000,-2.000,-2.236,-1.414,-1.000,1.000,1.414,2.000,2.236,2.828,3.162,3.606,4.243,5.000,5.831,7.211,6.403,5.657,5.000,4.243,3.606,2.828,2.000,1.000,-1.000,-1.414,-2.000,-1.000,1.000,1.414,2.236,2.828,3.162,3.606,4.123,4.472,5.000,5.657,6.403,7.810,7.071,6.403,5.657,5.000,4.123,3.162,2.236,1.414,1.000,-1.000,-1.414,-1.000,1.000,2.000,2.828,3.606,4.123,4.472,5.000,5.385,5.831,6.403,7.071,8.485,7.810,7.071,6.325,5.385,4.472,3.606,2.828,2.236,1.414,1.000,-1.000,1.000,1.414,2.236,3.162,4.123,5.000,5.385,5.831,6.325,6.708,7.211,7.810,9.220,8.485,7.616,6.708,5.831,5.000,4.243,3.606,2.828,2.236,1.414,1.000,1.414,2.236,2.828,3.606,4.472,5.385,6.325,6.708,7.211,7.616,8.062,8.602,9.849,8.944,8.062,7.211,6.403,5.657,5.000,4.243,3.606,2.828,2.236,2.000,2.236,2.828,3.606,4.243,5.000,5.831,6.708,7.616,8.062,8.544,8.944,9.434,10.296,9.434,8.602,7.810,7.071,6.403,5.657,5.000,4.243,3.606,3.162,3.000,3.162,3.606,4.243,5.000,5.657,6.403,7.211,8.062,8.944,9.434,9.849,10.296,0.6782,0.0735
2.236,2.000,2.000,2.000,2.000,2.000,2.000,2.000,2.000,2.000,2.000,2.000,2.000,2.000,2.000,2.000,2.000,2.000,2.000,2.000,2.000,2.000,2.000,2.236,1.414,1.000,1.000,1.000,1.000,1.000,1.000,1.000,1.000,1.000,1.000,1.000,1.000,1.000,1.000,1.000,1.000,1.000,1.000,1.000,1.000,1.000,1.000,1.414,1.000,-1.000,-1.000,-1.000,-1.000,-1.000,-1.000,-1.000,-1.000,-1.000,-1.000,-1.000,-1.000,-1.000,-1.000,-1.000,-1.000,-1.000,-1.000,-1.000,-1.000,-1.000,-1.000,1.000,1.414,1.000,-1.000,-1.414,-2.000,-2.000,-2.000,-2.000,-2.000,-2.000,-2.000,-2.000,-2.000,-2.000,-2.000,-2.000,-2.000,-2.000,-2.000,-1.414,-1.000,1.000,1.000,1.414,2.236,1.414,1.000,-1.000,-1.414,-2.236,-2.828,-3.000,-3.000,-3.000,-3.000,-3.000,-3.000,-3.000,-3.000,-2.828,-2.236,-2.000,-1.414,-1.000,1.000,1.414,2.000,2.236,2.828,2.236,1.414,1.000,-1.000,-1.414,-2.236,-2.828,-3.606,-4.000,-4.000,-4.000,-4.000,-3.606,-2.828,-2.236,-1.414,-1.000,-1.000,1.000,1.414,2.236,2.828,3.162,3.606,2.828,2.236,1.414,1.000,-1.000,-1.414,-2.236,-2.828,-3.606,-4.243,-4.243,-3.606,-2.828,-2.236,-1.414,-1.000,1.000,1.000,1.414,2.236,2.828,3.606,4.123,4.243,3.606,2.828,2.236,1.414,1.000,-1.000,-1.414,-2.236,-2.828,-3.606,-3.606,-2.828,-2.236,-1.414,-1.000,1.000,1.414,2.000,2.236,2.828,3.606,4.243,5.000,5.000,4.243,3.606,2.828,2.236,1.414,1.000,-1.000,-1.414,-2.236,-3.162,-3.162,-2.236,-1.414,-1.000,1.000,1.414,2.236,2.828,3.162,3.606,4.243,5.000,5.657,5.657,5.000,4.243,3.606,2.828,2.236,1.414,1.000,-1.000,-2.000,-2.828,-2.828,-2.000,-1.000,1.000,1.414,2.236,2.828,3.606,4.123,4.472,5.000,5.657,6.403,6.403,5.657,5.000,4.243,3.606,2.828,2.000,1.000,-1.000,-1.414,-2.236,-2.236,-1.414,-1.000,1.000,2.000,2.828,3.606,4.243,5.000,5.385,5.831,6.403,7.071,7.071,6.403,5.657,5.000,4.123,3.162,2.236,1.414,1.000,-1.000,-1.414,-1.414,-1.000,1.000,1.414,2.236,3.162,4.123,5.000,5.657,6.325,6.708,7.211,7.810,7.810,7.071,6.325,5.385,4.472,3.606,2.828,2.236,1.414,1.000,-1.000,-1.000,1.000,1.414,2.236,2.828,3.606,4.472,5.385,6.325,7.071,7.616,8.062,8.602,8.485,7.616,6.708,5.831,5.000,4.243,3.606,2.828,2.236,1.414,1.000,1.000,1.414,2.236,2.828,3.606,4.243,5.000,5.831,6.708,7.616,8.485,8.944,9.434,8.944,8.062,7.211,6.403,5.657,5.000,4.243,3.606,2.828,2.236,2.000,2.000,2.236,2.828,3.606,4.243,5.000,5.657,6.403,7.211,8.062,8.944,9.849,10.296,9.434,8.602,7.810,7.071,6.403,5.657,5.000,4.243,3.606,3.162,3.000,3.000,3.162,3.606,4.243,5.000,5.657,6.403,7.071,7.810,8.602,9.434,10.296,11.180,0.8476,-0.3232
5.831,5.385,5.099,5.000,5.000,5.000,5.000,5.000,5.000,5.000,5.000,5.000,5.000,5.000,5.000,5.000,5.000,5.000,5.000,5.000,5.000,5.000,5.099,5.385,5.000,4.472,4.123,4.000,4.000,4.000,4.000,4.000,4.000,4.000,4.000,4.000,4.000,4.000,4.000,4.000,4.000,4.000,4.000,4.000,4.000,4.000,4.123,4.472,4.243,3.606,3.162,3.000,3.000,3.000,3.000,3.000,3.000,3.000,3.000,3.000,3.000,3.000,3.000,3.000,3.000,3.000,3.000,3.000,3.000,3.000,3.162,3.606,3.606,2.828,2.236,2.000,2.000,2.000,2.000,2.000,2.000,2.000,2.000,2.000,2.000,2.000,2.000,2.000,2.000,2.000,2.000,2.000,2.000,2.000,2.236,2.828,3.162,2.236,1.414,1.000,1.000,1.000,1.000,1.000,1.000,1.000,1.000,1.000,1.000,1.000,1.000,1.000,1.000,1.000,1.000,1.000,1.000,1.000,1.414,2.236,3.000,2.000,1.000,-1.000,-1.000,-1.000,-1.000,-1.000,-1.000,-1.000,-1.000,-1.000,-1.000,-1.000,-1.000,-1.000,-1.000,-1.000,-1.000,-1.000,-1.000,-1.000,1.000,2.000,3.162,2.236,1.414,1.000,-1.000,-1.414,-2.000,-2.000,-2.000,-2.000,-2.000,-2.000,-2.000,-2.000,-2.000,-2.000,-2.000,-2.000,-2.000,-2.000,-2.000,-1.000,1.000,2.000,3.606,2.828,2.236,1.414,1.000,-1.000,-1.000,-1.414,-2.236,-2.828,-3.000,-3.000,-3.000,-3.000,-3.000,-3.000,-3.000,-3.000,-3.000,-3.000,-2.000,-1.000,1.000,2.000,4.243,3.606,2.828,2.236,1.414,1.000,1.000,-1.000,-1.414,-2.236,-2.828,-3.606,-4.000,-4.000,-4.000,-4.000,-4.000,-4.000,-4.000,-3.000,-2.000,-1.000,1.000,2.000,5.000,4.243,3.606,2.828,2.236,2.000,1.414,1.000,-1.000,-1.414,-2.236,-2.828,-3.162,-3.606,-4.000,-4.000,-4.000,-4.000,-4.000,-3.000,-2.000,-1.000,1.000,2.000,5.657,5.000,4.243,3.606,3.162,2.828,2.236,1.414,1.000,-1.000,-1.414,-2.000,-2.236,-2.828,-3.000,-3.000,-3.000,-3.000,-3.000,-3.000,-2.000,-1.000,1.000,2.000,6.403,5.657,5.000,4.472,4.123,3.606,2.828,2.236,1.414,1.000,-1.000,-1.000,-1.414,-2.000,-2.000,-2.000,-2.000,-2.000,-2.000,-2.000,-2.000,-1.000,1.000,2.000,7.071,6.403,5.831,5.385,5.000,4.243,3.606,2.828,2.236,1.414,1.000,1.000,-1.000,-1.000,-1.000,-1.000,-1.000,-1.000,-1.000,-1.000,-1.000,-1.000,1.000,2.000,7.810,7.211,6.708,6.325,5.657,5.000,4.243,3.606,2.828,2.236,2.000,1.414,1.000,1.000,1.000,1.000,1.000,1.000,1.000,1.000,1.000,1.000,1.414,2.236,8.602,8.062,7.616,7.071,6.403,5.657,5.000,4.243,3.606,3.162,2.828,2.236,2.000,2.000,2.000,2.000,2.000,2.000,2.000,2.000,2.000,2.000,2.236,2.828,9.434,8.944,8.485,7.810,7.071,6.403,5.657,5.000,4.472,4.123,3.606,3.162,3.000,3.000,3.000,3.000,3.000,3.000,3.000,3.000,3.000,3.000,3.162,3.606,1.0498,-0.0016
6.708,6.325,6.083,6.000,6.000,6.000,6.000,6.000,6.000,6.000,6.000,6.000,6.000,6.000,6.000,6.000,6.000,6.000,6.000,6.000,6.000,6.000,6.083,6.325,5.831,5.385,5.099,5.000,5.000,5.000,5.000,5.000,5.000,5.000,5.000,5.000,5.000,5.000,5.000,5.000,5.000,5.000,5.000,5.000,5.000,5.000,5.099,5.385,5.000,4.472,4.123,4.000,4.000,4.000,4.000,4.000,4.000,4.000,4.000,4.000,4.000,4.000,4.000,4.000,4.000,4.000,4.000,4.000,4.000,4.000,4.123,4.472,4.243,3.606,3.162,3.000,3.000,3.000,3.000,3.000,3.000,3.000,3.000,3.000,3.000,3.000,3.000,3.000,3.000,3.000,3.000,3.000,3.000,3.000,3.162,3.606,3.606,2.828,2.236,2.000,2.000,2.000,2.000,2.000,2.000,2.000,2.000,2.000,2.000,2.000,2.000,2.000,2.000,2.000,2.000,2.000,2.000,2.000,2.236,2.828,3.162,2.236,1.414,1.000,1.000,1.000,1.000,1.000,1.000,1.000,1.000,1.000,1.000,1.000,1.000,1.000,1.000,1.000,1.000,1.000,1.000,1.000,1.414,2.236,3.000,2.000,1.000,-1.000,-1.000,-1.000,-1.000,-1.000,-1.000,-1.000,-1.000,-1.000,-1.000,-1.000,-1.000,-1.000,-1.000,-1.000,-1.000,-1.000,-1.000,-1.000,1.000,2.000,3.162,2.236,1.414,1.000,-1.000,-1.000,-1.414,-2.000,-2.000,-2.000,-2.000,-2.000,-2.000,-2.000,-2.000,-2.000,-2.000,-2.000,-2.000,-2.000,-2.000,-1.000,1.000,2.000,3.606,2.828,2.236,1.414,1.000,1.000,-1.000,-1.414,-2.236,-2.828,-3.000,-3.000,-3.000,-2.828,-2.236,-2.000,-2.000,-2.000,-2.000,-2.000,-1.414,-1.000,1.000,2.000,4.243,3.606,2.828,2.236,2.000,1.414,1.000,-1.000,-1.414,-2.000,-2.236,-2.828,-2.236,-2.000,-1.414,-1.000,-1.000,-1.000,-1.000,-1.000,-1.000,1.000,1.414,2.236,5.000,4.243,3.606,3.162,2.828,2.236,1.414,1.000,-1.000,-1.000,-1.414,-2.000,-1.414,-1.000,-1.000,1.000,1.000,1.000,1.000,1.000,1.000,1.414,2.236,2.828,5.657,5.000,4.472,4.123,3.606,2.828,2.236,1.414,1.000,1.000,-1.000,-1.000,-1.000,1.000,1.000,1.414,2.000,2.000,2.000,2.000,2.000,2.236,2.828,3.606,6.403,5.831,5.385,5.000,4.243,3.606,2.828,2.236,2.000,1.414,1.000,1.000,1.000,1.414,2.000,2.236,2.828,3.000,3.000,3.000,3.000,3.162,3.606,4.243,7.211,6.708,6.325,5.657,5.000,4.243,3.606,3.162,2.828,2.236,2.000,2.000,2.000,2.236,2.828,3.162,3.606,4.000,4.000,4.000,4.000,4.123,4.472,5.000,8.062,7.616,7.071,6.403,5.657,5.000,4.472,4.123,3.606,3.162,3.000,3.000,3.000,3.162,3.606,4.123,4.472,5.000,5.000,5.000,5.000,5.099,5.385,5.831,8.944,8.485,7.810,7.071,6.403,5.831,5.385,5.000,4.472,4.123,4.000,4.000,4.000,4.123,4.472,5.000,5.385,5.831,6.000,6.000,6.000,6.083,6.325,6.708,0.7651,0.0610
4.243,3.606,3.162,3.000,3.000,3.000,3.000,3.000,3.000,3.000,3.000,3.000,3.000,3.000,3.000,3.000,3.000,3.000,3.000,3.000,3.000,3.162,3.606,4.243,3.606,2.828,2.236,2.000,2.000,2.000,2.000,2.000,2.000,2.000,2.000,2.000,2.000,2.000,2.000,2.000,2.000,2.000,2.000,2.000,2.000,2.236,2.828,3.606,3.162,2.236,1.414,1.000,1.000,1.000,1.000,1.000,1.000,1.000,1.000,1.000,1.000,1.000,1.000,1.000,1.000,1.000,1.000,1.000,1.000,1.414,2.236,3.162,3.000,2.000,1.000,-1.000,-1.000,-1.000,-1.000,-1.000,-1.000,-1.000,-1.000,-1.000,-1.000,-1.000,-1.000,-1.000,-1.000,-1.000,-1.000,-1.000,-1.000,1.000,2.000,3.000,3.162,2.236,1.414,1.000,1.000,1.000,-1.000,-1.414,-2.000,-2.000,-2.000,-2.000,-2.000,-2.000,-2.000,-2.000,-2.000,-2.000,-1.414,-1.000,-1.000,1.000,2.000,3.000,3.606,2.828,2.236,2.000,2.000,1.414,1.000,-1.000,-1.414,-2.236,-2.828,-3.000,-2.828,-2.236,-2.000,-1.414,-1.000,-1.000,-1.000,1.000,1.000,1.414,2.236,3.162,4.243,3.606,3.162,3.000,2.828,2.236,1.414,1.000,-1.000,-1.414,-2.236,-2.828,-2.236,-1.414,-1.000,-1.000,1.000,1.000,1.000,1.414,2.000,2.236,2.828,3.606,5.000,4.472,4.123,4.000,3.606,2.828,2.236,1.414,1.000,-1.000,-1.414,-2.000,-1.414,-1.000,1.000,1.000,1.414,2.000,2.000,2.236,2.828,3.162,3.606,4.243,5.831,5.385,5.099,5.000,4.243,3.606,2.828,2.236,1.414,1.000,-1.000,-1.000,-1.000,1.000,1.414,2.000,2.236,2.828,3.000,3.162,3.606,4.123,4.472,5.000,6.708,6.325,6.083,5.657,5.000,4.243,3.606,2.828,2.236,1.414,1.000,1.000,1.000,1.414,2.236,2.828,3.162,3.606,4.000,4.123,4.472,5.000,5.385,5.831,7.616,7.280,7.071,6.403,5.657,5.000,4.243,3.606,2.828,2.236,2.000,2.000,2.000,2.236,2.828,3.606,4.123,4.472,5.000,5.099,5.385,5.831,6.325,6.708,8.544,8.246,7.810,7.071,6.403,5.657,5.000,4.243,3.606,3.162,3.000,3.000,3.000,3.162,3.606,4.243,5.000,5.385,5.831,6.083,6.325,6.708,7.211,7.616,9.487,9.220,8.485,7.810,7.071,6.403,5.657,5.000,4.472,4.123,4.000,4.000,4.000,4.123,4.472,5.000,5.657,6.325,6.708,7.071,7.280,7.616,8.062,8.544,10.440,9.899,9.220,8.485,7.810,7.071,6.403,5.831,5.385,5.099,5.000,5.000,5.000,5.099,5.385,5.831,6.403,7.071,7.616,8.062,8.246,8.544,8.944,9.434,11.314,10.630,9.899,9.220,8.485,7.810,7.211,6.708,6.325,6.083,6.000,6.000,6.000,6.083,6.325,6.708,7.211,7.810,8.485,8.944,9.220,9.487,9.849,10.296,12.042,11.314,10.630,9.899,9.220,8.602,8.062,7.616,7.280,7.071,7.000,7.000,7.000,7.071,7.280,7.616,8.062,8.602,9.220,9.849,10.198,10.440,10.770,11.180,0.6515,-0.1248
7.810,7.071,6.403,5.831,5.385,5.099,5.000,5.000,5.000,5.000,5.000,5.000,5.000,5.000,5.000,5.000,5.000,5.000,5.000,5.099,5.385,5.831,6.403,7.071,7.211,6.403,5.657,5.000,4.472,4.123,4.000,4.000,4.000,4.000,4.000,4.000,4.000,4.000,4.000,4.000,4.000,4.000,4.000,4.123,4.472,5.000,5.657,6.403,6.708,5.831,5.000,4.243,3.606,3.162,3.000,3.000,3.000,3.000,3.000,3.000,3.000,3.000,3.000,3.000,3.000,3.000,3.000,3.162,3.606,4.243,5.000,5.831,6.325,5.385,4.472,3.606,2.828,2.236,2.000,2.000,2.000,2.000,2.000,2.000,2.000,2.000,2.000,2.000,2.000,2.000,2.000,2.236,2.828,3.606,4.472,5.385,6.083,5.099,4.123,3.162,2.236,1.414,1.000,1.000,1.000,1.000,1.000,1.000,1.000,1.000,1.000,1.000,1.000,1.000,1.000,1.414,2.236,3.162,4.123,5.099,6.000,5.000,4.000,3.000,2.000,1.000,-1.000,-1.000,-1.000,-1.000,-1.000,-1.000,-1.000,-1.000,-1.000,-1.000,-1.000,-1.000,-1.000,1.000,2.000,3.000,4.000,5.000,6.083,5.099,4.123,3.162,2.236,1.414,1.000,1.000,-1.000,-1.414,-2.000,-2.000,-2.000,-1.414,-1.000,-1.000,1.000,1.000,1.000,1.414,2.236,3.162,4.123,5.099,6.325,5.385,4.472,3.606,2.828,2.236,2.000,1.414,1.000,-1.000,-1.414,-2.000,-1.414,-1.000,1.000,1.000,1.414,2.000,2.000,2.236,2.828,3.606,4.472,5.385,6.708,5.831,5.000,4.243,3.606,3.162,2.828,2.236,1.414,1.000,-1.000,-1.000,-1.000,1.000,1.414,2.000,2.236,2.828,3.000,3.162,3.606,4.243,5.000,5.831,7.211,6.403,5.657,5.000,4.472,4.123,3.606,2.828,2.236,1.414,1.000,1.000,1.000,1.414,2.236,2.828,3.162,3.606,4.000,4.123,4.472,5.000,5.657,6.403,7.810,7.071,6.403,5.831,5.385,5.000,4.243,3.606,2.828,2.236,2.000,2.000,2.000,2.236,2.828,3.606,4.123,4.472,5.000,5.099,5.385,5.831,6.403,7.071,8.485,7.810,7.211,6.708,6.325,5.657,5.000,4.243,3.606,3.162,3.000,3.000,3.000,3.162,3.606,4.243,5.000,5.385,5.831,6.083,6.325,6.708,7.211,7.810,9.220,8.602,8.062,7.616,7.071,6.403,5.657,5.000,4.472,4.123,4.000,4.000,4.000,4.123,4.472,5.000,5.657,6.325,6.708,7.071,7.280,7.616,8.062,8.602,10.000,9.434,8.944,8.485,7.810,7.071,6.403,5.831,5.385,5.099,5.000,5.000,5.000,5.099,5.385,5.831,6.403,7.071,7.616,8.062,8.246,8.544,8.944,9.434,10.817,10.296,9.849,9.220,8.485,7.810,7.211,6.708,6.325,6.083,6.000,6.000,6.000,6.083,6.325,6.708,7.211,7.810,8.485,8.944,9.220,9.487,9.849,10.296,11.662,11.180,10.630,9.899,9.220,8.602,8.062,7.616,7.280,7.071,7.000,7.000,7.000,7.071,7.280,7.616,8.062,8.602,9.220,9.849,10.198,10.440,10.770,11.180,0.5505,0.0089
8.485,7.810,7.211,6.708,6.325,6.083,6.000,6.000,6.000,6.000,6.000,6.000,6.000,6.000,6.000,6.000,6.000,6.000,6.000,6.083,6.325,6.708,7.211,7.810,7.810,7.071,6.403,5.831,5.385,5.099,5.000,5.000,5.000,5.000,5.000,5.000,5.000,5.000,5.000,5.000,5.000,5.000,5.000,5.099,5.385,5.831,6.403,7.071,7.211,6.403,5.657,5.000,4.472,4.123,4.000,4.000,4.000,4.000,4.000,4.000,4.000,4.000,4.000,4.000,4.000,4.000,4.000,4.123,4.472,5.000,5.657,6.403,6.708,5.831,5.000,4.243,3.606,3.162,3.000,3.000,3.000,3.000,3.000,3.000,3.000,3.000,3.000,3.000,3.000,3.000,3.000,3.162,3.606,4.243,5.000,5.831,6.325,5.385,4.472,3.606,2.828,2.236,2.000,2.000,2.000,2.000,2.000,2.000,2.000,2.000,2.000,2.000,2.000,2.000,2.000,2.236,2.828,3.606,4.472,5.385,6.083,5.099,4.123,3.162,2.236,1.414,1.000,1.000,1.000,1.000,1.000,1.000,1.000,1.000,1.000,1.000,1.000,1.000,1.000,1.414,2.236,3.162,4.123,5.099,6.000,5.000,4.000,3.000,2.000,1.000,-1.000,-1.000,-1.000,-1.000,-1.000,-1.000,-1.000,-1.000,-1.000,-1.000,-1.000,-1.000,-1.000,1.000,2.000,3.000,4.000,5.000,6.083,5.099,4.123,3.162,2.236,1.414,1.000,-1.000,-1.414,-2.000,-2.000,-2.000,-2.000,-2.000,-1.414,-1.000,-1.000,1.000,1.000,1.414,2.236,3.162,4.123,5.099,6.325,5.385,4.472,3.606,2.828,2.236,1.414,1.000,-1.000,-1.414,-2.236,-2.828,-2.236,-1.414,-1.000,1.000,1.000,1.414,2.000,2.236,2.828,3.606,4.472,5.385,6.708,5.831,5.000,4.243,3.606,2.828,2.236,1.414,1.000,-1.000,-1.414,-2.000,-1.414,-1.000,1.000,1.414,2.000,2.236,2.828,3.162,3.606,4.243,5.000,5.831,7.211,6.403,5.657,5.000,4.243,3.606,2.828,2.236,1.414,1.000,-1.000,-1.000,-1.000,1.000,1.414,2.236,2.828,3.162,3.606,4.123,4.472,5.000,5.657,6.403,7.810,7.071,6.403,5.657,5.000,4.243,3.606,2.828,2.236,1.414,1.000,1.000,1.000,1.414,2.236,2.828,3.606,4.123,4.472,5.000,5.385,5.831,6.403,7.071,8.485,7.810,7.071,6.403,5.657,5.000,4.243,3.606,2.828,2.236,2.000,2.000,2.000,2.236,2.828,3.606,4.243,5.000,5.385,5.831,6.325,6.708,7.211,7.810,9.220,8.485,7.810,7.071,6.403,5.657,5.000,4.243,3.606,3.162,3.000,3.000,3.000,3.162,3.606,4.243,5.000,5.657,6.325,6.708,7.211,7.616,8.062,8.602,9.899,9.220,8.485,7.810,7.071,6.403,5.657,5.000,4.472,4.123,4.000,4.000,4.000,4.123,4.472,5.000,5.657,6.403,7.071,7.616,8.062,8.544,8.944,9.434,10.630,9.899,9.220,8.485,7.810,7.071,6.403,5.831,5.385,5.099,5.000,5.000,5.000,5.099,5.385,5.831,6.403,7.071,7.810,8.485,8.944,9.434,9.849,10.296,0.6386,0.0523
7.071,6.403,5.831,5.385,5.099,5.000,5.000,5.000,5.000,5.000,5.000,5.000,5.000,5.000,5.000,5.000,5.000,5.000,5.000,5.099,5.385,5.831,6.403,7.071,6.403,5.657,5.000,4.472,4.123,4.000,4.000,4.000,4.000,4.000,4.000,4.000,4.000,4.000,4.000,4.000,4.000,4.000,4.000,4.123,4.472,5.000,5.657,6.403,5.831,5.000,4.243,3.606,3.162,3.000,3.000,3.000,3.000,3.000,3.000,3.000,3.000,3.000,3.000,3.000,3.000,3.000,3.000,3.162,3.606,4.243,5.000,5.831,5.385,4.472,3.606,2.828,2.236,2.000,2.000,2.000,2.000,2.000,2.000,2.000,2.000,2.000,2.000,2.000,2.000,2.000,2.000,2.236,2.828,3.606,4.472,5.385,5.099,4.123,3.162,2.236,1.414,1.000,1.000,1.000,1.000,1.000,1.000,1.000,1.000,1.000,1.000,1.000,1.000,1.000,1.000,1.414,2.236,3.162,4.123,5.099,5.000,4.000,3.000,2.000,1.000,-1.000,-1.000,-1.000,-1.000,-1.000,-1.000,-1.000,-1.000,-1.000,-1.000,-1.000,-1.000,-1.000,-1.000,1.000,2.000,3.000,4.000,5.000,5.099,4.123,3.162,2.236,1.414,1.000,-1.000,-1.000,-1.414,-2.000,-2.000,-2.000,-2.000,-2.000,-1.414,-1.000,-1.000,1.000,1.000,1.414,2.236,3.162,4.123,5.099,5.385,4.472,3.606,2.828,2.236,1.414,1.000,1.000,-1.000,-1.414,-2.000,-2.000,-1.414,-1.000,-1.000,1.000,1.000,1.414,2.000,2.236,2.828,3.606,4.472,5.385,5.831,5.000,4.243,3.606,2.828,2.236,2.000,1.414,1.000,-1.000,-1.000,-1.000,-1.000,1.000,1.000,1.414,2.000,2.236,2.828,3.162,3.606,4.243,5.000,5.831,6.403,5.657,5.000,4.243,3.606,3.162,2.828,2.236,1.414,1.000,1.000,1.000,1.000,1.414,2.000,2.236,2.828,3.162,3.606,4.123,4.472,5.000,5.657,6.403,7.071,6.403,5.657,5.000,4.472,4.123,3.606,2.828,2.236,2.000,2.000,2.000,2.000,2.236,2.828,3.162,3.606,4.123,4.472,5.000,5.385,5.831,6.403,7.071,7.810,7.071,6.403,5.831,5.385,5.000,4.243,3.606,3.162,3.000,3.000,3.000,3.000,3.162,3.606,4.123,4.472,5.000,5.385,5.831,6.325,6.708,7.211,7.810,8.485,7.810,7.211,6.708,6.325,5.657,5.000,4.472,4.123,4.000,4.000,4.000,4.000,4.123,4.472,5.000,5.385,5.831,6.325,6.708,7.211,7.616,8.062,8.602,9.220,8.602,8.062,7.616,7.071,6.403,5.831,5.385,5.099,5.000,5.000,5.000,5.000,5.099,5.385,5.831,6.325,6.708,7.211,7.616,8.062,8.544,8.944,9.434,10.000,9.434,8.944,8.485,7.810,7.211,6.708,6.325,6.083,6.000,6.000,6.000,6.000,6.083,6.325,6.708,7.211,7.616,8.062,8.544,8.944,9.434,9.849,10.296,10.817,10.296,9.849,9.220,8.602,8.062,7.616,7.280,7.071,7.000,7.000,7.000,7.000,7.071,7.280,7.616,8.062,8.544,8.944,9.434,9.849,10.296,10.770,11.180,0.4975,-0.0614
5.099,5.000,5.000,5.000,5.000,5.000,5.000,5.000,5.000,5.000,5.000,5.000,5.000,5.000,5.000,5.000,5.000,5.000,5.000,5.000,5.000,5.000,5.000,5.099,4.123,4.000,4.000,4.000,4.000,4.000,4.000,4.000,4.000,4.000,4.000,4.000,4.000,4.000,4.000,4.000,4.000,4.000,4.000,4.000,4.000,4.000,4.000,4.123,3.162,3.000,3.000,3.000,3.000,3.000,3.000,3.000,3.000,3.000,3.000,3.000,3.000,3.000,3.000,3.000,3.000,3.000,3.000,3.000,3.000,3.000,3.000,3.162,2.236,2.000,2.000,2.000,2.000,2.000,2.000,2.000,2.000,2.000,2.000,2.000,2.000,2.000,2.000,2.000,2.000,2.000,2.000,2.000,2.000,2.000,2.000,2.236,1.414,1.000,1.000,1.000,1.000,1.000,1.000,1.000,1.000,1.000,1.000,1.000,1.000,1.000,1.000,1.000,1.000,1.000,1.000,1.000,1.000,1.000,1.000,1.414,1.000,-1.000,-1.000,-1.000,-1.000,-1.000,-1.000,-1.000,-1.000,-1.000,-1.000,-1.000,-1.000,-1.000,-1.000,-1.000,-1.000,-1.000,-1.000,-1.000,-1.000,-1.000,-1.000,1.000,1.414,1.000,-1.000,-1.414,-2.000,-2.000,-2.000,-2.000,-2.000,-2.000,-2.000,-2.000,-2.000,-2.000,-2.000,-2.000,-2.000,-2.000,-2.000,-2.000,-2.000,-1.414,-1.000,1.000,2.236,1.414,1.000,-1.000,-2.000,-2.828,-3.000,-3.000,-3.000,-3.000,-3.000,-3.000,-3.000,-3.000,-3.000,-3.000,-3.000,-2.828,-2.236,-1.414,-1.000,-1.000,1.000,1.414,2.828,2.000,1.000,-1.000,-1.414,-2.236,-2.828,-3.606,-4.000,-4.000,-4.000,-4.000,-4.000,-4.000,-3.606,-2.828,-2.236,-2.000,-1.414,-1.000,1.000,1.000,1.414,2.236,3.162,2.236,1.414,1.000,-1.000,-1.414,-2.236,-2.828,-3.162,-3.606,-4.000,-3.606,-3.162,-3.000,-2.828,-2.236,-1.414,-1.000,-1.000,1.000,1.414,2.000,2.236,2.828,3.606,2.828,2.236,1.414,1.000,-1.000,-1.414,-2.000,-2.236,-2.828,-3.000,-2.828,-2.236,-2.000,-2.000,-1.414,-1.000,1.000,1.000,1.414,2.236,2.828,3.162,3.606,4.243,3.606,2.828,2.236,1.414,1.000,-1.000,-1.000,-1.414,-2.000,-2.000,-2.000,-1.414,-1.000,-1.000,-1.000,1.000,1.414,2.000,2.236,2.828,3.606,4.123,4.472,5.000,4.243,3.606,2.828,2.236,1.414,1.000,1.000,-1.000,-1.000,-1.000,-1.000,-1.000,1.000,1.000,1.000,1.414,2.236,2.828,3.162,3.606,4.243,5.000,5.385,5.657,5.000,4.243,3.606,2.828,2.236,2.000,1.414,1.000,1.000,1.000,1.000,1.000,1.414,2.000,2.000,2.236,2.828,3.606,4.123,4.472,5.000,5.657,6.325,6.403,5.657,5.000,4.243,3.606,3.162,2.828,2.236,2.000,2.000,2.000,2.000,2.000,2.236,2.828,3.000,3.162,3.606,4.243,5.000,5.385,5.831,6.403,7.071,7.071,6.403,5.657,5.000,4.472,4.123,3.606,3.162,3.000,3.000,3.000,3.000,3.000,3.162,3.606,4.000,4.123,4.472,5.000,5.657,6.325,6.708,7.211,7.810,0.6010,-0.1271
3.606,3.162,3.000,3.000,3.000,3.000,3.000,3.000,3.000,3.000,3.000,3.000,3.000,3.000,3.000,3.000,3.000,3.000,3.000,3.000,3.000,3.000,3.162,3.606,2.828,2.236,2.000,2.000,2.000,2.000,2.000,2.000,2.000,2.000,2.000,2.000,2.000,2.000,2.000,2.000,2.000,2.000,2.000,2.000,2.000,2.000,2.236,2.828,2.236,1.414,1.000,1.000,1.000,1.000,1.000,1.000,1.000,1.000,1.000,1.000,1.000,1.000,1.000,1.000,1.000,1.000,1.000,1.000,1.000,1.000,1.414,2.236,2.000,1.000,-1.000,-1.000,-1.000,-1.000,-1.000,-1.000,-1.000,-1.000,-1.000,-1.000,-1.000,-1.000,-1.000,-1.000,-1.000,-1.000,-1.000,-1.000,-1.000,-1.000,1.000,2.000,2.236,1.414,1.000,-1.000,-2.000,-2.000,-2.000,-2.000,-2.000,-2.000,-2.000,-2.000,-2.000,-2.000,-2.000,-2.000,-2.000,-2.000,-2.000,-2.000,-2.000,-1.000,1.000,2.000,2.828,2.000,1.000,-1.000,-1.414,-2.236,-2.828,-3.000,-3.000,-3.000,-3.000,-3.000,-3.000,-3.000,-3.000,-3.000,-3.000,-3.000,-3.000,-3.000,-2.000,-1.000,1.000,2.000,3.162,2.236,1.414,1.000,-1.000,-1.414,-2.236,-2.828,-3.606,-4.000,-4.000,-4.000,-4.000,-4.000,-4.000,-4.000,-4.000,-4.000,-4.000,-3.000,-2.000,-1.000,1.000,2.000,3.606,2.828,2.236,1.414,1.000,-1.000,-1.414,-2.236,-3.162,-4.123,-5.000,-5.000,-5.000,-5.000,-4.472,-4.123,-3.606,-3.162,-3.000,-3.000,-2.000,-1.000,1.000,2.000,4.243,3.606,2.828,2.236,1.414,1.000,-1.000,-2.000,-2.828,-3.606,-4.472,-5.385,-5.000,-4.243,-3.606,-3.162,-2.828,-2.236,-2.000,-2.000,-2.000,-1.000,1.000,2.000,5.000,4.243,3.606,2.828,2.000,1.000,-1.000,-1.414,-2.236,-3.162,-4.123,-5.000,-4.243,-3.606,-2.828,-2.236,-2.000,-1.414,-1.000,-1.000,-1.000,-1.000,1.000,2.000,5.657,5.000,4.123,3.162,2.236,1.414,1.000,-1.000,-2.000,-2.828,-3.606,-4.243,-3.606,-2.828,-2.236,-1.414,-1.000,-1.000,1.000,1.000,1.000,1.000,1.414,2.236,6.325,5.385,4.472,3.606,2.828,2.000,1.000,-1.000,-1.414,-2.236,-3.162,-3.606,-2.828,-2.236,-1.414,-1.000,1.000,1.000,1.414,2.000,2.000,2.000,2.236,2.828,6.708,5.831,5.000,4.123,3.162,2.236,1.414,1.000,-1.000,-2.000,-2.828,-3.162,-2.236,-1.414,-1.000,1.000,1.414,2.000,2.236,2.828,3.000,3.000,3.162,3.606,7.211,6.325,5.385,4.472,3.606,2.828,2.000,1.000,-1.000,-1.414,-2.236,-2.828,-2.000,-1.000,1.000,1.414,2.236,2.828,3.162,3.606,4.000,4.000,4.123,4.472,7.616,6.708,5.831,5.000,4.123,3.162,2.236,1.414,1.000,-1.000,-2.000,-2.236,-1.414,-1.000,1.000,2.000,2.828,3.606,4.123,4.472,5.000,5.000,5.099,5.385,8.062,7.211,6.325,5.385,4.472,3.606,2.828,2.000,1.000,-1.000,-2.000,-2.000,-1.000,1.000,1.414,2.236,3.162,4.123,5.000,5.385,5.831,6.000,6.083,6.325,1.2773,-0.1263
5.000,4.243,3.606,3.162,3.000,3.000,3.000,3.000,3.000,3.000,3.000,3.000,3.000,3.000,3.000,3.000,3.000,3.000,3.000,3.000,3.162,3.606,4.243,5.000,4.472,3.606,2.828,2.236,2.000,2.000,2.000,2.000,2.000,2.000,2.000,2.000,2.000,2.000,2.000,2.000,2.000,2.000,2.000,2.000,2.236,2.828,3.606,4.472,4.123,3.162,2.236,1.414,1.000,1.000,1.000,1.000,1.000,1.000,1.000,1.000,1.000,1.000,1.000,1.000,1.000,1.000,1.000,1.000,1.414,2.236,3.162,4.123,4.000,3.000,2.000,1.000,-1.000,-1.000,-1.000,-1.000,-1.000,-1.000,-1.000,-1.000,-1.000,-1.000,-1.000,-1.000,-1.000,-1.000,-1.000,-1.000,1.000,2.000,3.000,4.000,4.123,3.162,2.236,1.414,1.000,-1.000,-1.414,-2.000,-2.000,-2.000,-2.000,-2.000,-2.000,-2.000,-2.000,-2.000,-2.000,-2.000,-2.000,-1.000,1.000,2.000,3.000,4.000,4.472,3.606,2.828,2.236,1.414,1.000,-1.000,-2.000,-2.828,-3.000,-3.000,-3.000,-3.000,-3.000,-3.000,-3.000,-3.000,-3.000,-2.000,-1.000,1.000,2.000,3.000,4.000,5.000,4.243,3.606,2.828,2.000,1.000,-1.000,-1.414,-2.236,-2.828,-3.606,-4.000,-4.000,-4.000,-4.000,-4.000,-4.000,-3.000,-2.000,-1.000,1.000,2.000,3.000,4.000,5.657,5.000,4.123,3.162,2.236,1.414,1.000,-1.000,-1.414,-2.236,-3.162,-4.123,-5.000,-4.243,-3.606,-3.162,-3.000,-2.828,-2.000,-1.000,1.000,2.000,3.000,4.000,6.325,5.385,4.472,3.606,2.828,2.236,1.414,1.000,-1.000,-2.000,-3.000,-4.000,-4.243,-3.606,-2.828,-2.236,-2.000,-2.000,-1.414,-1.000,1.000,2.000,3.000,4.000,6.708,5.831,5.000,4.243,3.606,2.828,2.000,1.000,-1.000,-2.000,-2.828,-3.606,-3.606,-2.828,-2.236,-1.414,-1.000,-1.000,-1.000,1.000,1.414,2.236,3.162,4.123,7.211,6.403,5.657,5.000,4.000,3.000,2.000,1.000,-1.000,-1.414,-2.236,-3.162,-2.828,-2.236,-1.414,-1.000,1.000,1.000,1.000,1.414,2.236,2.828,3.606,4.472,7.810,7.071,6.083,5.099,4.123,3.162,2.236,1.414,1.000,-1.000,-2.000,-2.828,-2.236,-1.414,-1.000,1.000,1.414,2.000,2.000,2.236,2.828,3.606,4.243,5.000,8.246,7.280,6.325,5.385,4.472,3.606,2.828,2.000,1.000,-1.000,-1.414,-2.236,-2.000,-1.000,1.000,1.414,2.236,2.828,3.000,3.162,3.606,4.243,5.000,5.657,8.544,7.616,6.708,5.831,5.000,4.123,3.162,2.236,1.414,1.000,-1.000,-2.000,-1.414,-1.000,1.000,2.000,2.828,3.606,4.000,4.123,4.472,5.000,5.657,6.403,8.944,8.062,7.211,6.325,5.385,4.472,3.606,2.828,2.000,1.000,-1.000,-1.414,-1.000,1.000,1.414,2.236,3.162,4.123,5.000,5.099,5.385,5.831,6.403,7.071,9.434,8.544,7.616,6.708,5.831,5.000,4.000,3.000,2.000,1.000,-1.000,-1.000,1.000,1.414,2.236,2.828,3.606,4.472,5.385,6.083,6.325,6.708,7.211,7.810,1.2029,-0.0428
5.657,5.000,4.472,4.123,4.000,4.000,4.000,4.000,4.000,4.000,4.000,4.000,4.000,4.000,4.000,4.000,4.000,4.000,4.000,4.000,4.123,4.472,5.000,5.657,5.000,4.243,3.606,3.162,3.000,3.000,3.000,3.000,3.000,3.000,3.000,3.000,3.000,3.000,3.000,3.000,3.000,3.000,3.000,3.000,3.162,3.606,4.243,5.000,4.472,3.606,2.828,2.236,2.000,2.000,2.000,2.000,2.000,2.000,2.000,2.000,2.000,2.000,2.000,2.000,2.000,2.000,2.000,2.000,2.236,2.828,3.606,4.472,4.123,3.162,2.236,1.414,1.000,1.000,1.000,1.000,1.000,1.000,1.000,1.000,1.000,1.000,1.000,1.000,1.000,1.000,1.000,1.000,1.414,2.236,3.162,4.123,4.000,3.000,2.000,1.000,-1.000,-1.000,-1.000,-1.000,-1.000,-1.000,-1.000,-1.000,-1.000,-1.000,-1.000,-1.000,-1.000,-1.000,-1.000,-1.000,1.000,2.000,3.000,4.000,4.000,3.000,2.000,1.000,-1.000,-1.414,-2.000,-2.000,-2.000,-2.000,-2.000,-2.000,-2.000,-2.000,-2.000,-2.000,-2.000,-2.000,-2.000,-1.000,1.000,2.000,3.000,4.000,4.123,3.162,2.236,1.414,1.000,-1.000,-1.414,-2.236,-3.000,-3.000,-3.000,-3.000,-3.000,-3.000,-3.000,-3.000,-3.000,-3.000,-2.000,-1.000,1.000,2.000,3.000,4.000,4.472,3.606,2.828,2.236,1.414,1.000,-1.000,-2.000,-2.828,-3.606,-4.000,-4.000,-4.000,-4.000,-4.000,-4.000,-4.000,-3.000,-2.000,-1.000,1.000,2.000,3.000,4.000,5.000,4.243,3.606,2.828,2.000,1.000,-1.000,-1.414,-2.236,-3.162,-4.123,-5.000,-5.000,-4.472,-4.123,-3.606,-3.162,-3.000,-2.000,-1.000,1.000,2.000,3.000,4.000,5.657,5.000,4.123,3.162,2.236,1.414,1.000,-1.000,-2.000,-2.828,-3.606,-4.472,-4.243,-3.606,-3.162,-2.828,-2.236,-2.000,-2.000,-1.000,1.000,2.000,3.000,4.000,6.325,5.385,4.472,3.606,2.828,2.000,1.000,-1.000,-1.414,-2.236,-3.162,-4.123,-3.606,-2.828,-2.236,-2.000,-1.414,-1.000,-1.000,-1.000,1.000,2.000,3.000,4.000,6.708,5.831,5.000,4.123,3.162,2.236,1.414,1.000,-1.000,-2.000,-2.828,-3.606,-2.828,-2.236,-1.414,-1.000,-1.000,1.000,1.000,1.000,1.414,2.236,3.162,4.123,7.211,6.325,5.385,4.472,3.606,2.828,2.000,1.000,-1.000,-1.414,-2.236,-3.162,-2.236,-1.414,-1.000,1.000,1.000,1.414,2.000,2.000,2.236,2.828,3.606,4.472,7.616,6.708,5.831,5.000,4.123,3.162,2.236,1.414,1.000,-1.000,-2.000,-2.828,-2.000,-1.000,1.000,1.414,2.000,2.236,2.828,3.000,3.162,3.606,4.243,5.000,8.062,7.211,6.325,5.385,4.472,3.606,2.828,2.000,1.000,-1.000,-1.414,-2.236,-1.414,-1.000,1.000,2.000,2.828,3.162,3.606,4.000,4.123,4.472,5.000,5.657,8.544,7.616,6.708,5.831,5.000,4.123,3.162,2.236,1.414,1.000,-1.000,-2.000,-1.000,1.000,1.414,2.236,3.162,4.123,4.472,5.000,5.099,5.385,5.831,6.403,1.1997,-0.0096
3.162,3.000,3.000,3.000,3.000,3.000,3.000,3.000,3.000,3.000,3.000,3.000,3.000,3.000,3.000,3.000,3.000,3.000,3.000,3.000,3.000,3.000,3.000,3.162,2.236,2.000,2.000,2.000,2.000,2.000,2.000,2.000,2.000,2.000,2.000,2.000,2.000,2.000,2.000,2.000,2.000,2.000,2.000,2.000,2.000,2.000,2.000,2.236,1.414,1.000,1.000,1.000,1.000,1.000,1.000,1.000,1.000,1.000,1.000,1.000,1.000,1.000,1.000,1.000,1.000,1.000,1.000,1.000,1.000,1.000,1.000,1.414,1.000,-1.000,-1.000,-1.000,-1.000,-1.000,-1.000,-1.000,-1.000,-1.000,-1.000,-1.000,-1.000,-1.000,-1.000,-1.000,-1.000,-1.000,-1.000,-1.000,-1.000,-1.000,-1.000,1.000,1.414,1.000,-1.000,-1.000,-1.414,-2.000,-2.000,-2.000,-2.000,-2.000,-2.000,-2.000,-2.000,-2.000,-2.000,-2.000,-2.000,-2.000,-2.000,-2.000,-2.000,-2.000,-1.000,1.000,2.236,1.414,1.000,1.000,-1.000,-1.000,-1.414,-2.236,-2.828,-3.000,-3.000,-3.000,-3.000,-3.000,-2.828,-2.236,-2.000,-2.000,-2.000,-2.000,-2.000,-2.000,-1.000,1.000,2.828,2.236,2.000,1.414,1.000,1.000,-1.000,-1.414,-2.236,-2.828,-3.606,-3.606,-3.162,-2.828,-2.236,-1.414,-1.000,-1.000,-1.000,-1.000,-1.000,-1.000,-1.000,1.000,3.606,3.162,2.828,2.236,2.000,1.414,1.000,-1.000,-1.414,-2.236,-2.828,-2.828,-2.236,-2.000,-1.414,-1.000,1.000,1.000,1.000,1.000,1.000,1.000,1.000,1.414,4.472,4.123,3.606,3.162,2.828,2.236,1.414,1.000,-1.000,-1.414,-2.000,-2.000,-1.414,-1.000,-1.000,1.000,1.414,2.000,2.000,2.000,2.000,2.000,2.000,2.236,5.385,5.000,4.472,4.123,3.606,2.828,2.236,1.414,1.000,-1.000,-1.000,-1.000,-1.000,1.000,1.000,1.414,2.236,2.828,3.000,3.000,3.000,3.000,3.000,3.162,6.325,5.831,5.385,5.000,4.243,3.606,2.828,2.236,1.414,1.000,1.000,1.000,1.000,1.414,2.000,2.236,2.828,3.606,4.000,4.000,4.000,4.000,4.000,4.123,7.211,6.708,6.325,5.657,5.000,4.243,3.606,2.828,2.236,2.000,2.000,2.000,2.000,2.236,2.828,3.162,3.606,4.243,5.000,5.000,5.000,5.000,5.000,5.099,8.062,7.616,7.071,6.403,5.657,5.000,4.243,3.606,3.162,3.000,3.000,3.000,3.000,3.162,3.606,4.123,4.472,5.000,5.657,6.000,6.000,6.000,6.000,6.083,8.944,8.485,7.810,7.071,6.403,5.657,5.000,4.472,4.123,4.000,4.000,4.000,4.000,4.123,4.472,5.000,5.385,5.831,6.403,7.000,7.000,7.000,7.000,7.071,9.849,9.220,8.485,7.810,7.071,6.403,5.831,5.385,5.099,5.000,5.000,5.000,5.000,5.099,5.385,5.831,6.325,6.708,7.211,7.810,8.000,8.000,8.000,8.062,10.630,9.899,9.220,8.485,7.810,7.211,6.708,6.325,6.083,6.000,6.000,6.000,6.000,6.083,6.325,6.708,7.211,7.616,8.062,8.602,9.000,9.000,9.000,9.055,0.8881,0.0229
5.831,5.385,5.099,5.000,5.000,5.000,5.000,5.000,5.000,5.000,5.000,5.000,5.000,5.000,5.000,5.000,5.000,5.000,5.000,5.000,5.000,5.000,5.099,5.385,5.000,4.472,4.123,4.000,4.000,4.000,4.000,4.000,4.000,4.000,4.000,4.000,4.000,4.000,4.000,4.000,4.000,4.000,4.000,4.000,4.000,4.000,4.123,4.472,4.243,3.606,3.162,3.000,3.000,3.000,3.000,3.000,3.000,3.000,3.000,3.000,3.000,3.000,3.000,3.000,3.000,3.000,3.000,3.000,3.000,3.000,3.162,3.606,3.606,2.828,2.236,2.000,2.000,2.000,2.000,2.000,2.000,2.000,2.000,2.000,2.000,2.000,2.000,2.000,2.000,2.000,2.000,2.000,2.000,2.000,2.236,2.828,3.162,2.236,1.414,1.000,1.000,1.000,1.000,1.000,1.000,1.000,1.000,1.000,1.000,1.000,1.000,1.000,1.000,1.000,1.000,1.000,1.000,1.000,1.414,2.236,3.000,2.000,1.000,-1.000,-1.000,-1.000,-1.000,-1.000,-1.000,-1.000,-1.000,-1.000,-1.000,-1.000,-1.000,-1.000,-1.000,-1.000,-1.000,-1.000,-1.000,-1.000,1.000,2.000,3.162,2.236,1.414,1.000,-1.000,-1.000,-1.414,-2.000,-2.000,-2.000,-2.000,-2.000,-2.000,-2.000,-2.000,-2.000,-2.000,-2.000,-2.000,-2.000,-1.414,-1.000,1.000,2.000,3.606,2.828,2.236,1.414,1.000,1.000,-1.000,-1.414,-2.236,-2.828,-3.000,-3.000,-3.000,-2.828,-2.236,-2.000,-2.000,-1.414,-1.000,-1.000,-1.000,1.000,1.414,2.236,4.243,3.606,2.828,2.236,2.000,1.414,1.000,-1.000,-1.414,-2.000,-2.236,-2.236,-2.000,-2.000,-1.414,-1.000,-1.000,-1.000,1.000,1.000,1.000,1.414,2.236,2.828,5.000,4.243,3.606,3.162,2.828,2.236,1.414,1.000,-1.000,-1.000,-1.414,-1.414,-1.000,-1.000,-1.000,1.000,1.000,1.000,1.414,2.000,2.000,2.236,2.828,3.606,5.657,5.000,4.472,4.123,3.606,2.828,2.236,1.414,1.000,1.000,-1.000,-1.000,1.000,1.000,1.000,1.414,2.000,2.000,2.236,2.828,3.000,3.162,3.606,4.243,6.403,5.831,5.385,5.000,4.243,3.606,2.828,2.236,2.000,1.414,1.000,1.000,1.414,2.000,2.000,2.236,2.828,3.000,3.162,3.606,4.000,4.123,4.472,5.000,7.211,6.708,6.325,5.657,5.000,4.243,3.606,3.162,2.828,2.236,2.000,2.000,2.236,2.828,3.000,3.162,3.606,4.000,4.123,4.472,5.000,5.099,5.385,5.831,8.062,7.616,7.071,6.403,5.657,5.000,4.472,4.123,3.606,3.162,3.000,3.000,3.162,3.606,4.000,4.123,4.472,5.000,5.099,5.385,5.831,6.083,6.325,6.708,8.944,8.485,7.810,7.071,6.403,5.831,5.385,5.000,4.472,4.123,4.000,4.000,4.123,4.472,5.000,5.099,5.385,5.831,6.083,6.325,6.708,7.071,7.280,7.616,9.849,9.220,8.485,7.810,7.211,6.708,6.325,5.831,5.385,5.099,5.000,5.000,5.099,5.385,5.831,6.083,6.325,6.708,7.071,7.280,7.616,8.062,8.246,8.544,0.7089,-0.0207
7.810,7.071,6.403,5.831,5.385,5.099,5.000,5.000,5.000,5.000,5.000,5.000,5.000,5.000,5.000,5.000,5.000,5.000,5.000,5.099,5.385,5.831,6.403,7.071,7.211,6.403,5.657,5.000,4.472,4.123,4.000,4.000,4.000,4.000,4.000,4.000,4.000,4.000,4.000,4.000,4.000,4.000,4.000,4.123,4.472,5.000,5.657,6.403,6.708,5.831,5.000,4.243,3.606,3.162,3.000,3.000,3.000,3.000,3.000,3.000,3.000,3.000,3.000,3.000,3.000,3.000,3.000,3.162,3.606,4.243,5.000,5.831,6.325,5.385,4.472,3.606,2.828,2.236,2.000,2.000,2.000,2.000,2.000,2.000,2.000,2.000,2.000,2.000,2.000,2.000,2.000,2.236,2.828,3.606,4.472,5.385,6.083,5.099,4.123,3.162,2.236,1.414,1.000,1.000,1.000,1.000,1.000,1.000,1.000,1.000,1.000,1.000,1.000,1.000,1.000,1.414,2.236,3.162,4.123,5.099,6.000,5.000,4.000,3.000,2.000,1.000,-1.000,-1.000,-1.000,-1.000,-1.000,-1.000,-1.000,-1.000,-1.000,-1.000,-1.000,-1.000,-1.000,1.000,2.000,3.000,4.000,5.000,6.000,5.000,4.000,3.000,2.000,1.000,-1.000,-1.414,-2.000,-2.000,-2.000,-2.000,-2.000,-2.000,-2.000,-2.000,-2.000,-2.000,-1.000,1.000,2.000,3.000,4.000,5.000,6.083,5.099,4.123,3.162,2.236,1.414,1.000,-1.000,-2.000,-2.828,-3.000,-3.000,-3.000,-3.000,-3.000,-2.828,-2.236,-1.414,-1.000,1.000,2.000,3.000,4.000,5.000,6.325,5.385,4.472,3.606,2.828,2.000,1.000,-1.000,-1.414,-2.236,-3.162,-4.000,-4.000,-3.606,-2.828,-2.236,-1.414,-1.000,1.000,1.414,2.236,3.162,4.123,5.099,6.708,5.831,5.000,4.123,3.162,2.236,1.414,1.000,-1.000,-2.000,-3.000,-4.000,-3.606,-2.828,-2.236,-1.414,-1.000,1.000,1.414,2.236,2.828,3.606,4.472,5.385,7.211,6.325,5.385,4.472,3.606,2.828,2.000,1.000,-1.000,-2.000,-2.828,-3.606,-2.828,-2.236,-1.414,-1.000,1.000,1.414,2.236,2.828,3.606,4.243,5.000,5.831,7.616,6.708,5.831,5.000,4.000,3.000,2.000,1.000,-1.000,-1.414,-2.236,-3.162,-2.236,-1.414,-1.000,1.000,1.414,2.236,2.828,3.606,4.243,5.000,5.657,6.403,8.062,7.071,6.083,5.099,4.123,3.162,2.236,1.414,1.000,-1.000,-2.000,-2.828,-2.000,-1.000,1.000,1.414,2.236,2.828,3.606,4.243,5.000,5.657,6.403,7.071,8.246,7.280,6.325,5.385,4.472,3.606,2.828,2.000,1.000,-1.000,-1.414,-2.236,-1.414,-1.000,1.000,2.000,2.828,3.606,4.243,5.000,5.657,6.403,7.071,7.810,8.544,7.616,6.708,5.831,5.000,4.123,3.162,2.236,1.414,1.000,-1.000,-2.000,-1.000,1.000,1.414,2.236,3.162,4.123,5.000,5.657,6.403,7.071,7.810,8.485,8.944,8.062,7.211,6.325,5.385,4.472,3.606,2.828,2.000,1.000,-1.000,-2.000,-1.000,1.000,2.000,2.828,3.606,4.472,5.385,6.325,7.071,7.810,8.485,9.220,1.0477,0.0276
5.657,5.000,4.472,4.123,4.000,4.000,4.000,4.000,4.000,4.000,4.000,4.000,4.000,4.000,4.000,4.000,4.000,4.000,4.000,4.000,4.000,4.000,4.123,4.472,5.000,4.243,3.606,3.162,3.000,3.000,3.000,3.000,3.000,3.000,3.000,3.000,3.000,3.000,3.000,3.000,3.000,3.000,3.000,3.000,3.000,3.000,3.162,3.606,4.472,3.606,2.828,2.236,2.000,2.000,2.000,2.000,2.000,2.000,2.000,2.000,2.000,2.000,2.000,2.000,2.000,2.000,2.000,2.000,2.000,2.000,2.236,2.828,4.123,3.162,2.236,1.414,1.000,1.000,1.000,1.000,1.000,1.000,1.000,1.000,1.000,1.000,1.000,1.000,1.000,1.000,1.000,1.000,1.000,1.000,1.414,2.236,4.000,3.000,2.000,1.000,-1.000,-1.000,-1.000,-1.000,-1.000,-1.000,-1.000,-1.000,-1.000,-1.000,-1.000,-1.000,-1.000,-1.000,-1.000,-1.000,-1.000,-1.000,1.000,2.000,4.123,3.162,2.236,1.414,1.000,-1.000,-1.414,-2.000,-2.000,-2.000,-2.000,-2.000,-2.000,-2.000,-2.000,-2.000,-1.414,-1.000,-1.000,-1.000,1.000,1.000,1.414,2.236,4.472,3.606,2.828,2.236,1.414,1.000,-1.000,-1.414,-2.236,-2.828,-3.000,-3.000,-2.828,-2.236,-1.414,-1.000,-1.000,1.000,1.000,1.000,1.414,2.000,2.236,2.828,5.000,4.243,3.606,2.828,2.236,1.414,1.000,-1.000,-1.414,-2.236,-2.828,-2.828,-2.236,-1.414,-1.000,1.000,1.000,1.414,2.000,2.000,2.236,2.828,3.162,3.606,5.657,5.000,4.243,3.606,2.828,2.236,1.414,1.000,-1.000,-1.414,-2.236,-2.236,-1.414,-1.000,1.000,1.414,2.000,2.236,2.828,3.000,3.162,3.606,4.123,4.472,6.403,5.657,5.000,4.243,3.606,2.828,2.236,1.414,1.000,-1.000,-1.414,-1.414,-1.000,1.000,1.414,2.236,2.828,3.162,3.606,4.000,4.123,4.472,5.000,5.385,7.071,6.403,5.657,5.000,4.243,3.606,2.828,2.236,1.414,1.000,-1.000,-1.000,1.000,1.414,2.236,2.828,3.606,4.123,4.472,5.000,5.099,5.385,5.831,6.325,7.810,7.071,6.403,5.657,5.000,4.243,3.606,2.828,2.236,1.414,1.000,1.000,1.414,2.236,2.828,3.606,4.243,5.000,5.385,5.831,6.083,6.325,6.708,7.211,8.485,7.810,7.071,6.403,5.657,5.000,4.243,3.606,2.828,2.236,2.000,2.000,2.236,2.828,3.606,4.243,5.000,5.657,6.325,6.708,7.071,7.280,7.616,8.062,9.220,8.485,7.810,7.071,6.403,5.657,5.000,4.243,3.606,3.162,3.000,3.000,3.162,3.606,4.243,5.000,5.657,6.403,7.071,7.616,8.062,8.246,8.544,8.944,9.899,9.220,8.485,7.810,7.071,6.403,5.657,5.000,4.472,4.123,4.000,4.000,4.123,4.472,5.000,5.657,6.403,7.071,7.810,8.485,8.944,9.220,9.487,9.849,10.630,9.899,9.220,8.485,7.810,7.071,6.403,5.831,5.385,5.099,5.000,5.000,5.099,5.385,5.831,6.403,7.071,7.810,8.485,9.220,9.849,10.198,10.440,10.770,0.6950,-0.0808
6.403,5.831,5.385,5.099,5.000,5.000,5.000,5.000,5.000,5.000,5.000,5.000,5.000,5.000,5.000,5.000,5.000,5.000,5.000,5.000,5.000,5.099,5.385,5.831,5.657,5.000,4.472,4.123,4.000,4.000,4.000,4.000,4.000,4.000,4.000,4.000,4.000,4.000,4.000,4.000,4.000,4.000,4.000,4.000,4.000,4.123,4.472,5.000,5.000,4.243,3.606,3.162,3.000,3.000,3.000,3.000,3.000,3.000,3.000,3.000,3.000,3.000,3.000,3.000,3.000,3.000,3.000,3.000,3.000,3.162,3.606,4.243,4.472,3.606,2.828,2.236,2.000,2.000,2.000,2.000,2.000,2.000,2.000,2.000,2.000,2.000,2.000,2.000,2.000,2.000,2.000,2.000,2.000,2.236,2.828,3.606,4.123,3.162,2.236,1.414,1.000,1.000,1.000,1.000,1.000,1.000,1.000,1.000,1.000,1.000,1.000,1.000,1.000,1.000,1.000,1.000,1.000,1.414,2.236,3.162,4.000,3.000,2.000,1.000,-1.000,-1.000,-1.000,-1.000,-1.000,-1.000,-1.000,-1.000,-1.000,-1.000,-1.000,-1.000,-1.000,-1.000,-1.000,-1.000,-1.000,1.000,2.000,3.000,4.123,3.162,2.236,1.414,1.000,1.000,-1.000,-1.414,-2.000,-2.000,-2.000,-2.000,-2.000,-2.000,-2.000,-2.000,-2.000,-2.000,-2.000,-2.000,-1.000,1.000,2.000,3.000,4.472,3.606,2.828,2.236,2.000,1.414,1.000,-1.000,-1.414,-2.236,-3.000,-3.000,-3.000,-2.828,-2.236,-2.000,-2.000,-2.000,-1.414,-1.000,-1.000,1.000,2.000,3.000,5.000,4.243,3.606,3.162,2.828,2.236,1.414,1.000,-1.000,-2.000,-2.828,-3.606,-2.828,-2.236,-1.414,-1.000,-1.000,-1.000,-1.000,1.000,1.000,1.414,2.236,3.162,5.657,5.000,4.472,4.123,3.606,2.828,2.000,1.000,-1.000,-1.414,-2.236,-2.828,-2.236,-1.414,-1.000,1.000,1.000,1.000,1.000,1.414,2.000,2.236,2.828,3.606,6.403,5.831,5.385,5.000,4.123,3.162,2.236,1.414,1.000,-1.000,-1.414,-2.236,-1.414,-1.000,1.000,1.414,2.000,2.000,2.000,2.236,2.828,3.162,3.606,4.243,7.211,6.708,6.325,5.385,4.472,3.606,2.828,2.236,1.414,1.000,-1.000,-1.414,-1.000,1.000,1.414,2.236,2.828,3.000,3.000,3.162,3.606,4.123,4.472,5.000,8.062,7.616,6.708,5.831,5.000,4.243,3.606,2.828,2.236,1.414,1.000,-1.000,1.000,1.414,2.236,2.828,3.606,4.000,4.000,4.123,4.472,5.000,5.385,5.831,8.944,8.062,7.211,6.403,5.657,5.000,4.243,3.606,2.828,2.236,1.414,1.000,1.414,2.236,2.828,3.606,4.243,5.000,5.000,5.099,5.385,5.831,6.325,6.708,9.434,8.602,7.810,7.071,6.403,5.657,5.000,4.243,3.606,2.828,2.236,2.000,2.236,2.828,3.606,4.243,5.000,5.657,6.000,6.083,6.325,6.708,7.211,7.616,10.000,9.220,8.485,7.810,7.071,6.403,5.657,5.000,4.243,3.606,3.162,3.000,3.162,3.606,4.243,5.000,5.657,6.403,7.000,7.071,7.280,7.616,8.062,8.544,0.8983,0.0998
7.071,6.403,5.831,5.385,5.099,5.000,5.000,5.000,5.000,5.000,5.000,5.000,5.000,5.000,5.000,5.000,5.000,5.000,5.000,5.000,5.099,5.385,5.831,6.403,6.403,5.657,5.000,4.472,4.123,4.000,4.000,4.000,4.000,4.000,4.000,4.000,4.000,4.000,4.000,4.000,4.000,4.000,4.000,4.000,4.123,4.472,5.000,5.657,5.831,5.000,4.243,3.606,3.162,3.000,3.000,3.000,3.000,3.000,3.000,3.000,3.000,3.000,3.000,3.000,3.000,3.000,3.000,3.000,3.162,3.606,4.243,5.000,5.385,4.472,3.606,2.828,2.236,2.000,2.000,2.000,2.000,2.000,2.000,2.000,2.000,2.000,2.000,2.000,2.000,2.000,2.000,2.000,2.236,2.828,3.606,4.472,5.099,4.123,3.162,2.236,1.414,1.000,1.000,1.000,1.000,1.000,1.000,1.000,1.000,1.000,1.000,1.000,1.000,1.000,1.000,1.000,1.414,2.236,3.162,4.123,5.000,4.000,3.000,2.000,1.000,-1.000,-1.000,-1.000,-1.000,-1.000,-1.000,-1.000,-1.000,-1.000,-1.000,-1.000,-1.000,-1.000,-1.000,-1.000,1.000,2.000,3.000,4.000,5.099,4.123,3.162,2.236,1.414,1.000,-1.000,-1.000,-1.414,-2.000,-2.000,-2.000,-2.000,-2.000,-2.000,-2.000,-2.000,-2.000,-2.000,-1.000,1.000,2.000,3.000,4.000,5.385,4.472,3.606,2.828,2.236,1.414,1.000,1.000,-1.000,-2.000,-2.828,-3.000,-3.000,-3.000,-3.000,-3.000,-3.000,-3.000,-2.000,-1.000,1.000,2.000,3.000,4.000,5.831,5.000,4.243,3.606,2.828,2.236,2.000,1.000,-1.000,-1.414,-2.236,-2.828,-2.828,-2.236,-2.000,-2.000,-2.000,-2.000,-2.000,-1.000,1.000,2.000,3.000,4.000,6.403,5.657,5.000,4.243,3.606,3.162,2.236,1.414,1.000,-1.000,-1.414,-2.000,-2.000,-1.414,-1.000,-1.000,-1.000,-1.000,-1.000,-1.000,1.000,2.000,3.000,4.000,7.071,6.403,5.657,5.000,4.472,3.606,2.828,2.236,1.414,1.000,-1.000,-1.000,-1.000,-1.000,1.000,1.000,1.000,1.000,1.000,1.000,1.414,2.236,3.162,4.123,7.810,7.071,6.403,5.831,5.000,4.243,3.606,2.828,2.236,1.414,1.000,1.000,1.000,1.000,1.414,2.000,2.000,2.000,2.000,2.000,2.236,2.828,3.606,4.472,8.485,7.810,7.211,6.403,5.657,5.000,4.243,3.606,2.828,2.236,2.000,2.000,2.000,2.000,2.236,2.828,3.000,3.000,3.000,3.000,3.162,3.606,4.243,5.000,9.220,8.602,7.810,7.071,6.403,5.657,5.000,4.243,3.606,3.162,3.000,3.000,3.000,3.000,3.162,3.606,4.000,4.000,4.000,4.000,4.123,4.472,5.000,5.657,10.000,9.220,8.485,7.810,7.071,6.403,5.657,5.000,4.472,4.123,4.000,4.000,4.000,4.000,4.123,4.472,5.000,5.000,5.000,5.000,5.099,5.385,5.831,6.403,10.630,9.899,9.220,8.485,7.810,7.071,6.403,5.831,5.385,5.099,5.000,5.000,5.000,5.000,5.099,5.385,5.831,6.000,6.000,6.000,6.083,6.325,6.708,7.211,0.9008,0.0172
5.000,4.243,3.606,3.162,3.000,3.000,3.000,3.000,3.000,3.000,3.000,3.000,3.000,3.000,3.000,3.000,3.000,3.000,3.000,3.000,3.000,3.162,3.606,4.243,4.472,3.606,2.828,2.236,2.000,2.000,2.000,2.000,2.000,2.000,2.000,2.000,2.000,2.000,2.000,2.000,2.000,2.000,2.000,2.000,2.000,2.236,2.828,3.606,4.123,3.162,2.236,1.414,1.000,1.000,1.000,1.000,1.000,1.000,1.000,1.000,1.000,1.000,1.000,1.000,1.000,1.000,1.000,1.000,1.000,1.414,2.236,3.162,4.000,3.000,2.000,1.000,-1.000,-1.000,-1.000,-1.000,-1.000,-1.000,-1.000,-1.000,-1.000,-1.000,-1.000,-1.000,-1.000,-1.000,-1.000,-1.000,-1.000,1.000,2.000,3.000,4.123,3.162,2.236,1.414,1.000,-1.000,-1.000,-1.414,-2.000,-2.000,-2.000,-2.000,-2.000,-2.000,-2.000,-2.000,-1.414,-1.000,-1.000,1.000,1.000,1.414,2.236,3.162,4.472,3.606,2.828,2.236,1.414,1.000,1.000,-1.000,-1.414,-2.236,-2.828,-3.000,-2.828,-2.236,-1.414,-1.000,-1.000,1.000,1.000,1.414,2.000,2.236,2.828,3.606,5.000,4.243,3.606,2.828,2.236,2.000,1.414,1.000,-1.000,-1.414,-2.236,-2.828,-2.236,-1.414,-1.000,1.000,1.000,1.414,2.000,2.236,2.828,3.162,3.606,4.243,5.657,5.000,4.243,3.606,3.162,2.828,2.236,1.414,1.000,-1.000,-2.000,-2.236,-1.414,-1.000,1.000,1.414,2.000,2.236,2.828,3.162,3.606,4.123,4.472,5.000,6.403,5.657,5.000,4.472,4.123,3.606,2.828,2.000,1.000,-1.000,-1.000,-1.414,-1.000,1.000,1.414,2.236,2.828,3.162,3.606,4.123,4.472,5.000,5.385,5.831,7.071,6.403,5.831,5.385,5.000,4.123,3.162,2.236,1.414,1.000,1.000,-1.000,1.000,1.414,2.236,2.828,3.606,4.123,4.472,5.000,5.385,5.831,6.325,6.708,7.810,7.211,6.708,6.325,5.385,4.472,3.606,2.828,2.236,2.000,1.414,1.000,1.414,2.236,2.828,3.606,4.243,5.000,5.385,5.831,6.325,6.708,7.211,7.616,8.602,8.062,7.616,6.708,5.831,5.000,4.243,3.606,3.162,2.828,2.236,2.000,2.236,2.828,3.606,4.243,5.000,5.657,6.325,6.708,7.211,7.616,8.062,8.544,9.434,8.944,8.062,7.211,6.403,5.657,5.000,4.472,4.123,3.606,3.162,3.000,3.162,3.606,4.243,5.000,5.657,6.403,7.071,7.616,8.062,8.544,8.944,9.434,10.296,9.434,8.602,7.810,7.071,6.403,5.831,5.385,5.000,4.472,4.123,4.000,4.123,4.472,5.000,5.657,6.403,7.071,7.810,8.485,8.944,9.434,9.849,10.296,10.817,10.000,9.220,8.485,7.810,7.211,6.708,6.325,5.831,5.385,5.099,5.000,5.099,5.385,5.831,6.403,7.071,7.810,8.485,9.220,9.849,10.296,10.770,11.180,11.402,10.630,9.899,9.220,8.602,8.062,7.616,7.211,6.708,6.325,6.083,6.000,6.083,6.325,6.708,7.211,7.810,8.485,9.220,9.899,10.630,11.180,11.662,12.083,0.6970,-0.1360
4.243,3.606,3.162,3.000,3.000,3.000,3.000,3.000,3.000,3.000,3.000,3.000,3.000,3.000,3.000,3.000,3.000,3.000,3.000,3.000,3.000,3.000,3.162,3.606,3.606,2.828,2.236,2.000,2.000,2.000,2.000,2.000,2.000,2.000,2.000,2.000,2.000,2.000,2.000,2.000,2.000,2.000,2.000,2.000,2.000,2.000,2.236,2.828,3.162,2.236,1.414,1.000,1.000,1.000,1.000,1.000,1.000,1.000,1.000,1.000,1.000,1.000,1.000,1.000,1.000,1.000,1.000,1.000,1.000,1.000,1.414,2.236,3.000,2.000,1.000,-1.000,-1.000,-1.000,-1.000,-1.000,-1.000,-1.000,-1.000,-1.000,-1.000,-1.000,-1.000,-1.000,-1.000,-1.000,-1.000,-1.000,-1.000,-1.000,1.000,2.000,3.162,2.236,1.414,1.000,-1.000,-1.414,-2.000,-2.000,-2.000,-2.000,-2.000,-2.000,-2.000,-2.000,-2.000,-2.000,-2.000,-2.000,-2.000,-1.414,-1.000,-1.000,1.000,2.000,3.606,2.828,2.236,1.414,1.000,-1.000,-1.414,-2.236,-2.828,-3.000,-3.000,-3.000,-3.000,-2.828,-2.236,-2.000,-1.414,-1.000,-1.000,-1.000,1.000,1.000,1.414,2.236,4.243,3.606,2.828,2.236,1.414,1.000,-1.000,-1.414,-2.236,-2.828,-3.606,-3.606,-2.828,-2.236,-1.414,-1.000,-1.000,1.000,1.000,1.000,1.414,2.000,2.236,2.828,5.000,4.243,3.606,2.828,2.236,1.414,1.000,-1.000,-1.414,-2.236,-2.828,-2.828,-2.236,-1.414,-1.000,1.000,1.000,1.414,2.000,2.000,2.236,2.828,3.162,3.606,5.657,5.000,4.243,3.606,2.828,2.236,1.414,1.000,-1.000,-1.414,-2.236,-2.236,-1.414,-1.000,1.000,1.414,2.000,2.236,2.828,3.000,3.162,3.606,4.123,4.472,6.403,5.657,5.000,4.243,3.606,2.828,2.236,1.414,1.000,-1.000,-1.414,-1.414,-1.000,1.000,1.414,2.236,2.828,3.162,3.606,4.000,4.123,4.472,5.000,5.385,7.071,6.403,5.657,5.000,4.243,3.606,2.828,2.236,1.414,1.000,-1.000,-1.000,1.000,1.414,2.236,2.828,3.606,4.123,4.472,5.000,5.099,5.385,5.831,6.325,7.810,7.071,6.403,5.657,5.000,4.243,3.606,2.828,2.236,1.414,1.000,1.000,1.414,2.236,2.828,3.606,4.243,5.000,5.385,5.831,6.083,6.325,6.708,7.211,8.485,7.810,7.071,6.403,5.657,5.000,4.243,3.606,2.828,2.236,2.000,2.000,2.236,2.828,3.606,4.243,5.000,5.657,6.325,6.708,7.071,7.280,7.616,8.062,9.220,8.485,7.810,7.071,6.403,5.657,5.000,4.243,3.606,3.162,3.000,3.000,3.162,3.606,4.243,5.000,5.657,6.403,7.071,7.616,8.062,8.246,8.544,8.944,9.899,9.220,8.485,7.810,7.071,6.403,5.657,5.000,4.472,4.123,4.000,4.000,4.123,4.472,5.000,5.657,6.403,7.071,7.810,8.485,8.944,9.220,9.487,9.849,10.630,9.899,9.220,8.485,7.810,7.071,6.403,5.831,5.385,5.099,5.000,5.000,5.099,5.385,5.831,6.403,7.071,7.810,8.485,9.220,9.849,10.198,10.440,10.770,0.7519,-0.1235
7.071,6.403,5.831,5.385,5.099,5.000,5.000,5.000,5.000,5.000,5.000,5.000,5.000,5.000,5.000,5.000,5.000,5.000,5.000,5.000,5.099,5.385,5.831,6.403,6.403,5.657,5.000,4.472,4.123,4.000,4.000,4.000,4.000,4.000,4.000,4.000,4.000,4.000,4.000,4.000,4.000,4.000,4.000,4.000,4.123,4.472,5.000,5.657,5.831,5.000,4.243,3.606,3.162,3.000,3.000,3.000,3.000,3.000,3.000,3.000,3.000,3.000,3.000,3.000,3.000,3.000,3.000,3.000,3.162,3.606,4.243,5.000,5.385,4.472,3.606,2.828,2.236,2.000,2.000,2.000,2.000,2.000,2.000,2.000,2.000,2.000,2.000,2.000,2.000,2.000,2.000,2.000,2.236,2.828,3.606,4.472,5.099,4.123,3.162,2.236,1.414,1.000,1.000,1.000,1.000,1.000,1.000,1.000,1.000,1.000,1.000,1.000,1.000,1.000,1.000,1.000,1.414,2.236,3.162,4.123,5.000,4.000,3.000,2.000,1.000,-1.000,-1.000,-1.000,-1.000,-1.000,-1.000,-1.000,-1.000,-1.000,-1.000,-1.000,-1.000,-1.000,-1.000,-1.000,1.000,2.000,3.000,4.000,5.000,4.000,3.000,2.000,1.000,-1.000,-1.414,-2.000,-2.000,-2.000,-2.000,-2.000,-2.000,-2.000,-2.000,-2.000,-2.000,-2.000,-2.000,-1.000,1.000,2.000,3.000,4.000,5.099,4.123,3.162,2.236,1.414,1.000,-1.000,-1.414,-2.236,-2.828,-3.000,-3.000,-3.000,-3.000,-3.000,-3.000,-3.000,-3.000,-2.000,-1.000,1.000,2.000,3.000,4.000,5.385,4.472,3.606,2.828,2.236,1.414,1.000,-1.000,-1.414,-2.236,-2.828,-3.606,-4.000,-3.606,-3.162,-3.000,-3.000,-3.000,-2.000,-1.000,1.000,2.000,3.000,4.000,5.831,5.000,4.243,3.606,2.828,2.236,1.414,1.000,-1.000,-1.414,-2.236,-3.162,-3.162,-2.828,-2.236,-2.000,-2.000,-2.000,-2.000,-1.000,1.000,2.000,3.000,4.000,6.403,5.657,5.000,4.243,3.606,2.828,2.236,1.414,1.000,-1.000,-2.000,-2.828,-2.236,-2.000,-1.414,-1.000,-1.000,-1.000,-1.000,-1.000,1.000,2.000,3.000,4.000,7.071,6.403,5.657,5.000,4.243,3.606,2.828,2.000,1.000,-1.000,-1.414,-2.000,-1.414,-1.000,-1.000,1.000,1.000,1.000,1.000,1.000,1.414,2.236,3.162,4.123,7.810,7.071,6.403,5.657,5.000,4.123,3.162,2.236,1.414,1.000,-1.000,-1.000,-1.000,1.000,1.000,1.414,2.000,2.000,2.000,2.000,2.236,2.828,3.606,4.472,8.485,7.810,7.071,6.325,5.385,4.472,3.606,2.828,2.236,1.414,1.000,1.000,1.000,1.414,2.000,2.236,2.828,3.000,3.000,3.000,3.162,3.606,4.243,5.000,9.220,8.485,7.616,6.708,5.831,5.000,4.243,3.606,2.828,2.236,2.000,2.000,2.000,2.236,2.828,3.162,3.606,4.000,4.000,4.000,4.123,4.472,5.000,5.657,9.849,8.944,8.062,7.211,6.403,5.657,5.000,4.243,3.606,3.162,3.000,3.000,3.000,3.162,3.606,4.123,4.472,5.000,5.000,5.000,5.099,5.385,5.831,6.403,0.9900,0.0442
5.831,5.385,5.099,5.000,5.000,5.000,5.000,5.000,5.000,5.000,5.000,5.000,5.000,5.000,5.000,5.000,5.000,5.000,5.000,5.000,5.000,5.099,5.385,5.831,5.000,4.472,4.123,4.000,4.000,4.000,4.000,4.000,4.000,4.000,4.000,4.000,4.000,4.000,4.000,4.000,4.000,4.000,4.000,4.000,4.000,4.123,4.472,5.000,4.243,3.606,3.162,3.000,3.000,3.000,3.000,3.000,3.000,3.000,3.000,3.000,3.000,3.000,3.000,3.000,3.000,3.000,3.000,3.000,3.000,3.162,3.606,4.243,3.606,2.828,2.236,2.000,2.000,2.000,2.000,2.000,2.000,2.000,2.000,2.000,2.000,2.000,2.000,2.000,2.000,2.000,2.000,2.000,2.000,2.236,2.828,3.606,3.162,2.236,1.414,1.000,1.000,1.000,1.000,1.000,1.000,1.000,1.000,1.000,1.000,1.000,1.000,1.000,1.000,1.000,1.000,1.000,1.000,1.414,2.236,3.162,3.000,2.000,1.000,-1.000,-1.000,-1.000,-1.000,-1.000,-1.000,-1.000,-1.000,-1.000,-1.000,-1.000,-1.000,-1.000,-1.000,-1.000,-1.000,-1.000,-1.000,1.000,2.000,3.000,3.162,2.236,1.414,1.000,-1.000,-1.414,-2.000,-2.000,-2.000,-2.000,-2.000,-2.000,-2.000,-2.000,-2.000,-2.000,-2.000,-2.000,-2.000,-2.000,-1.000,1.000,2.000,3.000,3.606,2.828,2.236,1.414,1.000,-1.000,-1.000,-1.414,-2.236,-2.828,-3.000,-3.000,-3.000,-3.000,-3.000,-3.000,-3.000,-3.000,-3.000,-2.000,-1.000,1.000,2.000,3.000,4.243,3.606,2.828,2.236,1.414,1.000,1.000,-1.000,-1.414,-2.236,-3.162,-4.000,-3.606,-3.162,-2.828,-2.236,-2.000,-2.000,-2.000,-2.000,-1.000,1.000,2.000,3.000,5.000,4.243,3.606,2.828,2.236,2.000,1.414,1.000,-1.000,-2.000,-2.828,-3.606,-2.828,-2.236,-2.000,-1.414,-1.000,-1.000,-1.000,-1.000,-1.000,1.000,2.000,3.000,5.657,5.000,4.243,3.606,3.162,2.828,2.000,1.000,-1.000,-1.414,-2.236,-2.828,-2.236,-1.414,-1.000,-1.000,1.000,1.000,1.000,1.000,1.000,1.414,2.236,3.162,6.403,5.657,5.000,4.472,4.123,3.162,2.236,1.414,1.000,-1.000,-1.414,-2.000,-1.414,-1.000,1.000,1.000,1.414,2.000,2.000,2.000,2.000,2.236,2.828,3.606,7.071,6.403,5.831,5.385,4.472,3.606,2.828,2.236,1.414,1.000,-1.000,-1.000,-1.000,1.000,1.414,2.000,2.236,2.828,3.000,3.000,3.000,3.162,3.606,4.243,7.810,7.211,6.708,5.831,5.000,4.243,3.606,2.828,2.236,1.414,1.000,1.000,1.000,1.414,2.236,2.828,3.162,3.606,4.000,4.000,4.000,4.123,4.472,5.000,8.602,8.062,7.211,6.403,5.657,5.000,4.243,3.606,2.828,2.236,2.000,2.000,2.000,2.236,2.828,3.606,4.123,4.472,5.000,5.000,5.000,5.099,5.385,5.831,9.434,8.602,7.810,7.071,6.403,5.657,5.000,4.243,3.606,3.162,3.000,3.000,3.000,3.162,3.606,4.243,5.000,5.385,5.831,6.000,6.000,6.083,6.325,6.708,0.9581,0.1271
7.810,7.211,6.708,6.325,6.083,6.000,6.000,6.000,6.000,6.000,6.000,6.000,6.000,6.000,6.000,6.000,6.000,6.000,6.000,6.083,6.325,6.708,7.211,7.810,7.071,6.403,5.831,5.385,5.099,5.000,5.000,5.000,5.000,5.000,5.000,5.000,5.000,5.000,5.000,5.000,5.000,5.000,5.000,5.099,5.385,5.831,6.403,7.071,6.403,5.657,5.000,4.472,4.123,4.000,4.000,4.000,4.000,4.000,4.000,4.000,4.000,4.000,4.000,4.000,4.000,4.000,4.000,4.123,4.472,5.000,5.657,6.403,5.831,5.000,4.243,3.606,3.162,3.000,3.000,3.000,3.000,3.000,3.000,3.000,3.000,3.000,3.000,3.000,3.000,3.000,3.000,3.162,3.606,4.243,5.000,5.831,5.385,4.472,3.606,2.828,2.236,2.000,2.000,2.000,2.000,2.000,2.000,2.000,2.000,2.000,2.000,2.000,2.000,2.000,2.000,2.236,2.828,3.606,4.472,5.385,5.099,4.123,3.162,2.236,1.414,1.000,1.000,1.000,1.000,1.000,1.000,1.000,1.000,1.000,1.000,1.000,1.000,1.000,1.000,1.414,2.236,3.162,4.123,5.099,5.000,4.000,3.000,2.000,1.000,-1.000,-1.000,-1.000,-1.000,-1.000,-1.000,-1.000,-1.000,-1.000,-1.000,-1.000,-1.000,-1.000,-1.000,1.000,2.000,3.000,4.000,5.000,5.000,4.000,3.000,2.000,1.000,-1.000,-1.414,-2.000,-2.000,-2.000,-2.000,-2.000,-2.000,-2.000,-2.000,-2.000,-2.000,-2.000,-1.000,1.000,2.000,3.000,4.000,5.000,5.099,4.123,3.162,2.236,1.414,1.000,-1.000,-1.414,-2.236,-3.000,-3.000,-3.000,-3.000,-3.000,-3.000,-3.000,-3.000,-2.000,-1.000,1.000,2.000,3.000,4.000,5.000,5.385,4.472,3.606,2.828,2.236,1.414,1.000,-1.000,-2.000,-2.828,-3.606,-4.000,-4.000,-4.000,-4.000,-4.000,-3.000,-2.000,-1.000,1.000,2.000,3.000,4.000,5.000,5.831,5.000,4.243,3.606,2.828,2.000,1.000,-1.000,-1.414,-2.236,-2.828,-3.606,-4.472,-5.000,-5.000,-4.000,-3.000,-2.000,-1.000,1.000,2.000,3.000,4.000,5.000,6.403,5.657,5.000,4.123,3.162,2.236,1.414,1.000,-1.000,-1.414,-2.236,-3.162,-4.123,-4.123,-4.000,-4.000,-3.000,-2.000,-1.000,1.000,2.000,3.000,4.000,5.000,7.071,6.325,5.385,4.472,3.606,2.828,2.236,1.414,1.000,-1.000,-2.000,-2.828,-3.606,-3.162,-3.000,-3.000,-3.000,-2.000,-1.000,1.000,2.000,3.000,4.000,5.000,7.616,6.708,5.831,5.000,4.243,3.606,2.828,2.000,1.000,-1.000,-1.414,-2.236,-2.828,-2.236,-2.000,-2.000,-2.000,-2.000,-1.000,1.000,2.000,3.000,4.000,5.000,8.062,7.211,6.403,5.657,5.000,4.123,3.162,2.236,1.414,1.000,-1.000,-1.414,-2.236,-1.414,-1.000,-1.000,-1.000,-1.000,-1.000,1.000,2.000,3.000,4.000,5.000,8.602,7.810,7.071,6.325,5.385,4.472,3.606,2.828,2.236,1.414,1.000,-1.000,-2.000,-1.000,1.000,1.000,1.000,1.000,1.000,1.414,2.236,3.162,4.123,5.099,1.0928,0.0577
5.831,5.385,5.099,5.000,5.000,5.000,5.000,5.000,5.000,5.000,5.000,5.000,5.000,5.000,5.000,5.000,5.000,5.000,5.000,5.000,5.000,5.000,5.099,5.385,5.000,4.472,4.123,4.000,4.000,4.000,4.000,4.000,4.000,4.000,4.000,4.000,4.000,4.000,4.000,4.000,4.000,4.000,4.000,4.000,4.000,4.000,4.123,4.472,4.243,3.606,3.162,3.000,3.000,3.000,3.000,3.000,3.000,3.000,3.000,3.000,3.000,3.000,3.000,3.000,3.000,3.000,3.000,3.000,3.000,3.000,3.162,3.606,3.606,2.828,2.236,2.000,2.000,2.000,2.000,2.000,2.000,2.000,2.000,2.000,2.000,2.000,2.000,2.000,2.000,2.000,2.000,2.000,2.000,2.000,2.236,2.828,3.162,2.236,1.414,1.000,1.000,1.000,1.000,1.000,1.000,1.000,1.000,1.000,1.000,1.000,1.000,1.000,1.000,1.000,1.000,1.000,1.000,1.000,1.414,2.236,3.000,2.000,1.000,-1.000,-1.000,-1.000,-1.000,-1.000,-1.000,-1.000,-1.000,-1.000,-1.000,-1.000,-1.000,-1.000,-1.000,-1.000,-1.000,-1.000,-1.000,-1.000,1.000,2.000,3.000,2.000,1.000,-1.000,-1.414,-2.000,-2.000,-2.000,-2.000,-2.000,-2.000,-2.000,-2.000,-2.000,-2.000,-2.000,-2.000,-2.000,-2.000,-1.414,-1.000,1.000,1.414,2.236,3.162,2.236,1.414,1.000,-1.000,-1.414,-2.236,-3.000,-3.000,-3.000,-3.000,-3.000,-3.000,-3.000,-3.000,-2.828,-2.236,-2.000,-1.414,-1.000,1.000,1.414,2.236,2.828,3.606,2.828,2.236,1.414,1.000,-1.000,-2.000,-2.828,-3.606,-4.000,-4.000,-4.000,-4.000,-3.606,-2.828,-2.236,-1.414,-1.000,-1.000,1.000,1.414,2.236,2.828,3.606,4.243,3.606,2.828,2.000,1.000,-1.000,-1.414,-2.236,-2.828,-3.606,-4.472,-5.000,-4.123,-3.162,-2.236,-1.414,-1.000,1.000,1.000,1.414,2.236,2.828,3.606,4.243,5.000,4.123,3.162,2.236,1.414,1.000,-1.000,-1.414,-2.236,-3.162,-4.123,-4.472,-3.606,-2.828,-2.000,-1.000,1.000,1.414,2.000,2.236,2.828,3.606,4.243,5.000,5.385,4.472,3.606,2.828,2.236,1.414,1.000,-1.000,-2.000,-2.828,-3.606,-4.123,-3.162,-2.236,-1.414,-1.000,1.000,2.000,2.828,3.162,3.606,4.243,5.000,5.657,5.831,5.000,4.243,3.606,2.828,2.000,1.000,-1.000,-1.414,-2.236,-3.162,-3.606,-2.828,-2.000,-1.000,1.000,1.414,2.236,3.162,4.123,4.472,5.000,5.657,6.403,6.403,5.657,5.000,4.123,3.162,2.236,1.414,1.000,-1.000,-2.000,-3.000,-3.162,-2.236,-1.414,-1.000,1.000,2.000,2.828,3.606,4.472,5.385,5.831,6.403,7.071,7.071,6.325,5.385,4.472,3.606,2.828,2.000,1.000,-1.000,-2.000,-3.000,-3.000,-2.000,-1.000,1.000,1.414,2.236,3.162,4.123,5.000,5.831,6.708,7.211,7.810,7.616,6.708,5.831,5.000,4.000,3.000,2.000,1.000,-1.000,-2.000,-3.000,-3.000,-2.000,-1.000,1.000,2.000,2.828,3.606,4.472,5.385,6.325,7.211,8.062,8.602,1.0595,0.0118
3.162,3.000,3.000,3.000,3.000,3.000,3.000,3.000,3.000,3.000,3.000,3.000,3.000,3.000,3.000,3.000,3.000,3.000,3.000,3.000,3.000,3.000,3.000,3.162,2.236,2.000,2.000,2.000,2.000,2.000,2.000,2.000,2.000,2.000,2.000,2.000,2.000,2.000,2.000,2.000,2.000,2.000,2.000,2.000,2.000,2.000,2.000,2.236,1.414,1.000,1.000,1.000,1.000,1.000,1.000,1.000,1.000,1.000,1.000,1.000,1.000,1.000,1.000,1.000,1.000,1.000,1.000,1.000,1.000,1.000,1.000,1.414,1.000,-1.000,-1.000,-1.000,-1.000,-1.000,-1.000,-1.000,-1.000,-1.000,-1.000,-1.000,-1.000,-1.000,-1.000,-1.000,-1.000,-1.000,-1.000,-1.000,-1.000,-1.000,-1.000,1.000,1.414,1.000,-1.000,-1.414,-2.000,-2.000,-2.000,-2.000,-2.000,-2.000,-2.000,-2.000,-2.000,-2.000,-2.000,-2.000,-2.000,-2.000,-2.000,-2.000,-2.000,-1.414,-1.000,1.000,2.236,1.414,1.000,-1.000,-1.414,-2.236,-2.828,-3.000,-3.000,-3.000,-3.000,-3.000,-3.000,-3.000,-3.000,-3.000,-2.828,-2.236,-2.000,-1.414,-1.000,-1.000,1.000,1.414,2.828,2.236,1.414,1.000,-1.000,-1.414,-2.236,-2.828,-3.606,-4.000,-4.000,-4.000,-4.000,-3.606,-2.828,-2.236,-2.000,-1.414,-1.000,-1.000,1.000,1.000,1.414,2.236,3.606,2.828,2.236,1.414,1.000,-1.000,-1.414,-2.236,-2.828,-3.606,-4.123,-3.606,-3.162,-2.828,-2.236,-1.414,-1.000,-1.000,1.000,1.000,1.414,2.000,2.236,2.828,4.243,3.606,2.828,2.236,1.414,1.000,-1.000,-1.414,-2.236,-2.828,-3.162,-2.828,-2.236,-2.000,-1.414,-1.000,1.000,1.000,1.414,2.000,2.236,2.828,3.162,3.606,5.000,4.243,3.606,2.828,2.236,1.414,1.000,-1.000,-1.414,-2.000,-2.236,-2.236,-1.414,-1.000,-1.000,1.000,1.414,2.000,2.236,2.828,3.162,3.606,4.123,4.472,5.657,5.000,4.243,3.606,2.828,2.236,1.414,1.000,-1.000,-1.000,-1.414,-1.414,-1.000,1.000,1.000,1.414,2.236,2.828,3.162,3.606,4.123,4.472,5.000,5.385,6.403,5.657,5.000,4.243,3.606,2.828,2.236,1.414,1.000,1.000,-1.000,-1.000,1.000,1.414,2.000,2.236,2.828,3.606,4.123,4.472,5.000,5.385,5.831,6.325,7.071,6.403,5.657,5.000,4.243,3.606,2.828,2.236,2.000,1.414,1.000,1.000,1.414,2.236,2.828,3.162,3.606,4.243,5.000,5.385,5.831,6.325,6.708,7.211,7.810,7.071,6.403,5.657,5.000,4.243,3.606,3.162,2.828,2.236,2.000,2.000,2.236,2.828,3.606,4.123,4.472,5.000,5.657,6.325,6.708,7.211,7.616,8.062,8.485,7.810,7.071,6.403,5.657,5.000,4.472,4.123,3.606,3.162,3.000,3.000,3.162,3.606,4.243,5.000,5.385,5.831,6.403,7.071,7.616,8.062,8.544,8.944,9.220,8.485,7.810,7.071,6.403,5.831,5.385,5.000,4.472,4.123,4.000,4.000,4.123,4.472,5.000,5.657,6.325,6.708,7.211,7.810,8.485,8.944,9.434,9.849,0.7683,-0.1397
5.000,4.472,4.123,4.000,4.000,4.000,4.000,4.000,4.000,4.000,4.000,4.000,4.000,4.000,4.000,4.000,4.000,4.000,4.000,4.000,4.000,4.000,4.123,4.472,4.243,3.606,3.162,3.000,3.000,3.000,3.000,3.000,3.000,3.000,3.000,3.000,3.000,3.000,3.000,3.000,3.000,3.000,3.000,3.000,3.000,3.000,3.162,3.606,3.606,2.828,2.236,2.000,2.000,2.000,2.000,2.000,2.000,2.000,2.000,2.000,2.000,2.000,2.000,2.000,2.000,2.000,2.000,2.000,2.000,2.000,2.236,2.828,3.162,2.236,1.414,1.000,1.000,1.000,1.000,1.000,1.000,1.000,1.000,1.000,1.000,1.000,1.000,1.000,1.000,1.000,1.000,1.000,1.000,1.000,1.414,2.236,3.000,2.000,1.000,-1.000,-1.000,-1.000,-1.000,-1.000,-1.000,-1.000,-1.000,-1.000,-1.000,-1.000,-1.000,-1.000,-1.000,-1.000,-1.000,-1.000,-1.000,-1.000,1.000,2.000,3.162,2.236,1.414,1.000,-1.000,-1.414,-2.000,-2.000,-2.000,-2.000,-2.000,-2.000,-2.000,-2.000,-2.000,-2.000,-2.000,-2.000,-2.000,-2.000,-2.000,-1.000,1.000,2.000,3.606,2.828,2.236,1.414,1.000,-1.000,-1.414,-2.000,-2.236,-2.828,-3.000,-3.000,-3.000,-3.000,-3.000,-3.000,-3.000,-3.000,-3.000,-3.000,-2.000,-1.000,1.000,2.000,4.243,3.606,2.828,2.236,1.414,1.000,-1.000,-1.000,-1.414,-2.000,-2.000,-2.236,-2.828,-2.828,-2.236,-2.000,-2.000,-2.000,-2.000,-2.000,-2.000,-1.000,1.000,2.000,5.000,4.243,3.606,2.828,2.236,1.414,1.000,1.000,-1.000,-1.000,-1.000,-1.414,-2.000,-2.000,-1.414,-1.000,-1.000,-1.000,-1.000,-1.000,-1.000,-1.000,1.000,2.000,5.657,5.000,4.243,3.606,2.828,2.236,2.000,1.414,1.000,1.000,1.000,-1.000,-1.000,-1.000,-1.000,1.000,1.000,1.000,1.000,1.000,1.000,1.000,1.414,2.236,6.403,5.657,5.000,4.243,3.606,3.162,2.828,2.236,2.000,2.000,1.414,1.000,1.000,1.000,1.000,1.414,2.000,2.000,2.000,2.000,2.000,2.000,2.236,2.828,7.071,6.403,5.657,5.000,4.472,4.123,3.606,3.162,3.000,2.828,2.236,2.000,2.000,2.000,2.000,2.236,2.828,3.000,3.000,3.000,3.000,3.000,3.162,3.606,7.810,7.071,6.403,5.831,5.385,5.000,4.472,4.123,4.000,3.606,3.162,3.000,3.000,3.000,3.000,3.162,3.606,4.000,4.000,4.000,4.000,4.000,4.123,4.472,8.485,7.810,7.211,6.708,6.325,5.831,5.385,5.099,5.000,4.472,4.123,4.000,4.000,4.000,4.000,4.123,4.472,5.000,5.000,5.000,5.000,5.000,5.099,5.385,9.220,8.602,8.062,7.616,7.211,6.708,6.325,6.083,5.831,5.385,5.099,5.000,5.000,5.000,5.000,5.099,5.385,5.831,6.000,6.000,6.000,6.000,6.083,6.325,10.000,9.434,8.944,8.544,8.062,7.616,7.280,7.071,6.708,6.325,6.083,6.000,6.000,6.000,6.000,6.083,6.325,6.708,7.000,7.000,7.000,7.000,7.071,7.280,0.8421,-0.1245
5.831,5.000,4.243,3.606,3.162,3.000,3.000,3.000,3.000,3.000,3.000,3.000,3.000,3.000,3.000,3.000,3.000,3.000,3.000,3.000,3.000,3.162,3.606,4.243,5.385,4.472,3.606,2.828,2.236,2.000,2.000,2.000,2.000,2.000,2.000,2.000,2.000,2.000,2.000,2.000,2.000,2.000,2.000,2.000,2.000,2.236,2.828,3.606,5.099,4.123,3.162,2.236,1.414,1.000,1.000,1.000,1.000,1.000,1.000,1.000,1.000,1.000,1.000,1.000,1.000,1.000,1.000,1.000,1.000,1.414,2.236,3.162,5.000,4.000,3.000,2.000,1.000,-1.000,-1.000,-1.000,-1.000,-1.000,-1.000,-1.000,-1.000,-1.000,-1.000,-1.000,-1.000,-1.000,-1.000,-1.000,-1.000,1.000,2.000,3.000,5.099,4.123,3.162,2.236,1.414,1.000,-1.000,-1.000,-1.414,-2.000,-2.000,-2.000,-2.000,-2.000,-2.000,-1.414,-1.000,-1.000,-1.000,1.000,1.000,1.414,2.236,3.162,5.385,4.472,3.606,2.828,2.236,1.414,1.000,1.000,-1.000,-1.414,-2.236,-2.828,-2.236,-1.414,-1.000,-1.000,1.000,1.000,1.000,1.414,2.000,2.236,2.828,3.606,5.831,5.000,4.243,3.606,2.828,2.236,2.000,1.414,1.000,-1.000,-1.414,-2.000,-1.414,-1.000,1.000,1.000,1.414,2.000,2.000,2.236,2.828,3.162,3.606,4.243,6.403,5.657,5.000,4.243,3.606,3.162,2.828,2.236,1.414,1.000,-1.000,-1.000,-1.000,1.000,1.414,2.000,2.236,2.828,3.000,3.162,3.606,4.123,4.472,5.000,7.071,6.403,5.657,5.000,4.472,4.123,3.606,2.828,2.236,1.414,1.000,1.000,1.000,1.414,2.236,2.828,3.162,3.606,4.000,4.123,4.472,5.000,5.385,5.831,7.810,7.071,6.403,5.831,5.385,5.000,4.243,3.606,2.828,2.236,2.000,2.000,2.000,2.236,2.828,3.606,4.123,4.472,5.000,5.099,5.385,5.831,6.325,6.708,8.485,7.810,7.211,6.708,6.325,5.657,5.000,4.243,3.606,3.162,3.000,3.000,3.000,3.162,3.606,4.243,5.000,5.385,5.831,6.083,6.325,6.708,7.211,7.616,9.220,8.602,8.062,7.616,7.071,6.403,5.657,5.000,4.472,4.123,4.000,4.000,4.000,4.123,4.472,5.000,5.657,6.325,6.708,7.071,7.280,7.616,8.062,8.544,10.000,9.434,8.944,8.485,7.810,7.071,6.403,5.831,5.385,5.099,5.000,5.000,5.000,5.099,5.385,5.831,6.403,7.071,7.616,8.062,8.246,8.544,8.944,9.434,10.817,10.296,9.849,9.220,8.485,7.810,7.211,6.708,6.325,6.083,6.000,6.000,6.000,6.083,6.325,6.708,7.211,7.810,8.485,8.944,9.220,9.487,9.849,10.296,11.662,11.180,10.630,9.899,9.220,8.602,8.062,7.616,7.280,7.071,7.000,7.000,7.000,7.071,7.280,7.616,8.062,8.602,9.220,9.849,10.198,10.440,10.770,11.180,12.530,12.042,11.314,10.630,10.000,9.434,8.944,8.544,8.246,8.062,8.000,8.000,8.000,8.062,8.246,8.544,8.944,9.434,10.000,10.630,11.180,11.402,11.705,12.083,0.6744,-0.1955
6.403,5.831,5.385,5.099,5.000,5.000,5.000,5.000,5.000,5.000,5.000,5.000,5.000,5.000,5.000,5.000,5.000,5.000,5.000,5.000,5.000,5.099,5.385,5.831,5.657,5.000,4.472,4.123,4.000,4.000,4.000,4.000,4.000,4.000,4.000,4.000,4.000,4.000,4.000,4.000,4.000,4.000,4.000,4.000,4.000,4.123,4.472,5.000,5.000,4.243,3.606,3.162,3.000,3.000,3.000,3.000,3.000,3.000,3.000,3.000,3.000,3.000,3.000,3.000,3.000,3.000,3.000,3.000,3.000,3.162,3.606,4.243,4.472,3.606,2.828,2.236,2.000,2.000,2.000,2.000,2.000,2.000,2.000,2.000,2.000,2.000,2.000,2.000,2.000,2.000,2.000,2.000,2.000,2.236,2.828,3.606,4.123,3.162,2.236,1.414,1.000,1.000,1.000,1.000,1.000,1.000,1.000,1.000,1.000,1.000,1.000,1.000,1.000,1.000,1.000,1.000,1.000,1.414,2.236,3.162,4.000,3.000,2.000,1.000,-1.000,-1.000,-1.000,-1.000,-1.000,-1.000,-1.000,-1.000,-1.000,-1.000,-1.000,-1.000,-1.000,-1.000,-1.000,-1.000,-1.000,1.000,2.000,3.000,4.123,3.162,2.236,1.414,1.000,-1.000,-1.000,-1.414,-2.000,-2.000,-2.000,-2.000,-2.000,-2.000,-2.000,-2.000,-1.414,-1.000,-1.000,1.000,1.000,1.414,2.236,3.162,4.472,3.606,2.828,2.236,1.414,1.000,1.000,-1.000,-1.414,-2.236,-2.828,-2.828,-2.236,-2.000,-1.414,-1.000,-1.000,1.000,1.000,1.414,2.000,2.236,2.828,3.606,5.000,4.243,3.606,2.828,2.236,2.000,1.414,1.000,-1.000,-1.414,-2.236,-2.236,-1.414,-1.000,-1.000,1.000,1.000,1.414,2.000,2.236,2.828,3.162,3.606,4.243,5.657,5.000,4.243,3.606,3.162,2.828,2.236,1.414,1.000,-1.000,-1.414,-1.414,-1.000,1.000,1.000,1.414,2.000,2.236,2.828,3.162,3.606,4.123,4.472,5.000,6.403,5.657,5.000,4.472,4.123,3.606,2.828,2.236,1.414,1.000,-1.000,-1.000,1.000,1.414,2.000,2.236,2.828,3.162,3.606,4.123,4.472,5.000,5.385,5.831,7.071,6.403,5.831,5.385,5.000,4.243,3.606,2.828,2.236,1.414,1.000,1.000,1.414,2.236,2.828,3.162,3.606,4.123,4.472,5.000,5.385,5.831,6.325,6.708,7.810,7.211,6.708,6.325,5.657,5.000,4.243,3.606,2.828,2.236,2.000,2.000,2.236,2.828,3.606,4.123,4.472,5.000,5.385,5.831,6.325,6.708,7.211,7.616,8.602,8.062,7.616,7.071,6.403,5.657,5.000,4.243,3.606,3.162,3.000,3.000,3.162,3.606,4.243,5.000,5.385,5.831,6.325,6.708,7.211,7.616,8.062,8.544,9.434,8.944,8.485,7.810,7.071,6.403,5.657,5.000,4.472,4.123,4.000,4.000,4.123,4.472,5.000,5.657,6.325,6.708,7.211,7.616,8.062,8.544,8.944,9.434,10.296,9.849,9.220,8.485,7.810,7.071,6.403,5.831,5.385,5.099,5.000,5.000,5.099,5.385,5.831,6.403,7.071,7.616,8.062,8.544,8.944,9.434,9.849,10.296,0.5689,-0.0450
7.211,6.708,6.325,6.083,6.000,6.000,6.000,6.000,6.000,6.000,6.000,6.000,6.000,6.000,6.000,6.000,6.000,6.000,6.000,6.000,6.083,6.325,6.708,7.211,6.403,5.831,5.385,5.099,5.000,5.000,5.000,5.000,5.000,5.000,5.000,5.000,5.000,5.000,5.000,5.000,5.000,5.000,5.000,5.000,5.099,5.385,5.831,6.403,5.657,5.000,4.472,4.123,4.000,4.000,4.000,4.000,4.000,4.000,4.000,4.000,4.000,4.000,4.000,4.000,4.000,4.000,4.000,4.000,4.123,4.472,5.000,5.657,5.000,4.243,3.606,3.162,3.000,3.000,3.000,3.000,3.000,3.000,3.000,3.000,3.000,3.000,3.000,3.000,3.000,3.000,3.000,3.000,3.162,3.606,4.243,5.000,4.472,3.606,2.828,2.236,2.000,2.000,2.000,2.000,2.000,2.000,2.000,2.000,2.000,2.000,2.000,2.000,2.000,2.000,2.000,2.000,2.236,2.828,3.606,4.472,4.123,3.162,2.236,1.414,1.000,1.000,1.000,1.000,1.000,1.000,1.000,1.000,1.000,1.000,1.000,1.000,1.000,1.000,1.000,1.000,1.414,2.236,3.162,4.123,4.000,3.000,2.000,1.000,-1.000,-1.000,-1.000,-1.000,-1.000,-1.000,-1.000,-1.000,-1.000,-1.000,-1.000,-1.000,-1.000,-1.000,-1.000,-1.000,1.000,2.000,3.000,4.000,4.123,3.162,2.236,1.414,1.000,1.000,-1.000,-1.000,-1.414,-2.000,-2.000,-2.000,-2.000,-2.000,-1.414,-1.000,-1.000,-1.000,-1.000,1.000,1.414,2.236,3.162,4.123,4.472,3.606,2.828,2.236,2.000,1.414,1.000,1.000,-1.000,-1.414,-2.236,-2.236,-2.000,-1.414,-1.000,1.000,1.000,1.000,1.000,1.414,2.236,2.828,3.606,4.472,5.000,4.243,3.606,3.162,2.828,2.236,2.000,1.414,1.000,-1.000,-1.414,-1.414,-1.000,-1.000,1.000,1.414,2.000,2.000,2.000,2.236,2.828,3.606,4.243,5.000,5.657,5.000,4.472,4.123,3.606,3.162,2.828,2.236,1.414,1.000,-1.000,-1.000,1.000,1.000,1.414,2.236,2.828,3.000,3.000,3.162,3.606,4.243,5.000,5.657,6.403,5.831,5.385,5.000,4.472,4.123,3.606,2.828,2.236,1.414,1.000,1.000,1.414,2.000,2.236,2.828,3.606,4.000,4.000,4.123,4.472,5.000,5.657,6.403,7.211,6.708,6.325,5.831,5.385,5.000,4.243,3.606,2.828,2.236,2.000,2.000,2.236,2.828,3.162,3.606,4.243,5.000,5.000,5.099,5.385,5.831,6.403,7.071,8.062,7.616,7.211,6.708,6.325,5.657,5.000,4.243,3.606,3.162,3.000,3.000,3.162,3.606,4.123,4.472,5.000,5.657,6.000,6.083,6.325,6.708,7.211,7.810,8.944,8.544,8.062,7.616,7.071,6.403,5.657,5.000,4.472,4.123,4.000,4.000,4.123,4.472,5.000,5.385,5.831,6.403,7.000,7.071,7.280,7.616,8.062,8.602,9.849,9.434,8.944,8.485,7.810,7.071,6.403,5.831,5.385,5.099,5.000,5.000,5.099,5.385,5.831,6.325,6.708,7.211,7.810,8.062,8.246,8.544,8.944,9.434,0.5846,0.1040
5.000,4.243,3.606,3.162,3.000,3.000,3.000,3.000,3.000,3.000,3.000,3.000,3.000,3.000,3.000,3.000,3.000,3.000,3.000,3.000,3.000,3.162,3.606,4.243,4.472,3.606,2.828,2.236,2.000,2.000,2.000,2.000,2.000,2.000,2.000,2.000,2.000,2.000,2.000,2.000,2.000,2.000,2.000,2.000,2.000,2.236,2.828,3.606,4.123,3.162,2.236,1.414,1.000,1.000,1.000,1.000,1.000,1.000,1.000,1.000,1.000,1.000,1.000,1.000,1.000,1.000,1.000,1.000,1.000,1.414,2.236,3.162,4.000,3.000,2.000,1.000,-1.000,-1.000,-1.000,-1.000,-1.000,-1.000,-1.000,-1.000,-1.000,-1.000,-1.000,-1.000,-1.000,-1.000,-1.000,-1.000,-1.000,1.000,2.000,3.000,4.123,3.162,2.236,1.414,1.000,-1.000,-1.414,-2.000,-2.000,-2.000,-2.000,-2.000,-2.000,-2.000,-2.000,-2.000,-2.000,-2.000,-2.000,-2.000,-1.000,1.000,2.000,3.000,4.472,3.606,2.828,2.236,1.414,1.000,-1.000,-1.414,-2.236,-2.828,-3.000,-3.000,-3.000,-3.000,-3.000,-3.000,-3.000,-3.000,-3.000,-2.000,-1.000,1.000,2.000,3.000,5.000,4.243,3.606,2.828,2.236,1.414,1.000,-1.000,-1.414,-2.236,-2.828,-3.606,-3.606,-3.162,-3.000,-3.000,-3.000,-2.828,-2.236,-2.000,-1.000,1.000,2.000,3.000,5.657,5.000,4.243,3.606,2.828,2.236,1.414,1.000,-1.000,-1.414,-2.236,-2.828,-2.828,-2.236,-2.000,-2.000,-2.000,-2.000,-1.414,-1.000,-1.000,1.000,2.000,3.000,6.403,5.657,5.000,4.243,3.606,2.828,2.236,1.414,1.000,-1.000,-1.414,-2.236,-2.000,-1.414,-1.000,-1.000,-1.000,-1.000,-1.000,1.000,1.000,1.414,2.236,3.162,7.071,6.403,5.657,5.000,4.243,3.606,2.828,2.236,1.414,1.000,-1.000,-1.414,-1.000,-1.000,1.000,1.000,1.000,1.000,1.000,1.414,2.000,2.236,2.828,3.606,7.810,7.071,6.403,5.657,5.000,4.243,3.606,2.828,2.236,1.414,1.000,-1.000,1.000,1.000,1.414,2.000,2.000,2.000,2.000,2.236,2.828,3.162,3.606,4.243,8.485,7.810,7.071,6.403,5.657,5.000,4.243,3.606,2.828,2.236,1.414,1.000,1.414,2.000,2.236,2.828,3.000,3.000,3.000,3.162,3.606,4.123,4.472,5.000,9.220,8.485,7.810,7.071,6.403,5.657,5.000,4.243,3.606,2.828,2.236,2.000,2.236,2.828,3.162,3.606,4.000,4.000,4.000,4.123,4.472,5.000,5.385,5.831,9.899,9.220,8.485,7.810,7.071,6.403,5.657,5.000,4.243,3.606,3.162,3.000,3.162,3.606,4.123,4.472,5.000,5.000,5.000,5.099,5.385,5.831,6.325,6.708,10.630,9.899,9.220,8.485,7.810,7.071,6.403,5.657,5.000,4.472,4.123,4.000,4.123,4.472,5.000,5.385,5.831,6.000,6.000,6.083,6.325,6.708,7.211,7.616,11.314,10.630,9.899,9.220,8.485,7.810,7.071,6.403,5.831,5.385,5.099,5.000,5.099,5.385,5.831,6.325,6.708,7.000,7.000,7.071,7.280,7.616,8.062,8.544,0.9968,-0.2095
5.831,5.000,4.243,3.606,3.162,3.000,3.000,3.000,3.000,3.000,3.000,3.000,3.000,3.000,3.000,3.000,3.000,3.000,3.000,3.000,3.000,3.162,3.606,4.243,5.385,4.472,3.606,2.828,2.236,2.000,2.000,2.000,2.000,2.000,2.000,2.000,2.000,2.000,2.000,2.000,2.000,2.000,2.000,2.000,2.000,2.236,2.828,3.606,5.099,4.123,3.162,2.236,1.414,1.000,1.000,1.000,1.000,1.000,1.000,1.000,1.000,1.000,1.000,1.000,1.000,1.000,1.000,1.000,1.000,1.414,2.236,3.162,5.000,4.000,3.000,2.000,1.000,-1.000,-1.000,-1.000,-1.000,-1.000,-1.000,-1.000,-1.000,-1.000,-1.000,-1.000,-1.000,-1.000,-1.000,-1.000,-1.000,1.000,2.000,3.000,5.099,4.123,3.162,2.236,1.414,1.000,-1.000,-1.000,-1.414,-2.000,-2.000,-2.000,-2.000,-2.000,-2.000,-2.000,-2.000,-2.000,-2.000,-2.000,-1.000,1.000,2.000,3.000,5.385,4.472,3.606,2.828,2.236,1.414,1.000,1.000,-1.000,-1.414,-2.236,-2.828,-2.828,-2.236,-2.000,-2.000,-1.414,-1.000,-1.000,-1.000,-1.000,1.000,2.000,3.000,5.831,5.000,4.243,3.606,2.828,2.236,2.000,1.414,1.000,-1.000,-1.414,-2.000,-2.000,-1.414,-1.000,-1.000,-1.000,1.000,1.000,1.000,1.000,1.414,2.236,3.162,6.403,5.657,5.000,4.243,3.606,3.162,2.828,2.236,1.414,1.000,-1.000,-1.000,-1.000,-1.000,1.000,1.000,1.000,1.414,2.000,2.000,2.000,2.236,2.828,3.606,7.071,6.403,5.657,5.000,4.472,4.123,3.606,2.828,2.236,1.414,1.000,1.000,1.000,1.000,1.414,2.000,2.000,2.236,2.828,3.000,3.000,3.162,3.606,4.243,7.810,7.071,6.403,5.831,5.385,5.000,4.243,3.606,2.828,2.236,2.000,2.000,2.000,2.000,2.236,2.828,3.000,3.162,3.606,4.000,4.000,4.123,4.472,5.000,8.485,7.810,7.211,6.708,6.325,5.657,5.000,4.243,3.606,3.162,3.000,3.000,3.000,3.000,3.162,3.606,4.000,4.123,4.472,5.000,5.000,5.099,5.385,5.831,9.220,8.602,8.062,7.616,7.071,6.403,5.657,5.000,4.472,4.123,4.000,4.000,4.000,4.000,4.123,4.472,5.000,5.099,5.385,5.831,6.000,6.083,6.325,6.708,10.000,9.434,8.944,8.485,7.810,7.071,6.403,5.831,5.385,5.099,5.000,5.000,5.000,5.000,5.099,5.385,5.831,6.083,6.325,6.708,7.000,7.071,7.280,7.616,10.817,10.296,9.849,9.220,8.485,7.810,7.211,6.708,6.325,6.083,6.000,6.000,6.000,6.000,6.083,6.325,6.708,7.071,7.280,7.616,8.000,8.062,8.246,8.544,11.662,11.180,10.630,9.899,9.220,8.602,8.062,7.616,7.280,7.071,7.000,7.000,7.000,7.000,7.071,7.280,7.616,8.062,8.246,8.544,8.944,9.055,9.220,9.487,12.530,12.042,11.314,10.630,10.000,9.434,8.944,8.544,8.246,8.062,8.000,8.000,8.000,8.000,8.062,8.246,8.544,8.944,9.220,9.487,9.849,10.050,10.198,10.440,0.8713,-0.1853
7.211,6.403,5.657,5.000,4.472,4.123,4.000,4.000,4.000,4.000,4.000,4.000,4.000,4.000,4.000,4.000,4.000,4.000,4.000,4.123,4.472,5.000,5.657,6.403,6.708,5.831,5.000,4.243,3.606,3.162,3.000,3.000,3.000,3.000,3.000,3.000,3.000,3.000,3.000,3.000,3.000,3.000,3.000,3.162,3.606,4.243,5.000,5.831,6.325,5.385,4.472,3.606,2.828,2.236,2.000,2.000,2.000,2.000,2.000,2.000,2.000,2.000,2.000,2.000,2.000,2.000,2.000,2.236,2.828,3.606,4.472,5.385,6.083,5.099,4.123,3.162,2.236,1.414,1.000,1.000,1.000,1.000,1.000,1.000,1.000,1.000,1.000,1.000,1.000,1.000,1.000,1.414,2.236,3.162,4.123,5.099,6.000,5.000,4.000,3.000,2.000,1.000,-1.000,-1.000,-1.000,-1.000,-1.000,-1.000,-1.000,-1.000,-1.000,-1.000,-1.000,-1.000,-1.000,1.000,2.000,3.000,4.000,5.000,6.083,5.099,4.123,3.162,2.236,1.414,1.000,-1.000,-1.414,-2.000,-2.000,-2.000,-2.000,-2.000,-2.000,-2.000,-2.000,-2.000,-1.000,1.000,2.000,3.000,4.000,5.000,6.325,5.385,4.472,3.606,2.828,2.236,1.414,1.000,-1.000,-1.414,-2.236,-2.828,-3.000,-3.000,-3.000,-3.000,-2.828,-2.000,-1.000,1.000,2.000,3.000,4.000,5.000,6.708,5.831,5.000,4.243,3.606,2.828,2.236,1.414,1.000,-1.000,-1.414,-2.000,-2.000,-2.000,-2.000,-2.000,-2.000,-1.414,-1.000,1.000,2.000,3.000,4.000,5.000,7.211,6.403,5.657,5.000,4.243,3.606,2.828,2.236,1.414,1.000,-1.000,-1.000,-1.000,-1.000,-1.000,-1.000,-1.000,-1.000,1.000,1.414,2.236,3.162,4.123,5.099,7.810,7.071,6.403,5.657,5.000,4.243,3.606,2.828,2.236,1.414,1.000,1.000,1.000,1.000,1.000,1.000,1.000,1.000,1.414,2.236,2.828,3.606,4.472,5.385,8.485,7.810,7.071,6.403,5.657,5.000,4.243,3.606,2.828,2.236,2.000,2.000,2.000,2.000,2.000,2.000,2.000,2.000,2.236,2.828,3.606,4.243,5.000,5.831,9.220,8.485,7.810,7.071,6.403,5.657,5.000,4.243,3.606,3.162,3.000,3.000,3.000,3.000,3.000,3.000,3.000,3.000,3.162,3.606,4.243,5.000,5.657,6.403,9.899,9.220,8.485,7.810,7.071,6.403,5.657,5.000,4.472,4.123,4.000,4.000,4.000,4.000,4.000,4.000,4.000,4.000,4.123,4.472,5.000,5.657,6.403,7.071,10.630,9.899,9.220,8.485,7.810,7.071,6.403,5.831,5.385,5.099,5.000,5.000,5.000,5.000,5.000,5.000,5.000,5.000,5.099,5.385,5.831,6.403,7.071,7.810,11.314,10.630,9.899,9.220,8.485,7.810,7.211,6.708,6.325,6.083,6.000,6.000,6.000,6.000,6.000,6.000,6.000,6.000,6.083,6.325,6.708,7.211,7.810,8.485,12.042,11.314,10.630,9.899,9.220,8.602,8.062,7.616,7.280,7.071,7.000,7.000,7.000,7.000,7.000,7.000,7.000,7.000,7.071,7.280,7.616,8.062,8.602,9.220,0.8156,-0.1080
4.243,3.606,3.162,3.000,3.000,3.000,3.000,3.000,3.000,3.000,3.000,3.000,3.000,3.000,3.000,3.000,3.000,3.000,3.000,3.000,3.000,3.000,3.162,3.606,3.606,2.828,2.236,2.000,2.000,2.000,2.000,2.000,2.000,2.000,2.000,2.000,2.000,2.000,2.000,2.000,2.000,2.000,2.000,2.000,2.000,2.000,2.236,2.828,3.162,2.236,1.414,1.000,1.000,1.000,1.000,1.000,1.000,1.000,1.000,1.000,1.000,1.000,1.000,1.000,1.000,1.000,1.000,1.000,1.000,1.000,1.414,2.236,3.000,2.000,1.000,-1.000,-1.000,-1.000,-1.000,-1.000,-1.000,-1.000,-1.000,-1.000,-1.000,-1.000,-1.000,-1.000,-1.000,-1.000,-1.000,-1.000,-1.000,-1.000,1.000,2.000,3.162,2.236,1.414,1.000,-1.000,-1.414,-2.000,-2.000,-2.000,-2.000,-2.000,-2.000,-2.000,-2.000,-2.000,-2.000,-2.000,-1.414,-1.000,-1.000,-1.000,1.000,1.414,2.236,3.606,2.828,2.236,1.414,1.000,-1.000,-1.000,-1.414,-2.236,-2.828,-3.000,-3.000,-2.828,-2.236,-2.000,-1.414,-1.000,-1.000,1.000,1.000,1.000,1.414,2.236,2.828,4.243,3.606,2.828,2.236,1.414,1.000,1.000,-1.000,-1.414,-2.000,-2.000,-2.000,-2.000,-1.414,-1.000,-1.000,1.000,1.000,1.414,2.000,2.000,2.236,2.828,3.606,5.000,4.243,3.606,2.828,2.236,2.000,1.414,1.000,-1.000,-1.000,-1.000,-1.000,-1.000,-1.000,1.000,1.000,1.414,2.000,2.236,2.828,3.000,3.162,3.606,4.243,5.657,5.000,4.243,3.606,3.162,2.828,2.236,1.414,1.000,1.000,1.000,1.000,1.000,1.000,1.414,2.000,2.236,2.828,3.162,3.606,4.000,4.123,4.472,5.000,6.403,5.657,5.000,4.472,4.123,3.606,2.828,2.236,2.000,2.000,2.000,2.000,2.000,2.000,2.236,2.828,3.162,3.606,4.123,4.472,5.000,5.099,5.385,5.831,7.071,6.403,5.831,5.385,5.000,4.243,3.606,3.162,3.000,3.000,3.000,3.000,3.000,3.000,3.162,3.606,4.123,4.472,5.000,5.385,5.831,6.083,6.325,6.708,7.810,7.211,6.708,6.325,5.657,5.000,4.472,4.123,4.000,4.000,4.000,4.000,4.000,4.000,4.123,4.472,5.000,5.385,5.831,6.325,6.708,7.071,7.280,7.616,8.602,8.062,7.616,7.071,6.403,5.831,5.385,5.099,5.000,5.000,5.000,5.000,5.000,5.000,5.099,5.385,5.831,6.325,6.708,7.211,7.616,8.062,8.246,8.544,9.434,8.944,8.485,7.810,7.211,6.708,6.325,6.083,6.000,6.000,6.000,6.000,6.000,6.000,6.083,6.325,6.708,7.211,7.616,8.062,8.544,8.944,9.220,9.487,10.296,9.849,9.220,8.602,8.062,7.616,7.280,7.071,7.000,7.000,7.000,7.000,7.000,7.000,7.071,7.280,7.616,8.062,8.544,8.944,9.434,9.849,10.198,10.440,11.180,10.630,10.000,9.434,8.944,8.544,8.246,8.062,8.000,8.000,8.000,8.000,8.000,8.000,8.062,8.246,8.544,8.944,9.434,9.849,10.296,10.770,11.180,11.402,0.6195,-0.3071
5.099,5.000,5.000,5.000,5.000,5.000,5.000,5.000,5.000,5.000,5.000,5.000,5.000,5.000,5.000,5.000,5.000,5.000,5.000,5.000,5.000,5.000,5.000,5.099,4.123,4.000,4.000,4.000,4.000,4.000,4.000,4.000,4.000,4.000,4.000,4.000,4.000,4.000,4.000,4.000,4.000,4.000,4.000,4.000,4.000,4.000,4.000,4.123,3.162,3.000,3.000,3.000,3.000,3.000,3.000,3.000,3.000,3.000,3.000,3.000,3.000,3.000,3.000,3.000,3.000,3.000,3.000,3.000,3.000,3.000,3.000,3.162,2.236,2.000,2.000,2.000,2.000,2.000,2.000,2.000,2.000,2.000,2.000,2.000,2.000,2.000,2.000,2.000,2.000,2.000,2.000,2.000,2.000,2.000,2.000,2.236,1.414,1.000,1.000,1.000,1.000,1.000,1.000,1.000,1.000,1.000,1.000,1.000,1.000,1.000,1.000,1.000,1.000,1.000,1.000,1.000,1.000,1.000,1.000,1.414,1.000,-1.000,-1.000,-1.000,-1.000,-1.000,-1.000,-1.000,-1.000,-1.000,-1.000,-1.000,-1.000,-1.000,-1.000,-1.000,-1.000,-1.000,-1.000,-1.000,-1.000,-1.000,-1.000,1.000,1.414,1.000,-1.000,-1.414,-2.000,-2.000,-2.000,-2.000,-2.000,-2.000,-2.000,-2.000,-2.000,-2.000,-2.000,-2.000,-2.000,-2.000,-2.000,-2.000,-1.414,-1.000,-1.000,1.000,2.236,1.414,1.000,-1.000,-1.000,-1.414,-2.236,-2.828,-3.000,-3.000,-3.000,-3.000,-3.000,-3.000,-2.828,-2.236,-2.000,-1.414,-1.000,-1.000,-1.000,1.000,1.000,1.414,2.828,2.236,1.414,1.000,1.000,-1.000,-1.414,-2.236,-2.828,-3.606,-4.000,-4.000,-3.606,-2.828,-2.236,-1.414,-1.000,-1.000,1.000,1.000,1.000,1.414,2.000,2.236,3.606,2.828,2.236,2.000,1.414,1.000,-1.000,-1.414,-2.236,-2.828,-3.162,-3.162,-2.828,-2.236,-1.414,-1.000,1.000,1.000,1.414,2.000,2.000,2.236,2.828,3.162,4.243,3.606,3.162,2.828,2.236,1.414,1.000,-1.000,-1.414,-2.000,-2.236,-2.236,-2.000,-1.414,-1.000,1.000,1.414,2.000,2.236,2.828,3.000,3.162,3.606,4.123,5.000,4.472,4.123,3.606,2.828,2.236,1.414,1.000,-1.000,-1.000,-1.414,-1.414,-1.000,-1.000,1.000,1.414,2.236,2.828,3.162,3.606,4.000,4.123,4.472,5.000,5.831,5.385,5.000,4.243,3.606,2.828,2.236,1.414,1.000,1.000,-1.000,-1.000,1.000,1.000,1.414,2.236,2.828,3.606,4.123,4.472,5.000,5.099,5.385,5.831,6.708,6.325,5.657,5.000,4.243,3.606,2.828,2.236,2.000,1.414,1.000,1.000,1.414,2.000,2.236,2.828,3.606,4.243,5.000,5.385,5.831,6.083,6.325,6.708,7.616,7.071,6.403,5.657,5.000,4.243,3.606,3.162,2.828,2.236,2.000,2.000,2.236,2.828,3.162,3.606,4.243,5.000,5.657,6.325,6.708,7.071,7.280,7.616,8.485,7.810,7.071,6.403,5.657,5.000,4.472,4.123,3.606,3.162,3.000,3.000,3.162,3.606,4.123,4.472,5.000,5.657,6.403,7.071,7.616,8.062,8.246,8.544,0.7144,0.0149
6.708,5.831,5.000,4.243,3.606,3.162,3.000,3.000,3.000,3.000,3.000,3.000,3.000,3.000,3.000,3.000,3.000,3.000,3.000,3.162,3.606,4.243,5.000,5.831,6.325,5.385,4.472,3.606,2.828,2.236,2.000,2.000,2.000,2.000,2.000,2.000,2.000,2.000,2.000,2.000,2.000,2.000,2.000,2.236,2.828,3.606,4.472,5.385,6.083,5.099,4.123,3.162,2.236,1.414,1.000,1.000,1.000,1.000,1.000,1.000,1.000,1.000,1.000,1.000,1.000,1.000,1.000,1.414,2.236,3.162,4.123,5.099,6.000,5.000,4.000,3.000,2.000,1.000,-1.000,-1.000,-1.000,-1.000,-1.000,-1.000,-1.000,-1.000,-1.000,-1.000,-1.000,-1.000,-1.000,1.000,2.000,3.000,4.000,5.000,6.083,5.099,4.123,3.162,2.236,1.414,1.000,-1.000,-1.000,-1.414,-2.000,-2.000,-2.000,-2.000,-2.000,-2.000,-1.414,-1.000,-1.000,1.000,2.000,3.000,4.000,5.000,6.325,5.385,4.472,3.606,2.828,2.236,1.414,1.000,1.000,-1.000,-1.414,-2.236,-2.236,-1.414,-1.000,-1.000,-1.000,1.000,1.000,1.414,2.236,3.162,4.123,5.099,6.708,5.831,5.000,4.243,3.606,2.828,2.236,2.000,1.414,1.000,-1.000,-2.000,-1.414,-1.000,1.000,1.000,1.000,1.414,2.000,2.236,2.828,3.606,4.472,5.385,7.211,6.403,5.657,5.000,4.243,3.606,3.162,2.828,2.000,1.000,-1.000,-1.000,-1.000,1.000,1.414,2.000,2.000,2.236,2.828,3.162,3.606,4.243,5.000,5.831,7.810,7.071,6.403,5.657,5.000,4.472,4.123,3.162,2.236,1.414,1.000,1.000,1.000,1.414,2.236,2.828,3.000,3.162,3.606,4.123,4.472,5.000,5.657,6.403,8.485,7.810,7.071,6.403,5.831,5.385,4.472,3.606,2.828,2.236,2.000,2.000,2.000,2.236,2.828,3.606,4.000,4.123,4.472,5.000,5.385,5.831,6.403,7.071,9.220,8.485,7.810,7.211,6.708,5.831,5.000,4.243,3.606,3.162,3.000,3.000,3.000,3.162,3.606,4.243,5.000,5.099,5.385,5.831,6.325,6.708,7.211,7.810,9.899,9.220,8.602,8.062,7.211,6.403,5.657,5.000,4.472,4.123,4.000,4.000,4.000,4.123,4.472,5.000,5.657,6.083,6.325,6.708,7.211,7.616,8.062,8.602,10.630,10.000,9.434,8.602,7.810,7.071,6.403,5.831,5.385,5.099,5.000,5.000,5.000,5.099,5.385,5.831,6.403,7.071,7.280,7.616,8.062,8.544,8.944,9.434,11.402,10.817,10.000,9.220,8.485,7.810,7.211,6.708,6.325,6.083,6.000,6.000,6.000,6.083,6.325,6.708,7.211,7.810,8.246,8.544,8.944,9.434,9.849,10.296,12.207,11.402,10.630,9.899,9.220,8.602,8.062,7.616,7.280,7.071,7.000,7.000,7.000,7.071,7.280,7.616,8.062,8.602,9.220,9.487,9.849,10.296,10.770,11.180,12.806,12.042,11.314,10.630,10.000,9.434,8.944,8.544,8.246,8.062,8.000,8.000,8.000,8.062,8.246,8.544,8.944,9.434,10.000,10.440,10.770,11.180,11.662,12.083,0.6518,-0.1496
7.810,7.211,6.708,6.325,6.083,6.000,6.000,6.000,6.000,6.000,6.000,6.000,6.000,6.000,6.000,6.000,6.000,6.000,6.000,6.083,6.325,6.708,7.211,7.810,7.071,6.403,5.831,5.385,5.099,5.000,5.000,5.000,5.000,5.000,5.000,5.000,5.000,5.000,5.000,5.000,5.000,5.000,5.000,5.099,5.385,5.831,6.403,7.071,6.403,5.657,5.000,4.472,4.123,4.000,4.000,4.000,4.000,4.000,4.000,4.000,4.000,4.000,4.000,4.000,4.000,4.000,4.000,4.123,4.472,5.000,5.657,6.403,5.831,5.000,4.243,3.606,3.162,3.000,3.000,3.000,3.000,3.000,3.000,3.000,3.000,3.000,3.000,3.000,3.000,3.000,3.000,3.162,3.606,4.243,5.000,5.831,5.385,4.472,3.606,2.828,2.236,2.000,2.000,2.000,2.000,2.000,2.000,2.000,2.000,2.000,2.000,2.000,2.000,2.000,2.000,2.236,2.828,3.606,4.472,5.385,5.099,4.123,3.162,2.236,1.414,1.000,1.000,1.000,1.000,1.000,1.000,1.000,1.000,1.000,1.000,1.000,1.000,1.000,1.000,1.414,2.236,3.162,4.123,5.099,5.000,4.000,3.000,2.000,1.000,-1.000,-1.000,-1.000,-1.000,-1.000,-1.000,-1.000,-1.000,-1.000,-1.000,-1.000,-1.000,-1.000,-1.000,1.000,2.000,3.000,4.000,5.000,5.000,4.000,3.000,2.000,1.000,-1.000,-1.414,-2.000,-2.000,-2.000,-2.000,-2.000,-2.000,-2.000,-2.000,-2.000,-2.000,-2.000,-1.000,1.000,2.000,3.000,4.000,5.000,5.099,4.123,3.162,2.236,1.414,1.000,-1.000,-1.414,-2.236,-3.000,-3.000,-3.000,-3.000,-3.000,-3.000,-3.000,-3.000,-2.000,-1.000,1.000,2.000,3.000,4.000,5.000,5.385,4.472,3.606,2.828,2.236,1.414,1.000,-1.000,-2.000,-2.828,-3.606,-4.000,-4.000,-4.000,-4.000,-4.000,-3.000,-2.000,-1.000,1.000,2.000,3.000,4.000,5.000,5.831,5.000,4.243,3.606,2.828,2.000,1.000,-1.000,-1.414,-2.236,-3.162,-4.123,-4.243,-3.606,-3.162,-3.000,-3.000,-2.000,-1.000,1.000,2.000,3.000,4.000,5.000,6.403,5.657,5.000,4.123,3.162,2.236,1.414,1.000,-1.000,-2.000,-2.828,-3.606,-3.606,-2.828,-2.236,-2.000,-2.000,-2.000,-1.000,1.000,2.000,3.000,4.000,5.000,7.071,6.325,5.385,4.472,3.606,2.828,2.000,1.000,-1.000,-1.414,-2.236,-3.162,-2.828,-2.236,-1.414,-1.000,-1.000,-1.000,-1.000,1.000,2.000,3.000,4.000,5.000,7.616,6.708,5.831,5.000,4.123,3.162,2.236,1.414,1.000,-1.000,-2.000,-2.828,-2.236,-1.414,-1.000,1.000,1.000,1.000,1.000,1.414,2.236,3.162,4.123,5.099,8.062,7.211,6.325,5.385,4.472,3.606,2.828,2.000,1.000,-1.000,-1.414,-2.236,-1.414,-1.000,1.000,1.414,2.000,2.000,2.000,2.236,2.828,3.606,4.472,5.385,8.544,7.616,6.708,5.831,5.000,4.123,3.162,2.236,1.414,1.000,-1.000,-2.000,-1.000,1.000,1.414,2.236,2.828,3.000,3.000,3.162,3.606,4.243,5.000,5.831,1.1420,0.1489
5.000,4.243,3.606,3.162,3.000,3.000,3.000,3.000,3.000,3.000,3.000,3.000,3.000,3.000,3.000,3.000,3.000,3.000,3.000,3.000,3.162,3.606,4.243,5.000,4.472,3.606,2.828,2.236,2.000,2.000,2.000,2.000,2.000,2.000,2.000,2.000,2.000,2.000,2.000,2.000,2.000,2.000,2.000,2.000,2.236,2.828,3.606,4.472,4.123,3.162,2.236,1.414,1.000,1.000,1.000,1.000,1.000,1.000,1.000,1.000,1.000,1.000,1.000,1.000,1.000,1.000,1.000,1.000,1.414,2.236,3.162,4.123,4.000,3.000,2.000,1.000,-1.000,-1.000,-1.000,-1.000,-1.000,-1.000,-1.000,-1.000,-1.000,-1.000,-1.000,-1.000,-1.000,-1.000,-1.000,-1.000,1.000,2.000,3.000,4.000,4.123,3.162,2.236,1.414,1.000,-1.000,-2.000,-2.000,-2.000,-2.000,-2.000,-2.000,-2.000,-2.000,-2.000,-2.000,-2.000,-2.000,-2.000,-1.000,1.000,2.000,3.000,4.000,4.472,3.606,2.828,2.000,1.000,-1.000,-1.414,-2.236,-2.828,-3.000,-3.000,-3.000,-3.000,-3.000,-3.000,-3.000,-3.000,-3.000,-2.000,-1.000,1.000,2.000,3.000,4.000,5.000,4.123,3.162,2.236,1.414,1.000,-1.000,-1.414,-2.236,-3.162,-4.000,-4.000,-4.000,-3.606,-3.162,-2.828,-2.236,-2.000,-2.000,-1.000,1.000,2.000,3.000,4.000,5.385,4.472,3.606,2.828,2.236,1.414,1.000,-1.000,-2.000,-2.828,-3.606,-4.243,-3.606,-2.828,-2.236,-2.000,-1.414,-1.000,-1.000,-1.000,1.000,2.000,3.000,4.000,5.831,5.000,4.243,3.606,2.828,2.000,1.000,-1.000,-1.414,-2.236,-2.828,-3.606,-2.828,-2.236,-1.414,-1.000,-1.000,1.000,1.000,1.000,1.414,2.236,3.162,4.123,6.403,5.657,5.000,4.123,3.162,2.236,1.414,1.000,-1.000,-1.414,-2.236,-3.162,-2.236,-1.414,-1.000,1.000,1.000,1.414,2.000,2.000,2.236,2.828,3.606,4.472,7.071,6.325,5.385,4.472,3.606,2.828,2.236,1.414,1.000,-1.000,-2.000,-2.828,-2.000,-1.000,1.000,1.414,2.000,2.236,2.828,3.000,3.162,3.606,4.243,5.000,7.616,6.708,5.831,5.000,4.243,3.606,2.828,2.000,1.000,-1.000,-1.414,-2.236,-1.414,-1.000,1.000,2.000,2.828,3.162,3.606,4.000,4.123,4.472,5.000,5.657,8.062,7.211,6.403,5.657,5.000,4.123,3.162,2.236,1.414,1.000,-1.000,-1.414,-1.000,1.000,1.414,2.236,3.162,4.123,4.472,5.000,5.099,5.385,5.831,6.403,8.602,7.810,7.071,6.325,5.385,4.472,3.606,2.828,2.000,1.000,-1.000,-1.000,1.000,1.414,2.236,2.828,3.606,4.472,5.385,5.831,6.083,6.325,6.708,7.211,9.220,8.485,7.616,6.708,5.831,5.000,4.123,3.162,2.236,1.414,1.000,1.000,1.414,2.236,2.828,3.606,4.243,5.000,5.831,6.708,7.071,7.280,7.616,8.062,9.849,8.944,8.062,7.211,6.325,5.385,4.472,3.606,2.828,2.236,2.000,2.000,2.236,2.828,3.606,4.243,5.000,5.657,6.403,7.211,8.062,8.246,8.544,8.944,1.0931,-0.1783
7.810,7.211,6.708,6.325,6.083,6.000,6.000,6.000,6.000,6.000,6.000,6.000,6.000,6.000,6.000,6.000,6.000,6.000,6.000,6.083,6.325,6.708,7.211,7.810,7.071,6.403,5.831,5.385,5.099,5.000,5.000,5.000,5.000,5.000,5.000,5.000,5.000,5.000,5.000,5.000,5.000,5.000,5.000,5.099,5.385,5.831,6.403,7.071,6.403,5.657,5.000,4.472,4.123,4.000,4.000,4.000,4.000,4.000,4.000,4.000,4.000,4.000,4.000,4.000,4.000,4.000,4.000,4.123,4.472,5.000,5.657,6.403,5.831,5.000,4.243,3.606,3.162,3.000,3.000,3.000,3.000,3.000,3.000,3.000,3.000,3.000,3.000,3.000,3.000,3.000,3.000,3.162,3.606,4.243,5.000,5.831,5.385,4.472,3.606,2.828,2.236,2.000,2.000,2.000,2.000,2.000,2.000,2.000,2.000,2.000,2.000,2.000,2.000,2.000,2.000,2.236,2.828,3.606,4.472,5.385,5.099,4.123,3.162,2.236,1.414,1.000,1.000,1.000,1.000,1.000,1.000,1.000,1.000,1.000,1.000,1.000,1.000,1.000,1.000,1.414,2.236,3.162,4.123,5.099,5.000,4.000,3.000,2.000,1.000,-1.000,-1.000,-1.000,-1.000,-1.000,-1.000,-1.000,-1.000,-1.000,-1.000,-1.000,-1.000,-1.000,-1.000,1.000,2.000,3.000,4.000,5.000,5.000,4.000,3.000,2.000,1.000,-1.000,-1.414,-2.000,-2.000,-2.000,-2.000,-2.000,-2.000,-2.000,-2.000,-2.000,-2.000,-2.000,-1.000,1.000,2.000,3.000,4.000,5.000,5.099,4.123,3.162,2.236,1.414,1.000,-1.000,-2.000,-2.828,-3.000,-3.000,-3.000,-3.000,-3.000,-3.000,-3.000,-2.828,-2.000,-1.000,1.000,2.000,3.000,4.000,5.000,5.385,4.472,3.606,2.828,2.000,1.000,-1.000,-1.414,-2.236,-2.828,-3.606,-4.000,-4.000,-3.606,-2.828,-2.236,-2.000,-1.414,-1.000,1.000,2.000,3.000,4.000,5.000,5.831,5.000,4.123,3.162,2.236,1.414,1.000,-1.000,-1.414,-2.236,-2.828,-3.606,-3.162,-2.828,-2.236,-1.414,-1.000,-1.000,1.000,1.414,2.236,3.162,4.123,5.099,6.325,5.385,4.472,3.606,2.828,2.236,1.414,1.000,-1.000,-1.414,-2.236,-2.828,-2.236,-2.000,-1.414,-1.000,1.000,1.000,1.414,2.236,2.828,3.606,4.472,5.385,6.708,5.831,5.000,4.243,3.606,2.828,2.236,1.414,1.000,-1.000,-1.414,-2.000,-1.414,-1.000,-1.000,1.000,1.414,2.000,2.236,2.828,3.606,4.243,5.000,5.831,7.211,6.403,5.657,5.000,4.243,3.606,2.828,2.236,1.414,1.000,-1.000,-1.000,-1.000,1.000,1.000,1.414,2.236,2.828,3.162,3.606,4.243,5.000,5.657,6.403,7.810,7.071,6.403,5.657,5.000,4.243,3.606,2.828,2.236,1.414,1.000,1.000,1.000,1.414,2.000,2.236,2.828,3.606,4.123,4.472,5.000,5.657,6.403,7.071,8.485,7.810,7.071,6.403,5.657,5.000,4.243,3.606,2.828,2.236,2.000,2.000,2.000,2.236,2.828,3.162,3.606,4.243,5.000,5.385,5.831,6.403,7.071,7.810,0.8044,-0.0445
7.211,6.708,6.325,6.083,6.000,6.000,6.000,6.000,6.000,6.000,6.000,6.000,6.000,6.000,6.000,6.000,6.000,6.000,6.000,6.000,6.000,6.083,6.325,6.708,6.403,5.831,5.385,5.099,5.000,5.000,5.000,5.000,5.000,5.000,5.000,5.000,5.000,5.000,5.000,5.000,5.000,5.000,5.000,5.000,5.000,5.099,5.385,5.831,5.657,5.000,4.472,4.123,4.000,4.000,4.000,4.000,4.000,4.000,4.000,4.000,4.000,4.000,4.000,4.000,4.000,4.000,4.000,4.000,4.000,4.123,4.472,5.000,5.000,4.243,3.606,3.162,3.000,3.000,3.000,3.000,3.000,3.000,3.000,3.000,3.000,3.000,3.000,3.000,3.000,3.000,3.000,3.000,3.000,3.162,3.606,4.243,4.472,3.606,2.828,2.236,2.000,2.000,2.000,2.000,2.000,2.000,2.000,2.000,2.000,2.000,2.000,2.000,2.000,2.000,2.000,2.000,2.000,2.236,2.828,3.606,4.123,3.162,2.236,1.414,1.000,1.000,1.000,1.000,1.000,1.000,1.000,1.000,1.000,1.000,1.000,1.000,1.000,1.000,1.000,1.000,1.000,1.414,2.236,3.162,4.000,3.000,2.000,1.000,-1.000,-1.000,-1.000,-1.000,-1.000,-1.000,-1.000,-1.000,-1.000,-1.000,-1.000,-1.000,-1.000,-1.000,-1.000,-1.000,-1.000,1.000,2.000,3.000,4.123,3.162,2.236,1.414,1.000,-1.000,-1.414,-2.000,-2.000,-2.000,-2.000,-2.000,-2.000,-2.000,-2.000,-2.000,-2.000,-2.000,-2.000,-2.000,-1.000,1.000,2.000,3.000,4.472,3.606,2.828,2.236,1.414,1.000,-1.000,-1.414,-2.236,-2.828,-3.000,-3.000,-3.000,-3.000,-2.828,-2.236,-2.000,-2.000,-2.000,-1.414,-1.000,1.000,2.000,3.000,5.000,4.243,3.606,2.828,2.236,1.414,1.000,-1.000,-1.414,-2.236,-2.828,-3.606,-3.606,-2.828,-2.236,-1.414,-1.000,-1.000,-1.000,-1.000,1.000,1.414,2.236,3.162,5.657,5.000,4.243,3.606,2.828,2.236,1.414,1.000,-1.000,-1.414,-2.236,-3.162,-2.828,-2.236,-1.414,-1.000,1.000,1.000,1.000,1.000,1.414,2.236,2.828,3.606,6.403,5.657,5.000,4.243,3.606,2.828,2.236,1.414,1.000,-1.000,-2.000,-2.828,-2.236,-1.414,-1.000,1.000,1.414,2.000,2.000,2.000,2.236,2.828,3.606,4.243,7.071,6.403,5.657,5.000,4.243,3.606,2.828,2.000,1.000,-1.000,-1.414,-2.236,-1.414,-1.000,1.000,1.414,2.236,2.828,3.000,3.000,3.162,3.606,4.243,5.000,7.810,7.071,6.403,5.657,5.000,4.123,3.162,2.236,1.414,1.000,-1.000,-1.414,-1.000,1.000,1.414,2.236,2.828,3.606,4.000,4.000,4.123,4.472,5.000,5.657,8.485,7.810,7.071,6.325,5.385,4.472,3.606,2.828,2.236,1.414,1.000,-1.000,1.000,1.414,2.236,2.828,3.606,4.243,5.000,5.000,5.099,5.385,5.831,6.403,9.220,8.485,7.616,6.708,5.831,5.000,4.243,3.606,2.828,2.236,1.414,1.000,1.414,2.236,2.828,3.606,4.243,5.000,5.657,6.000,6.083,6.325,6.708,7.211,0.9722,0.1301
6.325,6.083,6.000,6.000,6.000,6.000,6.000,6.000,6.000,6.000,6.000,6.000,6.000,6.000,6.000,6.000,6.000,6.000,6.000,6.000,6.000,6.000,6.083,6.325,5.385,5.099,5.000,5.000,5.000,5.000,5.000,5.000,5.000,5.000,5.000,5.000,5.000,5.000,5.000,5.000,5.000,5.000,5.000,5.000,5.000,5.000,5.099,5.385,4.472,4.123,4.000,4.000,4.000,4.000,4.000,4.000,4.000,4.000,4.000,4.000,4.000,4.000,4.000,4.000,4.000,4.000,4.000,4.000,4.000,4.000,4.123,4.472,3.606,3.162,3.000,3.000,3.000,3.000,3.000,3.000,3.000,3.000,3.000,3.000,3.000,3.000,3.000,3.000,3.000,3.000,3.000,3.000,3.000,3.000,3.162,3.606,2.828,2.236,2.000,2.000,2.000,2.000,2.000,2.000,2.000,2.000,2.000,2.000,2.000,2.000,2.000,2.000,2.000,2.000,2.000,2.000,2.000,2.000,2.236,2.828,2.236,1.414,1.000,1.000,1.000,1.000,1.000,1.000,1.000,1.000,1.000,1.000,1.000,1.000,1.000,1.000,1.000,1.000,1.000,1.000,1.000,1.000,1.414,2.236,2.000,1.000,-1.000,-1.000,-1.000,-1.000,-1.000,-1.000,-1.000,-1.000,-1.000,-1.000,-1.000,-1.000,-1.000,-1.000,-1.000,-1.000,-1.000,-1.000,-1.000,-1.000,1.000,2.000,2.236,1.414,1.000,-1.000,-1.414,-2.000,-2.000,-2.000,-2.000,-2.000,-2.000,-2.000,-2.000,-2.000,-2.000,-2.000,-2.000,-2.000,-2.000,-2.000,-2.000,-1.000,1.000,2.000,2.828,2.236,1.414,1.000,-1.000,-1.414,-2.236,-3.000,-3.000,-3.000,-3.000,-3.000,-3.000,-3.000,-3.000,-3.000,-3.000,-3.000,-3.000,-3.000,-2.000,-1.000,1.000,2.000,3.606,2.828,2.236,1.414,1.000,-1.000,-2.000,-2.828,-3.606,-4.000,-4.000,-4.000,-4.000,-4.000,-4.000,-4.000,-3.606,-3.162,-3.000,-2.828,-2.000,-1.000,1.000,2.000,4.243,3.606,2.828,2.000,1.000,-1.000,-1.414,-2.236,-2.828,-3.606,-4.472,-5.000,-5.000,-4.243,-3.606,-3.162,-2.828,-2.236,-2.000,-2.000,-1.414,-1.000,1.000,2.000,5.000,4.123,3.162,2.236,1.414,1.000,-1.000,-1.414,-2.236,-3.162,-4.123,-5.000,-4.243,-3.606,-2.828,-2.236,-2.000,-1.414,-1.000,-1.000,-1.000,1.000,1.414,2.236,5.385,4.472,3.606,2.828,2.236,1.414,1.000,-1.000,-2.000,-2.828,-3.606,-4.243,-3.606,-2.828,-2.236,-1.414,-1.000,-1.000,1.000,1.000,1.000,1.414,2.236,2.828,5.831,5.000,4.243,3.606,2.828,2.000,1.000,-1.000,-1.414,-2.236,-3.162,-3.606,-2.828,-2.236,-1.414,-1.000,1.000,1.000,1.414,2.000,2.000,2.236,2.828,3.606,6.403,5.657,5.000,4.123,3.162,2.236,1.414,1.000,-1.000,-2.000,-3.000,-3.162,-2.236,-1.414,-1.000,1.000,1.414,2.000,2.236,2.828,3.000,3.162,3.606,4.243,7.071,6.325,5.385,4.472,3.606,2.828,2.000,1.000,-1.000,-2.000,-3.000,-3.000,-2.000,-1.000,1.000,1.414,2.236,2.828,3.162,3.606,4.000,4.123,4.472,5.000,1.0856,0.1140
7.211,6.708,6.325,6.083,6.000,6.000,6.000,6.000,6.000,6.000,6.000,6.000,6.000,6.000,6.000,6.000,6.000,6.000,6.000,6.000,6.000,6.083,6.325,6.708,6.403,5.831,5.385,5.099,5.000,5.000,5.000,5.000,5.000,5.000,5.000,5.000,5.000,5.000,5.000,5.000,5.000,5.000,5.000,5.000,5.000,5.099,5.385,5.831,5.657,5.000,4.472,4.123,4.000,4.000,4.000,4.000,4.000,4.000,4.000,4.000,4.000,4.000,4.000,4.000,4.000,4.000,4.000,4.000,4.000,4.123,4.472,5.000,5.000,4.243,3.606,3.162,3.000,3.000,3.000,3.000,3.000,3.000,3.000,3.000,3.000,3.000,3.000,3.000,3.000,3.000,3.000,3.000,3.000,3.162,3.606,4.243,4.472,3.606,2.828,2.236,2.000,2.000,2.000,2.000,2.000,2.000,2.000,2.000,2.000,2.000,2.000,2.000,2.000,2.000,2.000,2.000,2.000,2.236,2.828,3.606,4.123,3.162,2.236,1.414,1.000,1.000,1.000,1.000,1.000,1.000,1.000,1.000,1.000,1.000,1.000,1.000,1.000,1.000,1.000,1.000,1.000,1.414,2.236,3.162,4.000,3.000,2.000,1.000,-1.000,-1.000,-1.000,-1.000,-1.000,-1.000,-1.000,-1.000,-1.000,-1.000,-1.000,-1.000,-1.000,-1.000,-1.000,-1.000,-1.000,1.000,2.000,3.000,4.123,3.162,2.236,1.414,1.000,-1.000,-1.414,-2.000,-2.000,-2.000,-2.000,-2.000,-2.000,-2.000,-2.000,-2.000,-2.000,-2.000,-1.414,-1.000,-1.000,1.000,2.000,3.000,4.472,3.606,2.828,2.236,1.414,1.000,-1.000,-1.414,-2.236,-2.828,-3.000,-3.000,-3.000,-2.828,-2.236,-2.000,-1.414,-1.000,-1.000,1.000,1.000,1.414,2.236,3.162,5.000,4.243,3.606,2.828,2.236,1.414,1.000,-1.000,-1.414,-2.000,-2.236,-2.828,-2.236,-2.000,-1.414,-1.000,-1.000,1.000,1.000,1.414,2.000,2.236,2.828,3.606,5.657,5.000,4.243,3.606,2.828,2.236,1.414,1.000,-1.000,-1.000,-1.414,-2.000,-1.414,-1.000,-1.000,1.000,1.000,1.414,2.000,2.236,2.828,3.162,3.606,4.243,6.403,5.657,5.000,4.243,3.606,2.828,2.236,1.414,1.000,1.000,-1.000,-1.000,-1.000,1.000,1.000,1.414,2.000,2.236,2.828,3.162,3.606,4.123,4.472,5.000,7.071,6.403,5.657,5.000,4.243,3.606,2.828,2.236,2.000,1.414,1.000,1.000,1.000,1.414,2.000,2.236,2.828,3.162,3.606,4.123,4.472,5.000,5.385,5.831,7.810,7.071,6.403,5.657,5.000,4.243,3.606,3.162,2.828,2.236,2.000,2.000,2.000,2.236,2.828,3.162,3.606,4.123,4.472,5.000,5.385,5.831,6.325,6.708,8.485,7.810,7.071,6.403,5.657,5.000,4.472,4.123,3.606,3.162,3.000,3.000,3.000,3.162,3.606,4.123,4.472,5.000,5.385,5.831,6.325,6.708,7.211,7.616,9.220,8.485,7.810,7.071,6.403,5.831,5.385,5.000,4.472,4.123,4.000,4.000,4.000,4.123,4.472,5.000,5.385,5.831,6.325,6.708,7.211,7.616,8.062,8.544,0.6524,-0.0448
4.243,3.606,3.162,3.000,3.000,3.000,3.000,3.000,3.000,3.000,3.000,3.000,3.000,3.000,3.000,3.000,3.000,3.000,3.000,3.000,3.000,3.000,3.000,3.162,3.606,2.828,2.236,2.000,2.000,2.000,2.000,2.000,2.000,2.000,2.000,2.000,2.000,2.000,2.000,2.000,2.000,2.000,2.000,2.000,2.000,2.000,2.000,2.236,3.162,2.236,1.414,1.000,1.000,1.000,1.000,1.000,1.000,1.000,1.000,1.000,1.000,1.000,1.000,1.000,1.000,1.000,1.000,1.000,1.000,1.000,1.000,1.414,3.000,2.000,1.000,-1.000,-1.000,-1.000,-1.000,-1.000,-1.000,-1.000,-1.000,-1.000,-1.000,-1.000,-1.000,-1.000,-1.000,-1.000,-1.000,-1.000,-1.000,-1.000,-1.000,1.000,3.162,2.236,1.414,1.000,1.000,-1.000,-1.414,-2.000,-2.000,-2.000,-2.000,-2.000,-2.000,-2.000,-2.000,-2.000,-2.000,-2.000,-1.414,-1.000,-1.000,-1.000,1.000,1.414,3.606,2.828,2.236,2.000,1.414,1.000,-1.000,-1.000,-1.414,-2.000,-2.236,-2.828,-2.236,-2.000,-1.414,-1.000,-1.000,-1.000,-1.000,1.000,1.000,1.000,1.414,2.236,4.243,3.606,3.162,2.828,2.236,1.414,1.000,1.000,-1.000,-1.000,-1.414,-2.000,-1.414,-1.000,-1.000,1.000,1.000,1.000,1.000,1.414,2.000,2.000,2.236,2.828,5.000,4.472,4.123,3.606,2.828,2.236,2.000,1.414,1.000,1.000,-1.000,-1.000,-1.000,1.000,1.000,1.414,2.000,2.000,2.000,2.236,2.828,3.000,3.162,3.606,5.831,5.385,5.000,4.243,3.606,3.162,2.828,2.236,2.000,1.414,1.000,1.000,1.000,1.414,2.000,2.236,2.828,3.000,3.000,3.162,3.606,4.000,4.123,4.472,6.708,6.325,5.657,5.000,4.472,4.123,3.606,3.162,2.828,2.236,2.000,2.000,2.000,2.236,2.828,3.162,3.606,4.000,4.000,4.123,4.472,5.000,5.099,5.385,7.616,7.071,6.403,5.831,5.385,5.000,4.472,4.123,3.606,3.162,3.000,3.000,3.000,3.162,3.606,4.123,4.472,5.000,5.000,5.099,5.385,5.831,6.083,6.325,8.485,7.810,7.211,6.708,6.325,5.831,5.385,5.000,4.472,4.123,4.000,4.000,4.000,4.123,4.472,5.000,5.385,5.831,6.000,6.083,6.325,6.708,7.071,7.280,9.220,8.602,8.062,7.616,7.211,6.708,6.325,5.831,5.385,5.099,5.000,5.000,5.000,5.099,5.385,5.831,6.325,6.708,7.000,7.071,7.280,7.616,8.062,8.246,10.000,9.434,8.944,8.544,8.062,7.616,7.211,6.708,6.325,6.083,6.000,6.000,6.000,6.083,6.325,6.708,7.211,7.616,8.000,8.062,8.246,8.544,8.944,9.220,10.817,10.296,9.849,9.434,8.944,8.544,8.062,7.616,7.280,7.071,7.000,7.000,7.000,7.071,7.280,7.616,8.062,8.544,8.944,9.055,9.220,9.487,9.849,10.198,11.662,11.180,10.770,10.296,9.849,9.434,8.944,8.544,8.246,8.062,8.000,8.000,8.000,8.062,8.246,8.544,8.944,9.434,9.849,10.050,10.198,10.440,10.770,11.180,0.6641,-0.3027
6.403,5.657,5.000,4.472,4.123,4.000,4.000,4.000,4.000,4.000,4.000,4.000,4.000,4.000,4.000,4.000,4.000,4.000,4.000,4.000,4.123,4.472,5.000,5.657,5.831,5.000,4.243,3.606,3.162,3.000,3.000,3.000,3.000,3.000,3.000,3.000,3.000,3.000,3.000,3.000,3.000,3.000,3.000,3.000,3.162,3.606,4.243,5.000,5.385,4.472,3.606,2.828,2.236,2.000,2.000,2.000,2.000,2.000,2.000,2.000,2.000,2.000,2.000,2.000,2.000,2.000,2.000,2.000,2.236,2.828,3.606,4.472,5.099,4.123,3.162,2.236,1.414,1.000,1.000,1.000,1.000,1.000,1.000,1.000,1.000,1.000,1.000,1.000,1.000,1.000,1.000,1.000,1.414,2.236,3.162,4.123,5.000,4.000,3.000,2.000,1.000,-1.000,-1.000,-1.000,-1.000,-1.000,-1.000,-1.000,-1.000,-1.000,-1.000,-1.000,-1.000,-1.000,-1.000,-1.000,1.000,2.000,3.000,4.000,5.099,4.123,3.162,2.236,1.414,1.000,-1.000,-1.414,-2.000,-2.000,-2.000,-2.000,-2.000,-2.000,-2.000,-2.000,-2.000,-1.414,-1.000,1.000,1.414,2.236,3.162,4.123,5.385,4.472,3.606,2.828,2.236,1.414,1.000,-1.000,-2.000,-2.828,-3.000,-3.000,-3.000,-2.828,-2.236,-2.000,-1.414,-1.000,1.000,1.414,2.236,2.828,3.606,4.472,5.831,5.000,4.243,3.606,2.828,2.000,1.000,-1.000,-1.414,-2.236,-3.162,-4.000,-3.162,-2.236,-1.414,-1.000,-1.000,1.000,1.414,2.236,2.828,3.606,4.243,5.000,6.403,5.657,5.000,4.123,3.162,2.236,1.414,1.000,-1.000,-2.000,-2.828,-3.606,-2.828,-2.000,-1.000,1.000,1.000,1.414,2.236,2.828,3.606,4.243,5.000,5.657,7.071,6.325,5.385,4.472,3.606,2.828,2.000,1.000,-1.000,-1.414,-2.236,-3.162,-2.236,-1.414,-1.000,1.000,2.000,2.236,2.828,3.606,4.243,5.000,5.657,6.403,7.616,6.708,5.831,5.000,4.123,3.162,2.236,1.414,1.000,-1.000,-2.000,-2.828,-2.000,-1.000,1.000,1.414,2.236,3.162,3.606,4.243,5.000,5.657,6.403,7.071,8.062,7.211,6.325,5.385,4.472,3.606,2.828,2.000,1.000,-1.000,-1.414,-2.236,-1.414,-1.000,1.000,2.000,2.828,3.606,4.472,5.000,5.657,6.403,7.071,7.810,8.544,7.616,6.708,5.831,5.000,4.123,3.162,2.236,1.414,1.000,-1.000,-2.000,-1.000,1.000,1.414,2.236,3.162,4.123,5.000,5.831,6.403,7.071,7.810,8.485,8.944,8.062,7.211,6.325,5.385,4.472,3.606,2.828,2.000,1.000,-1.000,-1.414,-1.000,1.000,2.000,2.828,3.606,4.472,5.385,6.325,7.211,7.810,8.485,9.220,9.434,8.544,7.616,6.708,5.831,5.000,4.123,3.162,2.236,1.414,1.000,-1.000,1.000,1.414,2.236,3.162,4.123,5.000,5.831,6.708,7.616,8.544,9.220,9.899,9.849,8.944,8.062,7.211,6.325,5.385,4.472,3.606,2.828,2.236,1.414,1.000,1.414,2.236,2.828,3.606,4.472,5.385,6.325,7.211,8.062,8.944,9.849,10.630,0.9559,-0.1091
7.071,6.403,5.831,5.385,5.099,5.000,5.000,5.000,5.000,5.000,5.000,5.000,5.000,5.000,5.000,5.000,5.000,5.000,5.000,5.099,5.385,5.831,6.403,7.071,6.403,5.657,5.000,4.472,4.123,4.000,4.000,4.000,4.000,4.000,4.000,4.000,4.000,4.000,4.000,4.000,4.000,4.000,4.000,4.123,4.472,5.000,5.657,6.403,5.831,5.000,4.243,3.606,3.162,3.000,3.000,3.000,3.000,3.000,3.000,3.000,3.000,3.000,3.000,3.000,3.000,3.000,3.000,3.162,3.606,4.243,5.000,5.831,5.385,4.472,3.606,2.828,2.236,2.000,2.000,2.000,2.000,2.000,2.000,2.000,2.000,2.000,2.000,2.000,2.000,2.000,2.000,2.236,2.828,3.606,4.472,5.385,5.099,4.123,3.162,2.236,1.414,1.000,1.000,1.000,1.000,1.000,1.000,1.000,1.000,1.000,1.000,1.000,1.000,1.000,1.000,1.414,2.236,3.162,4.123,5.099,5.000,4.000,3.000,2.000,1.000,-1.000,-1.000,-1.000,-1.000,-1.000,-1.000,-1.000,-1.000,-1.000,-1.000,-1.000,-1.000,-1.000,-1.000,1.000,2.000,3.000,4.000,5.000,5.099,4.123,3.162,2.236,1.414,1.000,-1.000,-1.414,-2.000,-2.000,-2.000,-2.000,-2.000,-2.000,-2.000,-2.000,-2.000,-1.414,-1.000,1.000,2.000,3.000,4.000,5.000,5.385,4.472,3.606,2.828,2.236,1.414,1.000,-1.000,-2.000,-2.828,-3.000,-3.000,-3.000,-3.000,-2.828,-2.236,-1.414,-1.000,1.000,1.414,2.236,3.162,4.123,5.099,5.831,5.000,4.243,3.606,2.828,2.000,1.000,-1.000,-1.414,-2.236,-3.162,-4.000,-3.606,-2.828,-2.236,-1.414,-1.000,1.000,1.414,2.236,2.828,3.606,4.472,5.385,6.403,5.657,5.000,4.123,3.162,2.236,1.414,1.000,-1.000,-2.000,-2.828,-3.606,-2.828,-2.236,-1.414,-1.000,1.000,1.414,2.236,2.828,3.606,4.243,5.000,5.831,7.071,6.325,5.385,4.472,3.606,2.828,2.000,1.000,-1.000,-1.414,-2.236,-3.162,-2.236,-1.414,-1.000,1.000,1.414,2.236,2.828,3.606,4.243,5.000,5.657,6.403,7.616,6.708,5.831,5.000,4.123,3.162,2.236,1.414,1.000,-1.000,-2.000,-2.828,-2.000,-1.000,1.000,1.414,2.236,2.828,3.606,4.243,5.000,5.657,6.403,7.071,8.062,7.211,6.325,5.385,4.472,3.606,2.828,2.000,1.000,-1.000,-1.414,-2.236,-1.414,-1.000,1.000,2.000,2.828,3.606,4.243,5.000,5.657,6.403,7.071,7.810,8.544,7.616,6.708,5.831,5.000,4.123,3.162,2.236,1.414,1.000,-1.000,-2.000,-1.000,1.000,1.414,2.236,3.162,4.123,5.000,5.657,6.403,7.071,7.810,8.485,8.944,8.062,7.211,6.325,5.385,4.472,3.606,2.828,2.000,1.000,-1.000,-1.414,-1.000,1.000,2.000,2.828,3.606,4.472,5.385,6.325,7.071,7.810,8.485,9.220,9.434,8.544,7.616,6.708,5.831,5.000,4.123,3.162,2.236,1.414,1.000,-1.000,1.000,1.414,2.236,3.162,4.123,5.000,5.831,6.708,7.616,8.485,9.220,9.899,0.9009,0.0115
6.403,5.657,5.000,4.472,4.123,4.000,4.000,4.000,4.000,4.000,4.000,4.000,4.000,4.000,4.000,4.000,4.000,4.000,4.000,4.123,4.472,5.000,5.657,6.403,5.831,5.000,4.243,3.606,3.162,3.000,3.000,3.000,3.000,3.000,3.000,3.000,3.000,3.000,3.000,3.000,3.000,3.000,3.000,3.162,3.606,4.243,5.000,5.831,5.385,4.472,3.606,2.828,2.236,2.000,2.000,2.000,2.000,2.000,2.000,2.000,2.000,2.000,2.000,2.000,2.000,2.000,2.000,2.236,2.828,3.606,4.472,5.385,5.099,4.123,3.162,2.236,1.414,1.000,1.000,1.000,1.000,1.000,1.000,1.000,1.000,1.000,1.000,1.000,1.000,1.000,1.000,1.414,2.236,3.162,4.123,5.099,5.000,4.000,3.000,2.000,1.000,-1.000,-1.000,-1.000,-1.000,-1.000,-1.000,-1.000,-1.000,-1.000,-1.000,-1.000,-1.000,-1.000,-1.000,1.000,2.000,3.000,4.000,5.000,5.099,4.123,3.162,2.236,1.414,1.000,-1.000,-1.414,-2.000,-2.000,-2.000,-2.000,-2.000,-2.000,-2.000,-2.000,-2.000,-2.000,-1.000,1.000,2.000,3.000,4.000,5.000,5.385,4.472,3.606,2.828,2.236,1.414,1.000,-1.000,-1.414,-2.236,-2.828,-3.000,-3.000,-2.828,-2.236,-2.000,-2.000,-2.000,-1.000,1.000,2.000,3.000,4.000,5.000,5.831,5.000,4.243,3.606,2.828,2.236,1.414,1.000,-1.000,-1.414,-2.236,-2.828,-2.236,-2.000,-1.414,-1.000,-1.000,-1.000,-1.000,1.000,2.000,3.000,4.000,5.000,6.403,5.657,5.000,4.243,3.606,2.828,2.236,1.414,1.000,-1.000,-1.414,-2.236,-1.414,-1.000,-1.000,1.000,1.000,1.000,1.000,1.414,2.236,3.162,4.123,5.099,7.071,6.403,5.657,5.000,4.243,3.606,2.828,2.236,1.414,1.000,-1.000,-1.414,-1.000,1.000,1.000,1.414,2.000,2.000,2.000,2.236,2.828,3.606,4.472,5.385,7.810,7.071,6.403,5.657,5.000,4.243,3.606,2.828,2.236,1.414,1.000,-1.000,1.000,1.414,2.000,2.236,2.828,3.000,3.000,3.162,3.606,4.243,5.000,5.831,8.485,7.810,7.071,6.403,5.657,5.000,4.243,3.606,2.828,2.236,1.414,1.000,1.414,2.236,2.828,3.162,3.606,4.000,4.000,4.123,4.472,5.000,5.657,6.403,9.220,8.485,7.810,7.071,6.403,5.657,5.000,4.243,3.606,2.828,2.236,2.000,2.236,2.828,3.606,4.123,4.472,5.000,5.000,5.099,5.385,5.831,6.403,7.071,9.899,9.220,8.485,7.810,7.071,6.403,5.657,5.000,4.243,3.606,3.162,3.000,3.162,3.606,4.243,5.000,5.385,5.831,6.000,6.083,6.325,6.708,7.211,7.810,10.630,9.899,9.220,8.485,7.810,7.071,6.403,5.657,5.000,4.472,4.123,4.000,4.123,4.472,5.000,5.657,6.325,6.708,7.000,7.071,7.280,7.616,8.062,8.602,11.314,10.630,9.899,9.220,8.485,7.810,7.071,6.403,5.831,5.385,5.099,5.000,5.099,5.385,5.831,6.403,7.071,7.616,8.000,8.062,8.246,8.544,8.944,9.434,0.8169,-0.0014
3.606,3.162,3.000,3.000,3.000,3.000,3.000,3.000,3.000,3.000,3.000,3.000,3.000,3.000,3.000,3.000,3.000,3.000,3.000,3.000,3.000,3.000,3.162,3.606,2.828,2.236,2.000,2.000,2.000,2.000,2.000,2.000,2.000,2.000,2.000,2.000,2.000,2.000,2.000,2.000,2.000,2.000,2.000,2.000,2.000,2.000,2.236,2.828,2.236,1.414,1.000,1.000,1.000,1.000,1.000,1.000,1.000,1.000,1.000,1.000,1.000,1.000,1.000,1.000,1.000,1.000,1.000,1.000,1.000,1.000,1.414,2.236,2.000,1.000,-1.000,-1.000,-1.000,-1.000,-1.000,-1.000,-1.000,-1.000,-1.000,-1.000,-1.000,-1.000,-1.000,-1.000,-1.000,-1.000,-1.000,-1.000,-1.000,-1.000,1.000,2.000,2.236,1.414,1.000,1.000,-1.000,-1.414,-2.000,-2.000,-2.000,-2.000,-2.000,-2.000,-2.000,-2.000,-2.000,-2.000,-2.000,-2.000,-2.000,-2.000,-2.000,-1.000,1.000,2.000,2.828,2.236,2.000,1.414,1.000,-1.000,-1.000,-1.414,-2.236,-2.828,-3.000,-3.000,-3.000,-3.000,-3.000,-2.828,-2.236,-2.000,-2.000,-2.000,-2.000,-1.000,1.000,2.000,3.606,3.162,2.828,2.236,1.414,1.000,1.000,-1.000,-1.414,-2.000,-2.236,-2.828,-2.236,-2.000,-2.000,-2.000,-1.414,-1.000,-1.000,-1.000,-1.000,-1.000,1.000,2.000,4.472,4.123,3.606,2.828,2.236,2.000,1.414,1.000,-1.000,-1.000,-1.414,-2.000,-1.414,-1.000,-1.000,-1.000,-1.000,1.000,1.000,1.000,1.000,1.000,1.414,2.236,5.385,5.000,4.243,3.606,3.162,2.828,2.236,1.414,1.000,1.000,-1.000,-1.000,-1.000,1.000,1.000,1.000,1.000,1.414,2.000,2.000,2.000,2.000,2.236,2.828,6.325,5.657,5.000,4.472,4.123,3.606,2.828,2.236,2.000,1.414,1.000,1.000,1.000,1.414,2.000,2.000,2.000,2.236,2.828,3.000,3.000,3.000,3.162,3.606,7.071,6.403,5.831,5.385,5.000,4.243,3.606,3.162,2.828,2.236,2.000,2.000,2.000,2.236,2.828,3.000,3.000,3.162,3.606,4.000,4.000,4.000,4.123,4.472,7.810,7.211,6.708,6.325,5.657,5.000,4.472,4.123,3.606,3.162,3.000,3.000,3.000,3.162,3.606,4.000,4.000,4.123,4.472,5.000,5.000,5.000,5.099,5.385,8.602,8.062,7.616,7.071,6.403,5.831,5.385,5.000,4.472,4.123,4.000,4.000,4.000,4.123,4.472,5.000,5.000,5.099,5.385,5.831,6.000,6.000,6.083,6.325,9.434,8.944,8.485,7.810,7.211,6.708,6.325,5.831,5.385,5.099,5.000,5.000,5.000,5.099,5.385,5.831,6.000,6.083,6.325,6.708,7.000,7.000,7.071,7.280,10.296,9.849,9.220,8.602,8.062,7.616,7.211,6.708,6.325,6.083,6.000,6.000,6.000,6.083,6.325,6.708,7.000,7.071,7.280,7.616,8.000,8.000,8.062,8.246,11.180,10.630,10.000,9.434,8.944,8.544,8.062,7.616,7.280,7.071,7.000,7.000,7.000,7.071,7.280,7.616,8.000,8.062,8.246,8.544,8.944,9.000,9.055,9.220,0.8194,-0.1936
5.831,5.385,5.099,5.000,5.000,5.000,5.000,5.000,5.000,5.000,5.000,5.000,5.000,5.000,5.000,5.000,5.000,5.000,5.000,5.000,5.000,5.099,5.385,5.831,5.000,4.472,4.123,4.000,4.000,4.000,4.000,4.000,4.000,4.000,4.000,4.000,4.000,4.000,4.000,4.000,4.000,4.000,4.000,4.000,4.000,4.123,4.472,5.000,4.243,3.606,3.162,3.000,3.000,3.000,3.000,3.000,3.000,3.000,3.000,3.000,3.000,3.000,3.000,3.000,3.000,3.000,3.000,3.000,3.000,3.162,3.606,4.243,3.606,2.828,2.236,2.000,2.000,2.000,2.000,2.000,2.000,2.000,2.000,2.000,2.000,2.000,2.000,2.000,2.000,2.000,2.000,2.000,2.000,2.236,2.828,3.606,3.162,2.236,1.414,1.000,1.000,1.000,1.000,1.000,1.000,1.000,1.000,1.000,1.000,1.000,1.000,1.000,1.000,1.000,1.000,1.000,1.000,1.414,2.236,3.162,3.000,2.000,1.000,-1.000,-1.000,-1.000,-1.000,-1.000,-1.000,-1.000,-1.000,-1.000,-1.000,-1.000,-1.000,-1.000,-1.000,-1.000,-1.000,-1.000,-1.000,1.000,2.000,3.000,3.162,2.236,1.414,1.000,-1.000,-1.414,-2.000,-2.000,-2.000,-2.000,-2.000,-2.000,-2.000,-2.000,-2.000,-2.000,-2.000,-2.000,-2.000,-2.000,-1.000,1.000,2.000,3.000,3.606,2.828,2.236,1.414,1.000,-1.000,-1.414,-2.236,-2.828,-3.000,-3.000,-3.000,-3.000,-3.000,-3.000,-3.000,-3.000,-3.000,-3.000,-2.000,-1.000,1.000,2.000,3.000,4.243,3.606,2.828,2.236,1.414,1.000,-1.000,-1.414,-2.236,-2.828,-3.606,-4.000,-4.000,-4.000,-4.000,-4.000,-4.000,-4.000,-3.000,-2.000,-1.000,1.000,2.000,3.000,5.000,4.243,3.606,2.828,2.236,1.414,1.000,-1.000,-1.414,-2.236,-3.162,-4.123,-4.472,-4.123,-3.606,-3.162,-3.000,-3.000,-3.000,-2.000,-1.000,1.000,2.000,3.000,5.657,5.000,4.243,3.606,2.828,2.236,1.414,1.000,-1.000,-2.000,-2.828,-3.606,-3.606,-3.162,-2.828,-2.236,-2.000,-2.000,-2.000,-2.000,-1.000,1.000,2.000,3.000,6.403,5.657,5.000,4.243,3.606,2.828,2.000,1.000,-1.000,-1.414,-2.236,-2.828,-2.828,-2.236,-2.000,-1.414,-1.000,-1.000,-1.000,-1.000,-1.000,1.000,2.000,3.000,7.071,6.403,5.657,5.000,4.123,3.162,2.236,1.414,1.000,-1.000,-1.414,-2.236,-2.236,-1.414,-1.000,-1.000,1.000,1.000,1.000,1.000,1.000,1.414,2.236,3.162,7.810,7.071,6.325,5.385,4.472,3.606,2.828,2.236,1.414,1.000,-1.000,-1.414,-1.414,-1.000,1.000,1.000,1.414,2.000,2.000,2.000,2.000,2.236,2.828,3.606,8.485,7.616,6.708,5.831,5.000,4.243,3.606,2.828,2.236,1.414,1.000,-1.000,-1.000,1.000,1.414,2.000,2.236,2.828,3.000,3.000,3.000,3.162,3.606,4.243,8.944,8.062,7.211,6.403,5.657,5.000,4.243,3.606,2.828,2.236,1.414,1.000,1.000,1.414,2.236,2.828,3.162,3.606,4.000,4.000,4.000,4.123,4.472,5.000,1.0573,0.0568
4.472,3.606,2.828,2.236,2.000,2.000,2.000,2.000,2.000,2.000,2.000,2.000,2.000,2.000,2.000,2.000,2.000,2.000,2.000,2.000,2.236,2.828,3.606,4.472,4.123,3.162,2.236,1.414,1.000,1.000,1.000,1.000,1.000,1.000,1.000,1.000,1.000,1.000,1.000,1.000,1.000,1.000,1.000,1.000,1.414,2.236,3.162,4.123,4.000,3.000,2.000,1.000,-1.000,-1.000,-1.000,-1.000,-1.000,-1.000,-1.000,-1.000,-1.000,-1.000,-1.000,-1.000,-1.000,-1.000,-1.000,-1.000,1.000,2.000,3.000,4.000,4.123,3.162,2.236,1.414,1.000,1.000,-1.000,-1.000,-1.414,-2.000,-2.000,-2.000,-2.000,-2.000,-2.000,-2.000,-2.000,-2.000,-2.000,-1.000,1.000,2.000,3.000,4.000,4.472,3.606,2.828,2.236,2.000,1.414,1.000,1.000,-1.000,-1.000,-1.414,-2.000,-2.000,-2.000,-2.000,-2.000,-2.000,-2.000,-2.000,-1.000,1.000,2.000,3.000,4.000,5.000,4.243,3.606,3.162,2.828,2.236,2.000,1.414,1.000,1.000,-1.000,-1.000,-1.000,-1.000,-1.000,-1.000,-1.000,-1.000,-1.000,-1.000,1.000,2.000,3.000,4.000,5.657,5.000,4.472,4.123,3.606,3.162,2.828,2.236,2.000,1.414,1.000,1.000,1.000,1.000,1.000,1.000,1.000,1.000,1.000,1.000,1.414,2.236,3.162,4.123,6.403,5.831,5.385,5.000,4.472,4.123,3.606,3.162,2.828,2.236,2.000,2.000,2.000,2.000,2.000,2.000,2.000,2.000,2.000,2.000,2.236,2.828,3.606,4.472,7.211,6.708,6.325,5.831,5.385,5.000,4.472,4.123,3.606,3.162,3.000,3.000,3.000,3.000,3.000,3.000,3.000,3.000,3.000,3.000,3.162,3.606,4.243,5.000,8.062,7.616,7.211,6.708,6.325,5.831,5.385,5.000,4.472,4.123,4.000,4.000,4.000,4.000,4.000,4.000,4.000,4.000,4.000,4.000,4.123,4.472,5.000,5.657,8.944,8.544,8.062,7.616,7.211,6.708,6.325,5.831,5.385,5.099,5.000,5.000,5.000,5.000,5.000,5.000,5.000,5.000,5.000,5.000,5.099,5.385,5.831,6.403,9.849,9.434,8.944,8.544,8.062,7.616,7.211,6.708,6.325,6.083,6.000,6.000,6.000,6.000,6.000,6.000,6.000,6.000,6.000,6.000,6.083,6.325,6.708,7.211,10.770,10.296,9.849,9.434,8.944,8.544,8.062,7.616,7.280,7.071,7.000,7.000,7.000,7.000,7.000,7.000,7.000,7.000,7.000,7.000,7.071,7.280,7.616,8.062,11.662,11.180,10.770,10.296,9.849,9.434,8.944,8.544,8.246,8.062,8.000,8.000,8.000,8.000,8.000,8.000,8.000,8.000,8.000,8.000,8.062,8.246,8.544,8.944,12.530,12.083,11.662,11.180,10.770,10.296,9.849,9.487,9.220,9.055,9.000,9.000,9.000,9.000,9.000,9.000,9.000,9.000,9.000,9.000,9.055,9.220,9.487,9.849,13.416,13.000,12.530,12.083,11.662,11.180,10.770,10.440,10.198,10.050,10.000,10.000,10.000,10.000,10.000,10.000,10.000,10.000,10.000,10.000,10.050,10.198,10.440,10.770,0.7502,-0.2720
4.123,4.000,4.000,4.000,4.000,4.000,4.000,4.000,4.000,4.000,4.000,4.000,4.000,4.000,4.000,4.000,4.000,4.000,4.000,4.000,4.000,4.000,4.000,4.123,3.162,3.000,3.000,3.000,3.000,3.000,3.000,3.000,3.000,3.000,3.000,3.000,3.000,3.000,3.000,3.000,3.000,3.000,3.000,3.000,3.000,3.000,3.000,3.162,2.236,2.000,2.000,2.000,2.000,2.000,2.000,2.000,2.000,2.000,2.000,2.000,2.000,2.000,2.000,2.000,2.000,2.000,2.000,2.000,2.000,2.000,2.000,2.236,1.414,1.000,1.000,1.000,1.000,1.000,1.000,1.000,1.000,1.000,1.000,1.000,1.000,1.000,1.000,1.000,1.000,1.000,1.000,1.000,1.000,1.000,1.000,1.414,1.000,-1.000,-1.000,-1.000,-1.000,-1.000,-1.000,-1.000,-1.000,-1.000,-1.000,-1.000,-1.000,-1.000,-1.000,-1.000,-1.000,-1.000,-1.000,-1.000,-1.000,-1.000,-1.000,1.000,1.414,1.000,-1.000,-1.414,-2.000,-2.000,-2.000,-2.000,-2.000,-2.000,-2.000,-2.000,-2.000,-2.000,-2.000,-2.000,-2.000,-2.000,-2.000,-2.000,-2.000,-2.000,-1.000,1.000,2.236,1.414,1.000,-1.000,-1.414,-2.236,-2.828,-3.000,-3.000,-3.000,-3.000,-3.000,-3.000,-3.000,-3.000,-3.000,-3.000,-3.000,-3.000,-3.000,-3.000,-2.000,-1.000,1.000,2.828,2.236,1.414,1.000,-1.000,-1.414,-2.236,-2.828,-3.606,-4.000,-4.000,-4.000,-4.000,-4.000,-4.000,-4.000,-4.000,-4.000,-4.000,-4.000,-3.000,-2.000,-1.000,1.000,3.606,2.828,2.236,1.414,1.000,-1.000,-1.414,-2.236,-2.828,-3.606,-4.472,-5.000,-5.000,-4.243,-3.606,-3.162,-3.000,-3.000,-3.000,-3.000,-2.828,-2.000,-1.000,1.000,4.243,3.606,2.828,2.236,1.414,1.000,-1.000,-1.414,-2.236,-3.162,-4.123,-5.000,-4.243,-3.606,-2.828,-2.236,-2.000,-2.000,-2.000,-2.000,-2.000,-1.414,-1.000,1.000,5.000,4.243,3.606,2.828,2.236,1.414,1.000,-1.000,-2.000,-2.828,-3.606,-4.243,-3.606,-2.828,-2.236,-1.414,-1.000,-1.000,-1.000,-1.000,-1.000,-1.000,1.000,1.414,5.657,5.000,4.243,3.606,2.828,2.000,1.000,-1.000,-1.414,-2.236,-2.828,-3.606,-2.828,-2.236,-1.414,-1.000,1.000,1.000,1.000,1.000,1.000,1.000,1.414,2.236,6.403,5.657,5.000,4.123,3.162,2.236,1.414,1.000,-1.000,-1.414,-2.236,-2.828,-2.236,-1.414,-1.000,1.000,1.414,2.000,2.000,2.000,2.000,2.000,2.236,2.828,7.071,6.325,5.385,4.472,3.606,2.828,2.236,1.414,1.000,-1.000,-2.000,-2.236,-1.414,-1.000,1.000,1.414,2.236,2.828,3.000,3.000,3.000,3.000,3.162,3.606,7.616,6.708,5.831,5.000,4.243,3.606,2.828,2.000,1.000,-1.000,-1.414,-1.414,-1.000,1.000,1.414,2.236,2.828,3.606,4.000,4.000,4.000,4.000,4.123,4.472,8.062,7.211,6.403,5.657,5.000,4.123,3.162,2.236,1.414,1.000,-1.000,-1.000,1.000,1.414,2.236,2.828,3.606,4.243,5.000,5.000,5.000,5.000,5.099,5.385,1.1288,0.0685
5.000,4.472,4.123,4.000,4.000,4.000,4.000,4.000,4.000,4.000,4.000,4.000,4.000,4.000,4.000,4.000,4.000,4.000,4.000,4.000,4.000,4.123,4.472,5.000,4.243,3.606,3.162,3.000,3.000,3.000,3.000,3.000,3.000,3.000,3.000,3.000,3.000,3.000,3.000,3.000,3.000,3.000,3.000,3.000,3.000,3.162,3.606,4.243,3.606,2.828,2.236,2.000,2.000,2.000,2.000,2.000,2.000,2.000,2.000,2.000,2.000,2.000,2.000,2.000,2.000,2.000,2.000,2.000,2.000,2.236,2.828,3.606,3.162,2.236,1.414,1.000,1.000,1.000,1.000,1.000,1.000,1.000,1.000,1.000,1.000,1.000,1.000,1.000,1.000,1.000,1.000,1.000,1.000,1.414,2.236,3.162,3.000,2.000,1.000,-1.000,-1.000,-1.000,-1.000,-1.000,-1.000,-1.000,-1.000,-1.000,-1.000,-1.000,-1.000,-1.000,-1.000,-1.000,-1.000,-1.000,-1.000,1.000,2.000,3.000,3.162,2.236,1.414,1.000,1.000,-1.000,-1.414,-2.000,-2.000,-2.000,-2.000,-2.000,-2.000,-2.000,-2.000,-2.000,-2.000,-2.000,-2.000,-2.000,-1.000,1.000,2.000,3.000,3.606,2.828,2.236,2.000,1.414,1.000,-1.000,-1.414,-2.236,-2.828,-3.000,-3.000,-3.000,-3.000,-3.000,-3.000,-3.000,-3.000,-3.000,-2.000,-1.000,1.000,2.000,3.000,4.243,3.606,3.162,2.828,2.236,1.414,1.000,-1.000,-1.414,-2.236,-3.162,-4.000,-4.000,-3.606,-3.162,-3.000,-3.000,-3.000,-3.000,-2.000,-1.000,1.000,2.000,3.000,5.000,4.472,4.123,3.606,2.828,2.236,1.414,1.000,-1.000,-2.000,-2.828,-3.606,-3.606,-2.828,-2.236,-2.000,-2.000,-2.000,-2.000,-2.000,-1.000,1.000,2.000,3.000,5.831,5.385,5.000,4.243,3.606,2.828,2.000,1.000,-1.000,-1.414,-2.236,-3.162,-2.828,-2.236,-1.414,-1.000,-1.000,-1.000,-1.000,-1.000,-1.000,1.000,2.000,3.000,6.708,6.325,5.657,5.000,4.123,3.162,2.236,1.414,1.000,-1.000,-2.000,-2.828,-2.236,-1.414,-1.000,1.000,1.000,1.000,1.000,1.000,1.000,1.414,2.236,3.162,7.616,7.071,6.325,5.385,4.472,3.606,2.828,2.000,1.000,-1.000,-1.414,-2.236,-1.414,-1.000,1.000,1.414,2.000,2.000,2.000,2.000,2.000,2.236,2.828,3.606,8.485,7.616,6.708,5.831,5.000,4.123,3.162,2.236,1.414,1.000,-1.000,-1.414,-1.000,1.000,1.414,2.236,2.828,3.000,3.000,3.000,3.000,3.162,3.606,4.243,8.944,8.062,7.211,6.325,5.385,4.472,3.606,2.828,2.236,1.414,1.000,-1.000,1.000,1.414,2.236,2.828,3.606,4.000,4.000,4.000,4.000,4.123,4.472,5.000,9.434,8.544,7.616,6.708,5.831,5.000,4.243,3.606,2.828,2.236,1.414,1.000,1.414,2.236,2.828,3.606,4.243,5.000,5.000,5.000,5.000,5.099,5.385,5.831,9.849,8.944,8.062,7.211,6.403,5.657,5.000,4.243,3.606,2.828,2.236,2.000,2.236,2.828,3.606,4.243,5.000,5.657,6.000,6.000,6.000,6.083,6.325,6.708,1.0923,0.0957
7.211,6.403,5.657,5.000,4.472,4.123,4.000,4.000,4.000,4.000,4.000,4.000,4.000,4.000,4.000,4.000,4.000,4.000,4.000,4.123,4.472,5.000,5.657,6.403,6.708,5.831,5.000,4.243,3.606,3.162,3.000,3.000,3.000,3.000,3.000,3.000,3.000,3.000,3.000,3.000,3.000,3.000,3.000,3.162,3.606,4.243,5.000,5.831,6.325,5.385,4.472,3.606,2.828,2.236,2.000,2.000,2.000,2.000,2.000,2.000,2.000,2.000,2.000,2.000,2.000,2.000,2.000,2.236,2.828,3.606,4.472,5.385,6.083,5.099,4.123,3.162,2.236,1.414,1.000,1.000,1.000,1.000,1.000,1.000,1.000,1.000,1.000,1.000,1.000,1.000,1.000,1.414,2.236,3.162,4.123,5.099,6.000,5.000,4.000,3.000,2.000,1.000,-1.000,-1.000,-1.000,-1.000,-1.000,-1.000,-1.000,-1.000,-1.000,-1.000,-1.000,-1.000,-1.000,1.000,2.000,3.000,4.000,5.000,6.083,5.099,4.123,3.162,2.236,1.414,1.000,-1.000,-1.414,-2.000,-2.000,-2.000,-2.000,-2.000,-2.000,-2.000,-2.000,-2.000,-1.000,1.000,2.000,3.000,4.000,5.000,6.325,5.385,4.472,3.606,2.828,2.236,1.414,1.000,-1.000,-1.414,-2.236,-3.000,-3.000,-3.000,-3.000,-3.000,-3.000,-2.000,-1.000,1.000,2.000,3.000,4.000,5.000,6.708,5.831,5.000,4.243,3.606,2.828,2.236,1.414,1.000,-1.000,-2.000,-2.828,-3.606,-3.162,-3.000,-3.000,-3.000,-2.000,-1.000,1.000,2.000,3.000,4.000,5.000,7.211,6.403,5.657,5.000,4.243,3.606,2.828,2.000,1.000,-1.000,-1.414,-2.236,-2.828,-2.236,-2.000,-2.000,-2.000,-2.000,-1.000,1.000,2.000,3.000,4.000,5.000,7.810,7.071,6.403,5.657,5.000,4.123,3.162,2.236,1.414,1.000,-1.000,-2.000,-2.236,-1.414,-1.000,-1.000,-1.000,-1.000,-1.000,1.000,2.000,3.000,4.000,5.000,8.485,7.810,7.071,6.325,5.385,4.472,3.606,2.828,2.000,1.000,-1.000,-1.414,-1.414,-1.000,1.000,1.000,1.000,1.000,1.000,1.414,2.236,3.162,4.123,5.099,9.220,8.485,7.616,6.708,5.831,5.000,4.123,3.162,2.236,1.414,1.000,-1.000,-1.000,1.000,1.414,2.000,2.000,2.000,2.000,2.236,2.828,3.606,4.472,5.385,9.849,8.944,8.062,7.211,6.325,5.385,4.472,3.606,2.828,2.236,1.414,1.000,1.000,1.414,2.236,2.828,3.000,3.000,3.000,3.162,3.606,4.243,5.000,5.831,10.296,9.434,8.544,7.616,6.708,5.831,5.000,4.243,3.606,2.828,2.236,2.000,2.000,2.236,2.828,3.606,4.000,4.000,4.000,4.123,4.472,5.000,5.657,6.403,10.770,9.849,8.944,8.062,7.211,6.403,5.657,5.000,4.243,3.606,3.162,3.000,3.000,3.162,3.606,4.243,5.000,5.000,5.000,5.099,5.385,5.831,6.403,7.071,11.180,10.296,9.434,8.602,7.810,7.071,6.403,5.657,5.000,4.472,4.123,4.000,4.000,4.123,4.472,5.000,5.657,6.000,6.000,6.083,6.325,6.708,7.211,7.810,1.0668,-0.0183
4.472,4.123,4.000,4.000,4.000,4.000,4.000,4.000,4.000,4.000,4.000,4.000,4.000,4.000,4.000,4.000,4.000,4.000,4.000,4.000,4.000,4.000,4.123,4.472,3.606,3.162,3.000,3.000,3.000,3.000,3.000,3.000,3.000,3.000,3.000,3.000,3.000,3.000,3.000,3.000,3.000,3.000,3.000,3.000,3.000,3.000,3.162,3.606,2.828,2.236,2.000,2.000,2.000,2.000,2.000,2.000,2.000,2.000,2.000,2.000,2.000,2.000,2.000,2.000,2.000,2.000,2.000,2.000,2.000,2.000,2.236,2.828,2.236,1.414,1.000,1.000,1.000,1.000,1.000,1.000,1.000,1.000,1.000,1.000,1.000,1.000,1.000,1.000,1.000,1.000,1.000,1.000,1.000,1.000,1.414,2.236,2.000,1.000,-1.000,-1.000,-1.000,-1.000,-1.000,-1.000,-1.000,-1.000,-1.000,-1.000,-1.000,-1.000,-1.000,-1.000,-1.000,-1.000,-1.000,-1.000,-1.000,-1.000,1.000,2.000,2.236,1.414,1.000,-1.000,-1.414,-2.000,-2.000,-2.000,-2.000,-2.000,-2.000,-2.000,-2.000,-2.000,-2.000,-2.000,-2.000,-2.000,-2.000,-2.000,-2.000,-1.000,1.000,2.000,2.828,2.236,1.414,1.000,-1.000,-1.414,-2.236,-2.828,-3.000,-3.000,-3.000,-3.000,-3.000,-3.000,-3.000,-3.000,-3.000,-3.000,-3.000,-3.000,-2.000,-1.000,1.000,2.000,3.606,2.828,2.236,1.414,1.000,-1.000,-1.414,-2.236,-2.828,-3.606,-4.000,-4.000,-4.000,-4.000,-4.000,-4.000,-3.606,-3.162,-3.000,-3.000,-2.000,-1.000,1.000,2.000,4.243,3.606,2.828,2.236,1.414,1.000,-1.000,-1.414,-2.236,-3.162,-4.123,-5.000,-4.243,-3.606,-3.162,-3.000,-2.828,-2.236,-2.000,-2.000,-2.000,-1.000,1.000,2.000,5.000,4.243,3.606,2.828,2.236,1.414,1.000,-1.000,-2.000,-2.828,-3.606,-4.243,-3.606,-2.828,-2.236,-2.000,-2.000,-1.414,-1.000,-1.000,-1.000,-1.000,1.000,2.000,5.657,5.000,4.243,3.606,2.828,2.000,1.000,-1.000,-1.414,-2.236,-2.828,-3.606,-2.828,-2.236,-1.414,-1.000,-1.000,-1.000,1.000,1.000,1.000,1.000,1.414,2.236,6.403,5.657,5.000,4.123,3.162,2.236,1.414,1.000,-1.000,-1.414,-2.236,-2.828,-2.236,-1.414,-1.000,1.000,1.000,1.000,1.414,2.000,2.000,2.000,2.236,2.828,7.071,6.325,5.385,4.472,3.606,2.828,2.236,1.414,1.000,-1.000,-1.414,-2.000,-1.414,-1.000,1.000,1.414,2.000,2.000,2.236,2.828,3.000,3.000,3.162,3.606,7.616,6.708,5.831,5.000,4.243,3.606,2.828,2.236,1.414,1.000,-1.000,-1.000,-1.000,1.000,1.414,2.236,2.828,3.000,3.162,3.606,4.000,4.000,4.123,4.472,8.062,7.211,6.403,5.657,5.000,4.243,3.606,2.828,2.236,1.414,1.000,1.000,1.000,1.414,2.236,2.828,3.606,4.000,4.123,4.472,5.000,5.000,5.099,5.385,8.602,7.810,7.071,6.403,5.657,5.000,4.243,3.606,2.828,2.236,2.000,2.000,2.000,2.236,2.828,3.606,4.243,5.000,5.099,5.385,5.831,6.000,6.083,6.325,0.9675,-0.0014
6.083,6.000,6.000,6.000,6.000,6.000,6.000,6.000,6.000,6.000,6.000,6.000,6.000,6.000,6.000,6.000,6.000,6.000,6.000,6.000,6.000,6.000,6.000,6.083,5.099,5.000,5.000,5.000,5.000,5.000,5.000,5.000,5.000,5.000,5.000,5.000,5.000,5.000,5.000,5.000,5.000,5.000,5.000,5.000,5.000,5.000,5.000,5.099,4.123,4.000,4.000,4.000,4.000,4.000,4.000,4.000,4.000,4.000,4.000,4.000,4.000,4.000,4.000,4.000,4.000,4.000,4.000,4.000,4.000,4.000,4.000,4.123,3.162,3.000,3.000,3.000,3.000,3.000,3.000,3.000,3.000,3.000,3.000,3.000,3.000,3.000,3.000,3.000,3.000,3.000,3.000,3.000,3.000,3.000,3.000,3.162,2.236,2.000,2.000,2.000,2.000,2.000,2.000,2.000,2.000,2.000,2.000,2.000,2.000,2.000,2.000,2.000,2.000,2.000,2.000,2.000,2.000,2.000,2.000,2.236,1.414,1.000,1.000,1.000,1.000,1.000,1.000,1.000,1.000,1.000,1.000,1.000,1.000,1.000,1.000,1.000,1.000,1.000,1.000,1.000,1.000,1.000,1.000,1.414,1.000,-1.000,-1.000,-1.000,-1.000,-1.000,-1.000,-1.000,-1.000,-1.000,-1.000,-1.000,-1.000,-1.000,-1.000,-1.000,-1.000,-1.000,-1.000,-1.000,-1.000,-1.000,-1.000,1.000,1.414,1.000,-1.000,-1.000,-1.414,-2.000,-2.000,-2.000,-2.000,-2.000,-2.000,-2.000,-2.000,-2.000,-2.000,-2.000,-2.000,-2.000,-2.000,-2.000,-2.000,-1.414,-1.000,1.000,2.236,1.414,1.000,1.000,-1.000,-1.414,-2.000,-2.236,-2.828,-3.000,-3.000,-3.000,-3.000,-3.000,-2.828,-2.236,-2.000,-2.000,-1.414,-1.000,-1.000,-1.000,1.000,1.414,2.828,2.236,2.000,1.414,1.000,-1.000,-1.000,-1.414,-2.236,-2.828,-3.606,-3.606,-3.162,-2.828,-2.236,-1.414,-1.000,-1.000,-1.000,1.000,1.000,1.000,1.414,2.236,3.606,3.162,2.828,2.236,1.414,1.000,1.000,-1.000,-1.414,-2.236,-2.828,-2.828,-2.236,-2.000,-1.414,-1.000,1.000,1.000,1.000,1.414,2.000,2.000,2.236,2.828,4.472,4.123,3.606,2.828,2.236,2.000,1.414,1.000,-1.000,-1.414,-2.236,-2.236,-1.414,-1.000,-1.000,1.000,1.414,2.000,2.000,2.236,2.828,3.000,3.162,3.606,5.385,5.000,4.243,3.606,3.162,2.828,2.236,1.414,1.000,-1.000,-1.414,-1.414,-1.000,1.000,1.000,1.414,2.236,2.828,3.000,3.162,3.606,4.000,4.123,4.472,6.325,5.657,5.000,4.472,4.123,3.606,2.828,2.236,1.414,1.000,-1.000,-1.000,1.000,1.414,2.000,2.236,2.828,3.606,4.000,4.123,4.472,5.000,5.099,5.385,7.071,6.403,5.831,5.385,5.000,4.243,3.606,2.828,2.236,1.414,1.000,1.000,1.414,2.236,2.828,3.162,3.606,4.243,5.000,5.099,5.385,5.831,6.083,6.325,7.810,7.211,6.708,6.325,5.657,5.000,4.243,3.606,2.828,2.236,2.000,2.000,2.236,2.828,3.606,4.123,4.472,5.000,5.657,6.083,6.325,6.708,7.071,7.280,0.7657,0.0876
5.000,4.472,4.123,4.000,4.000,4.000,4.000,4.000,4.000,4.000,4.000,4.000,4.000,4.000,4.000,4.000,4.000,4.000,4.000,4.000,4.000,4.000,4.123,4.472,4.243,3.606,3.162,3.000,3.000,3.000,3.000,3.000,3.000,3.000,3.000,3.000,3.000,3.000,3.000,3.000,3.000,3.000,3.000,3.000,3.000,3.000,3.162,3.606,3.606,2.828,2.236,2.000,2.000,2.000,2.000,2.000,2.000,2.000,2.000,2.000,2.000,2.000,2.000,2.000,2.000,2.000,2.000,2.000,2.000,2.000,2.236,2.828,3.162,2.236,1.414,1.000,1.000,1.000,1.000,1.000,1.000,1.000,1.000,1.000,1.000,1.000,1.000,1.000,1.000,1.000,1.000,1.000,1.000,1.000,1.414,2.236,3.000,2.000,1.000,-1.000,-1.000,-1.000,-1.000,-1.000,-1.000,-1.000,-1.000,-1.000,-1.000,-1.000,-1.000,-1.000,-1.000,-1.000,-1.000,-1.000,-1.000,-1.000,1.000,2.000,3.162,2.236,1.414,1.000,1.000,-1.000,-1.000,-1.000,-1.414,-2.000,-2.000,-2.000,-2.000,-2.000,-2.000,-2.000,-2.000,-2.000,-2.000,-2.000,-2.000,-1.000,1.000,2.000,3.606,2.828,2.236,2.000,1.414,1.000,1.000,1.000,-1.000,-1.000,-1.000,-1.000,-1.414,-2.000,-2.000,-2.000,-2.000,-2.000,-2.000,-2.000,-2.000,-1.000,1.000,2.000,4.243,3.606,3.162,2.828,2.236,2.000,2.000,1.414,1.000,1.000,1.000,1.000,-1.000,-1.000,-1.000,-1.000,-1.000,-1.000,-1.000,-1.000,-1.000,-1.000,1.000,2.000,5.000,4.472,4.123,3.606,3.162,3.000,2.828,2.236,2.000,2.000,2.000,1.414,1.000,1.000,1.000,1.000,1.000,1.000,1.000,1.000,1.000,1.000,1.414,2.236,5.831,5.385,5.000,4.472,4.123,4.000,3.606,3.162,3.000,3.000,2.828,2.236,2.000,2.000,2.000,2.000,2.000,2.000,2.000,2.000,2.000,2.000,2.236,2.828,6.708,6.325,5.831,5.385,5.099,5.000,4.472,4.123,4.000,4.000,3.606,3.162,3.000,3.000,3.000,3.000,3.000,3.000,3.000,3.000,3.000,3.000,3.162,3.606,7.616,7.211,6.708,6.325,6.083,5.831,5.385,5.099,5.000,5.000,4.472,4.123,4.000,4.000,4.000,4.000,4.000,4.000,4.000,4.000,4.000,4.000,4.123,4.472,8.544,8.062,7.616,7.280,7.071,6.708,6.325,6.083,6.000,5.831,5.385,5.099,5.000,5.000,5.000,5.000,5.000,5.000,5.000,5.000,5.000,5.000,5.099,5.385,9.434,8.944,8.544,8.246,8.062,7.616,7.280,7.071,7.000,6.708,6.325,6.083,6.000,6.000,6.000,6.000,6.000,6.000,6.000,6.000,6.000,6.000,6.083,6.325,10.296,9.849,9.487,9.220,8.944,8.544,8.246,8.062,8.000,7.616,7.280,7.071,7.000,7.000,7.000,7.000,7.000,7.000,7.000,7.000,7.000,7.000,7.071,7.280,11.180,10.770,10.440,10.198,9.849,9.487,9.220,9.055,8.944,8.544,8.246,8.062,8.000,8.000,8.000,8.000,8.000,8.000,8.000,8.000,8.000,8.000,8.062,8.246,0.7380,-0.0693
7.810,7.211,6.708,6.325,6.083,6.000,6.000,6.000,6.000,6.000,6.000,6.000,6.000,6.000,6.000,6.000,6.000,6.000,6.000,6.000,6.083,6.325,6.708,7.211,7.071,6.403,5.831,5.385,5.099,5.000,5.000,5.000,5.000,5.000,5.000,5.000,5.000,5.000,5.000,5.000,5.000,5.000,5.000,5.000,5.099,5.385,5.831,6.403,6.403,5.657,5.000,4.472,4.123,4.000,4.000,4.000,4.000,4.000,4.000,4.000,4.000,4.000,4.000,4.000,4.000,4.000,4.000,4.000,4.123,4.472,5.000,5.657,5.831,5.000,4.243,3.606,3.162,3.000,3.000,3.000,3.000,3.000,3.000,3.000,3.000,3.000,3.000,3.000,3.000,3.000,3.000,3.000,3.162,3.606,4.243,5.000,5.385,4.472,3.606,2.828,2.236,2.000,2.000,2.000,2.000,2.000,2.000,2.000,2.000,2.000,2.000,2.000,2.000,2.000,2.000,2.000,2.236,2.828,3.606,4.472,5.099,4.123,3.162,2.236,1.414,1.000,1.000,1.000,1.000,1.000,1.000,1.000,1.000,1.000,1.000,1.000,1.000,1.000,1.000,1.000,1.414,2.236,3.162,4.123,5.000,4.000,3.000,2.000,1.000,-1.000,-1.000,-1.000,-1.000,-1.000,-1.000,-1.000,-1.000,-1.000,-1.000,-1.000,-1.000,-1.000,-1.000,-1.000,1.000,2.000,3.000,4.000,5.000,4.000,3.000,2.000,1.000,-1.000,-1.414,-2.000,-2.000,-2.000,-2.000,-2.000,-2.000,-2.000,-2.000,-2.000,-2.000,-2.000,-2.000,-1.000,1.000,2.000,3.000,4.000,5.099,4.123,3.162,2.236,1.414,1.000,-1.000,-2.000,-2.828,-3.000,-3.000,-3.000,-3.000,-3.000,-3.000,-3.000,-3.000,-3.000,-2.000,-1.000,1.000,2.000,3.000,4.000,5.385,4.472,3.606,2.828,2.000,1.000,-1.000,-1.414,-2.236,-2.828,-3.606,-4.000,-4.000,-4.000,-3.606,-2.828,-2.236,-2.000,-2.000,-1.000,1.000,2.000,3.000,4.000,5.831,5.000,4.123,3.162,2.236,1.414,1.000,-1.000,-1.414,-2.236,-3.162,-4.123,-3.606,-3.162,-2.828,-2.236,-1.414,-1.000,-1.000,-1.000,1.000,2.000,3.000,4.000,6.325,5.385,4.472,3.606,2.828,2.236,1.414,1.000,-1.000,-2.000,-2.828,-3.606,-2.828,-2.236,-2.000,-1.414,-1.000,1.000,1.000,1.000,1.414,2.236,3.162,4.123,6.708,5.831,5.000,4.243,3.606,2.828,2.000,1.000,-1.000,-1.414,-2.236,-3.162,-2.236,-1.414,-1.000,-1.000,1.000,1.414,2.000,2.000,2.236,2.828,3.606,4.472,7.211,6.403,5.657,5.000,4.123,3.162,2.236,1.414,1.000,-1.000,-2.000,-2.828,-2.000,-1.000,1.000,1.000,1.414,2.236,2.828,3.000,3.162,3.606,4.243,5.000,7.810,7.071,6.325,5.385,4.472,3.606,2.828,2.000,1.000,-1.000,-1.414,-2.236,-1.414,-1.000,1.000,2.000,2.236,2.828,3.606,4.000,4.123,4.472,5.000,5.657,8.485,7.616,6.708,5.831,5.000,4.123,3.162,2.236,1.414,1.000,-1.000,-2.000,-1.000,1.000,1.414,2.236,3.162,3.606,4.243,5.000,5.099,5.385,5.831,6.403,1.0302,0.0666
6.708,6.325,6.083,6.000,6.000,6.000,6.000,6.000,6.000,6.000,6.000,6.000,6.000,6.000,6.000,6.000,6.000,6.000,6.000,6.000,6.000,6.000,6.083,6.325,5.831,5.385,5.099,5.000,5.000,5.000,5.000,5.000,5.000,5.000,5.000,5.000,5.000,5.000,5.000,5.000,5.000,5.000,5.000,5.000,5.000,5.000,5.099,5.385,5.000,4.472,4.123,4.000,4.000,4.000,4.000,4.000,4.000,4.000,4.000,4.000,4.000,4.000,4.000,4.000,4.000,4.000,4.000,4.000,4.000,4.000,4.123,4.472,4.243,3.606,3.162,3.000,3.000,3.000,3.000,3.000,3.000,3.000,3.000,3.000,3.000,3.000,3.000,3.000,3.000,3.000,3.000,3.000,3.000,3.000,3.162,3.606,3.606,2.828,2.236,2.000,2.000,2.000,2.000,2.000,2.000,2.000,2.000,2.000,2.000,2.000,2.000,2.000,2.000,2.000,2.000,2.000,2.000,2.000,2.236,2.828,3.162,2.236,1.414,1.000,1.000,1.000,1.000,1.000,1.000,1.000,1.000,1.000,1.000,1.000,1.000,1.000,1.000,1.000,1.000,1.000,1.000,1.000,1.414,2.236,3.000,2.000,1.000,-1.000,-1.000,-1.000,-1.000,-1.000,-1.000,-1.000,-1.000,-1.000,-1.000,-1.000,-1.000,-1.000,-1.000,-1.000,-1.000,-1.000,-1.000,-1.000,1.000,2.000,3.000,2.000,1.000,-1.000,-1.414,-2.000,-2.000,-2.000,-2.000,-2.000,-2.000,-2.000,-2.000,-2.000,-2.000,-2.000,-2.000,-2.000,-2.000,-2.000,-2.000,-1.000,1.000,2.000,3.162,2.236,1.414,1.000,-1.000,-1.414,-2.236,-2.828,-3.000,-3.000,-3.000,-3.000,-3.000,-3.000,-3.000,-3.000,-3.000,-3.000,-3.000,-3.000,-2.000,-1.000,1.000,2.000,3.606,2.828,2.236,1.414,1.000,-1.000,-1.414,-2.236,-3.162,-4.000,-4.000,-4.000,-4.000,-4.000,-4.000,-4.000,-3.606,-3.162,-2.828,-2.236,-2.000,-1.000,1.000,2.000,4.243,3.606,2.828,2.236,1.414,1.000,-1.000,-2.000,-2.828,-3.606,-4.243,-5.000,-5.000,-4.243,-3.606,-3.162,-2.828,-2.236,-2.000,-1.414,-1.000,-1.000,1.000,2.000,5.000,4.243,3.606,2.828,2.000,1.000,-1.000,-1.414,-2.236,-2.828,-3.606,-4.472,-4.243,-3.606,-2.828,-2.236,-2.000,-1.414,-1.000,-1.000,1.000,1.000,1.414,2.236,5.657,5.000,4.123,3.162,2.236,1.414,1.000,-1.000,-1.414,-2.236,-3.162,-4.123,-3.606,-2.828,-2.236,-1.414,-1.000,-1.000,1.000,1.000,1.414,2.000,2.236,2.828,6.325,5.385,4.472,3.606,2.828,2.236,1.414,1.000,-1.000,-2.000,-2.828,-3.606,-2.828,-2.236,-1.414,-1.000,1.000,1.000,1.414,2.000,2.236,2.828,3.162,3.606,6.708,5.831,5.000,4.243,3.606,2.828,2.000,1.000,-1.000,-1.414,-2.236,-3.162,-2.236,-1.414,-1.000,1.000,1.414,2.000,2.236,2.828,3.162,3.606,4.123,4.472,7.211,6.403,5.657,5.000,4.123,3.162,2.236,1.414,1.000,-1.000,-2.000,-3.000,-2.000,-1.000,1.000,1.414,2.236,2.828,3.162,3.606,4.123,4.472,5.000,5.385,1.0474,0.0593
5.831,5.000,4.243,3.606,3.162,3.000,3.000,3.000,3.000,3.000,3.000,3.000,3.000,3.000,3.000,3.000,3.000,3.000,3.000,3.162,3.606,4.243,5.000,5.831,5.385,4.472,3.606,2.828,2.236,2.000,2.000,2.000,2.000,2.000,2.000,2.000,2.000,2.000,2.000,2.000,2.000,2.000,2.000,2.236,2.828,3.606,4.472,5.385,5.099,4.123,3.162,2.236,1.414,1.000,1.000,1.000,1.000,1.000,1.000,1.000,1.000,1.000,1.000,1.000,1.000,1.000,1.000,1.414,2.236,3.162,4.123,5.099,5.000,4.000,3.000,2.000,1.000,-1.000,-1.000,-1.000,-1.000,-1.000,-1.000,-1.000,-1.000,-1.000,-1.000,-1.000,-1.000,-1.000,-1.000,1.000,2.000,3.000,4.000,5.000,5.099,4.123,3.162,2.236,1.414,1.000,-1.000,-1.414,-2.000,-2.000,-2.000,-2.000,-2.000,-2.000,-2.000,-2.000,-2.000,-2.000,-1.000,1.000,2.000,3.000,4.000,5.000,5.385,4.472,3.606,2.828,2.236,1.414,1.000,-1.000,-1.414,-2.236,-2.828,-3.000,-2.828,-2.236,-2.000,-1.414,-1.000,-1.000,-1.000,1.000,2.000,3.000,4.000,5.000,5.831,5.000,4.243,3.606,2.828,2.236,1.414,1.000,-1.000,-1.414,-2.000,-2.236,-2.000,-1.414,-1.000,-1.000,1.000,1.000,1.000,1.414,2.236,3.162,4.123,5.099,6.403,5.657,5.000,4.243,3.606,2.828,2.236,1.414,1.000,-1.000,-1.000,-1.414,-1.000,-1.000,1.000,1.000,1.414,2.000,2.000,2.236,2.828,3.606,4.472,5.385,7.071,6.403,5.657,5.000,4.243,3.606,2.828,2.236,1.414,1.000,1.000,-1.000,1.000,1.000,1.414,2.000,2.236,2.828,3.000,3.162,3.606,4.243,5.000,5.831,7.810,7.071,6.403,5.657,5.000,4.243,3.606,2.828,2.236,2.000,1.414,1.000,1.414,2.000,2.236,2.828,3.162,3.606,4.000,4.123,4.472,5.000,5.657,6.403,8.485,7.810,7.071,6.403,5.657,5.000,4.243,3.606,3.162,2.828,2.236,2.000,2.236,2.828,3.162,3.606,4.123,4.472,5.000,5.099,5.385,5.831,6.403,7.071,9.220,8.485,7.810,7.071,6.403,5.657,5.000,4.472,4.123,3.606,3.162,3.000,3.162,3.606,4.123,4.472,5.000,5.385,5.831,6.083,6.325,6.708,7.211,7.810,9.899,9.220,8.485,7.810,7.071,6.403,5.831,5.385,5.000,4.472,4.123,4.000,4.123,4.472,5.000,5.385,5.831,6.325,6.708,7.071,7.280,7.616,8.062,8.602,10.630,9.899,9.220,8.485,7.810,7.211,6.708,6.325,5.831,5.385,5.099,5.000,5.099,5.385,5.831,6.325,6.708,7.211,7.616,8.062,8.246,8.544,8.944,9.434,11.314,10.630,9.899,9.220,8.602,8.062,7.616,7.211,6.708,6.325,6.083,6.000,6.083,6.325,6.708,7.211,7.616,8.062,8.544,8.944,9.220,9.487,9.849,10.296,12.042,11.314,10.630,10.000,9.434,8.944,8.544,8.062,7.616,7.280,7.071,7.000,7.071,7.280,7.616,8.062,8.544,8.944,9.434,9.849,10.198,10.440,10.770,11.180,0.7346,-0.2410
4.123,4.000,4.000,4.000,4.000,4.000,4.000,4.000,4.000,4.000,4.000,4.000,4.000,4.000,4.000,4.000,4.000,4.000,4.000,4.000,4.000,4.000,4.000,4.123,3.162,3.000,3.000,3.000,3.000,3.000,3.000,3.000,3.000,3.000,3.000,3.000,3.000,3.000,3.000,3.000,3.000,3.000,3.000,3.000,3.000,3.000,3.000,3.162,2.236,2.000,2.000,2.000,2.000,2.000,2.000,2.000,2.000,2.000,2.000,2.000,2.000,2.000,2.000,2.000,2.000,2.000,2.000,2.000,2.000,2.000,2.000,2.236,1.414,1.000,1.000,1.000,1.000,1.000,1.000,1.000,1.000,1.000,1.000,1.000,1.000,1.000,1.000,1.000,1.000,1.000,1.000,1.000,1.000,1.000,1.000,1.414,1.000,-1.000,-1.000,-1.000,-1.000,-1.000,-1.000,-1.000,-1.000,-1.000,-1.000,-1.000,-1.000,-1.000,-1.000,-1.000,-1.000,-1.000,-1.000,-1.000,-1.000,-1.000,-1.000,1.000,1.414,1.000,1.000,-1.000,-1.414,-2.000,-2.000,-2.000,-2.000,-2.000,-2.000,-2.000,-2.000,-2.000,-2.000,-2.000,-2.000,-2.000,-2.000,-2.000,-2.000,-2.000,-1.000,1.000,2.236,2.000,1.414,1.000,-1.000,-1.000,-1.414,-2.236,-2.828,-3.000,-3.000,-3.000,-3.000,-3.000,-3.000,-3.000,-3.000,-3.000,-3.000,-3.000,-3.000,-2.000,-1.000,1.000,3.162,2.828,2.236,1.414,1.000,1.000,-1.000,-1.414,-2.000,-2.000,-2.236,-2.828,-3.000,-3.000,-3.000,-3.000,-3.000,-3.000,-3.000,-3.000,-3.000,-2.000,-1.000,1.000,4.123,3.606,2.828,2.236,2.000,1.414,1.000,-1.000,-1.000,-1.000,-1.414,-2.000,-2.000,-2.000,-2.000,-2.000,-2.000,-2.000,-2.000,-2.000,-2.000,-2.000,-1.000,1.000,5.000,4.243,3.606,3.162,2.828,2.236,1.414,1.000,1.000,1.000,-1.000,-1.000,-1.000,-1.000,-1.000,-1.000,-1.000,-1.000,-1.000,-1.000,-1.000,-1.000,-1.000,1.000,5.657,5.000,4.472,4.123,3.606,2.828,2.236,2.000,2.000,1.414,1.000,1.000,1.000,1.000,1.000,1.000,1.000,1.000,1.000,1.000,1.000,1.000,1.000,1.414,6.403,5.831,5.385,5.000,4.243,3.606,3.162,3.000,2.828,2.236,2.000,2.000,2.000,2.000,2.000,2.000,2.000,2.000,2.000,2.000,2.000,2.000,2.000,2.236,7.211,6.708,6.325,5.657,5.000,4.472,4.123,4.000,3.606,3.162,3.000,3.000,3.000,3.000,3.000,3.000,3.000,3.000,3.000,3.000,3.000,3.000,3.000,3.162,8.062,7.616,7.071,6.403,5.831,5.385,5.099,5.000,4.472,4.123,4.000,4.000,4.000,4.000,4.000,4.000,4.000,4.000,4.000,4.000,4.000,4.000,4.000,4.123,8.944,8.485,7.810,7.211,6.708,6.325,6.083,5.831,5.385,5.099,5.000,5.000,5.000,5.000,5.000,5.000,5.000,5.000,5.000,5.000,5.000,5.000,5.000,5.099,9.849,9.220,8.602,8.062,7.616,7.280,7.071,6.708,6.325,6.083,6.000,6.000,6.000,6.000,6.000,6.000,6.000,6.000,6.000,6.000,6.000,6.000,6.000,6.083,0.8889,-0.0566
7.810,7.211,6.708,6.325,6.083,6.000,6.000,6.000,6.000,6.000,6.000,6.000,6.000,6.000,6.000,6.000,6.000,6.000,6.000,6.083,6.325,6.708,7.211,7.810,7.071,6.403,5.831,5.385,5.099,5.000,5.000,5.000,5.000,5.000,5.000,5.000,5.000,5.000,5.000,5.000,5.000,5.000,5.000,5.099,5.385,5.831,6.403,7.071,6.403,5.657,5.000,4.472,4.123,4.000,4.000,4.000,4.000,4.000,4.000,4.000,4.000,4.000,4.000,4.000,4.000,4.000,4.000,4.123,4.472,5.000,5.657,6.403,5.831,5.000,4.243,3.606,3.162,3.000,3.000,3.000,3.000,3.000,3.000,3.000,3.000,3.000,3.000,3.000,3.000,3.000,3.000,3.162,3.606,4.243,5.000,5.831,5.385,4.472,3.606,2.828,2.236,2.000,2.000,2.000,2.000,2.000,2.000,2.000,2.000,2.000,2.000,2.000,2.000,2.000,2.000,2.236,2.828,3.606,4.472,5.385,5.099,4.123,3.162,2.236,1.414,1.000,1.000,1.000,1.000,1.000,1.000,1.000,1.000,1.000,1.000,1.000,1.000,1.000,1.000,1.414,2.236,3.162,4.123,5.099,5.000,4.000,3.000,2.000,1.000,-1.000,-1.000,-1.000,-1.000,-1.000,-1.000,-1.000,-1.000,-1.000,-1.000,-1.000,-1.000,-1.000,-1.000,1.000,2.000,3.000,4.000,5.000,5.000,4.000,3.000,2.000,1.000,-1.000,-1.414,-2.000,-2.000,-2.000,-2.000,-2.000,-2.000,-2.000,-2.000,-2.000,-2.000,-2.000,-1.000,1.000,2.000,3.000,4.000,5.000,5.099,4.123,3.162,2.236,1.414,1.000,-1.000,-2.000,-2.828,-3.000,-3.000,-3.000,-3.000,-3.000,-3.000,-3.000,-3.000,-2.000,-1.000,1.000,2.000,3.000,4.000,5.000,5.385,4.472,3.606,2.828,2.000,1.000,-1.000,-1.414,-2.236,-3.162,-4.000,-4.000,-4.000,-4.000,-4.000,-3.606,-2.828,-2.000,-1.000,1.000,2.000,3.000,4.000,5.000,5.831,5.000,4.123,3.162,2.236,1.414,1.000,-1.000,-2.000,-2.828,-3.606,-4.472,-4.243,-3.606,-3.162,-2.828,-2.236,-1.414,-1.000,1.000,2.000,3.000,4.000,5.000,6.325,5.385,4.472,3.606,2.828,2.000,1.000,-1.000,-1.414,-2.236,-3.162,-4.123,-3.606,-2.828,-2.236,-2.000,-1.414,-1.000,1.000,1.414,2.236,3.162,4.123,5.099,6.708,5.831,5.000,4.123,3.162,2.236,1.414,1.000,-1.000,-2.000,-3.000,-4.000,-3.162,-2.236,-1.414,-1.000,-1.000,1.000,1.414,2.236,2.828,3.606,4.472,5.385,7.211,6.325,5.385,4.472,3.606,2.828,2.000,1.000,-1.000,-2.000,-2.828,-3.606,-2.828,-2.000,-1.000,1.000,1.000,1.414,2.236,2.828,3.606,4.243,5.000,5.831,7.616,6.708,5.831,5.000,4.000,3.000,2.000,1.000,-1.000,-1.414,-2.236,-3.162,-2.236,-1.414,-1.000,1.000,2.000,2.236,2.828,3.606,4.243,5.000,5.657,6.403,8.062,7.071,6.083,5.099,4.123,3.162,2.236,1.414,1.000,-1.000,-2.000,-3.000,-2.000,-1.000,1.000,1.414,2.236,3.162,3.606,4.243,5.000,5.657,6.403,7.071,1.2307,0.1274
5.831,5.000,4.243,3.606,3.162,3.000,3.000,3.000,3.000,3.000,3.000,3.000,3.000,3.000,3.000,3.000,3.000,3.000,3.000,3.162,3.606,4.243,5.000,5.831,5.385,4.472,3.606,2.828,2.236,2.000,2.000,2.000,2.000,2.000,2.000,2.000,2.000,2.000,2.000,2.000,2.000,2.000,2.000,2.236,2.828,3.606,4.472,5.385,5.099,4.123,3.162,2.236,1.414,1.000,1.000,1.000,1.000,1.000,1.000,1.000,1.000,1.000,1.000,1.000,1.000,1.000,1.000,1.414,2.236,3.162,4.123,5.099,5.000,4.000,3.000,2.000,1.000,-1.000,-1.000,-1.000,-1.000,-1.000,-1.000,-1.000,-1.000,-1.000,-1.000,-1.000,-1.000,-1.000,-1.000,1.000,2.000,3.000,4.000,5.000,5.099,4.123,3.162,2.236,1.414,1.000,-1.000,-1.414,-2.000,-2.000,-2.000,-2.000,-2.000,-2.000,-2.000,-2.000,-2.000,-2.000,-1.000,1.000,2.000,3.000,4.000,5.000,5.385,4.472,3.606,2.828,2.236,1.414,1.000,-1.000,-2.000,-2.828,-3.000,-3.000,-3.000,-3.000,-3.000,-2.828,-2.236,-1.414,-1.000,1.000,2.000,3.000,4.000,5.000,5.831,5.000,4.243,3.606,2.828,2.000,1.000,-1.000,-1.414,-2.236,-3.162,-4.000,-4.000,-3.606,-2.828,-2.236,-1.414,-1.000,1.000,1.414,2.236,3.162,4.123,5.099,6.403,5.657,5.000,4.123,3.162,2.236,1.414,1.000,-1.000,-2.000,-2.828,-3.606,-3.606,-2.828,-2.236,-1.414,-1.000,1.000,1.414,2.236,2.828,3.606,4.472,5.385,7.071,6.325,5.385,4.472,3.606,2.828,2.000,1.000,-1.000,-1.414,-2.236,-3.162,-2.828,-2.236,-1.414,-1.000,1.000,1.414,2.236,2.828,3.606,4.243,5.000,5.831,7.616,6.708,5.831,5.000,4.123,3.162,2.236,1.414,1.000,-1.000,-2.000,-3.000,-2.236,-1.414,-1.000,1.000,1.414,2.236,2.828,3.606,4.243,5.000,5.657,6.403,8.062,7.211,6.325,5.385,4.472,3.606,2.828,2.000,1.000,-1.000,-2.000,-2.828,-2.000,-1.000,1.000,1.414,2.236,2.828,3.606,4.243,5.000,5.657,6.403,7.071,8.544,7.616,6.708,5.831,5.000,4.000,3.000,2.000,1.000,-1.000,-1.414,-2.236,-1.414,-1.000,1.000,2.000,2.828,3.606,4.243,5.000,5.657,6.403,7.071,7.810,8.944,8.062,7.071,6.083,5.099,4.123,3.162,2.236,1.414,1.000,-1.000,-2.000,-1.000,1.000,1.414,2.236,3.162,4.123,5.000,5.657,6.403,7.071,7.810,8.485,9.220,8.246,7.280,6.325,5.385,4.472,3.606,2.828,2.000,1.000,-1.000,-2.000,-1.000,1.000,2.000,2.828,3.606,4.472,5.385,6.325,7.071,7.810,8.485,9.220,9.487,8.544,7.616,6.708,5.831,5.000,4.000,3.000,2.000,1.000,-1.000,-1.414,-1.000,1.000,2.000,3.000,4.000,5.000,5.831,6.708,7.616,8.485,9.220,9.899,9.849,8.944,8.062,7.071,6.083,5.099,4.123,3.162,2.236,1.414,1.000,-1.000,1.000,1.414,2.236,3.162,4.123,5.099,6.083,7.071,8.062,8.944,9.849,10.630,1.0822,-0.0852
7.211,6.708,6.325,6.083,6.000,6.000,6.000,6.000,6.000,6.000,6.000,6.000,6.000,6.000,6.000,6.000,6.000,6.000,6.000,6.000,6.000,6.083,6.325,6.708,6.403,5.831,5.385,5.099,5.000,5.000,5.000,5.000,5.000,5.000,5.000,5.000,5.000,5.000,5.000,5.000,5.000,5.000,5.000,5.000,5.000,5.099,5.385,5.831,5.657,5.000,4.472,4.123,4.000,4.000,4.000,4.000,4.000,4.000,4.000,4.000,4.000,4.000,4.000,4.000,4.000,4.000,4.000,4.000,4.000,4.123,4.472,5.000,5.000,4.243,3.606,3.162,3.000,3.000,3.000,3.000,3.000,3.000,3.000,3.000,3.000,3.000,3.000,3.000,3.000,3.000,3.000,3.000,3.000,3.162,3.606,4.243,4.472,3.606,2.828,2.236,2.000,2.000,2.000,2.000,2.000,2.000,2.000,2.000,2.000,2.000,2.000,2.000,2.000,2.000,2.000,2.000,2.000,2.236,2.828,3.606,4.123,3.162,2.236,1.414,1.000,1.000,1.000,1.000,1.000,1.000,1.000,1.000,1.000,1.000,1.000,1.000,1.000,1.000,1.000,1.000,1.000,1.414,2.236,3.162,4.000,3.000,2.000,1.000,-1.000,-1.000,-1.000,-1.000,-1.000,-1.000,-1.000,-1.000,-1.000,-1.000,-1.000,-1.000,-1.000,-1.000,-1.000,-1.000,-1.000,1.000,2.000,3.000,4.123,3.162,2.236,1.414,1.000,1.000,-1.000,-1.000,-1.414,-2.000,-2.000,-2.000,-2.000,-2.000,-2.000,-2.000,-2.000,-2.000,-2.000,-1.414,-1.000,1.000,2.000,3.000,4.472,3.606,2.828,2.236,2.000,1.414,1.000,1.000,-1.000,-1.414,-2.236,-2.828,-2.236,-2.000,-1.414,-1.000,-1.000,-1.000,-1.000,-1.000,1.000,1.414,2.236,3.162,5.000,4.243,3.606,3.162,2.828,2.236,2.000,1.414,1.000,-1.000,-1.414,-2.000,-1.414,-1.000,-1.000,1.000,1.000,1.000,1.000,1.000,1.414,2.236,2.828,3.606,5.657,5.000,4.472,4.123,3.606,3.162,2.828,2.236,1.414,1.000,-1.000,-1.000,-1.000,1.000,1.000,1.414,2.000,2.000,2.000,2.000,2.236,2.828,3.606,4.243,6.403,5.831,5.385,5.000,4.472,4.123,3.606,2.828,2.236,1.414,1.000,1.000,1.000,1.414,2.000,2.236,2.828,3.000,3.000,3.000,3.162,3.606,4.243,5.000,7.211,6.708,6.325,5.831,5.385,5.000,4.243,3.606,2.828,2.236,2.000,2.000,2.000,2.236,2.828,3.162,3.606,4.000,4.000,4.000,4.123,4.472,5.000,5.657,8.062,7.616,7.211,6.708,6.325,5.657,5.000,4.243,3.606,3.162,3.000,3.000,3.000,3.162,3.606,4.123,4.472,5.000,5.000,5.000,5.099,5.385,5.831,6.403,8.944,8.544,8.062,7.616,7.071,6.403,5.657,5.000,4.472,4.123,4.000,4.000,4.000,4.123,4.472,5.000,5.385,5.831,6.000,6.000,6.083,6.325,6.708,7.211,9.849,9.434,8.944,8.485,7.810,7.071,6.403,5.831,5.385,5.099,5.000,5.000,5.000,5.099,5.385,5.831,6.325,6.708,7.000,7.000,7.071,7.280,7.616,8.062,0.7129,0.1023
5.657,5.000,4.472,4.123,4.000,4.000,4.000,4.000,4.000,4.000,4.000,4.000,4.000,4.000,4.000,4.000,4.000,4.000,4.000,4.000,4.123,4.472,5.000,5.657,5.000,4.243,3.606,3.162,3.000,3.000,3.000,3.000,3.000,3.000,3.000,3.000,3.000,3.000,3.000,3.000,3.000,3.000,3.000,3.000,3.162,3.606,4.243,5.000,4.472,3.606,2.828,2.236,2.000,2.000,2.000,2.000,2.000,2.000,2.000,2.000,2.000,2.000,2.000,2.000,2.000,2.000,2.000,2.000,2.236,2.828,3.606,4.472,4.123,3.162,2.236,1.414,1.000,1.000,1.000,1.000,1.000,1.000,1.000,1.000,1.000,1.000,1.000,1.000,1.000,1.000,1.000,1.000,1.414,2.236,3.162,4.123,4.000,3.000,2.000,1.000,-1.000,-1.000,-1.000,-1.000,-1.000,-1.000,-1.000,-1.000,-1.000,-1.000,-1.000,-1.000,-1.000,-1.000,-1.000,-1.000,1.000,2.000,3.000,4.000,4.123,3.162,2.236,1.414,1.000,-1.000,-2.000,-2.000,-2.000,-2.000,-2.000,-2.000,-2.000,-2.000,-2.000,-2.000,-2.000,-2.000,-2.000,-1.000,1.000,2.000,3.000,4.000,4.472,3.606,2.828,2.000,1.000,-1.000,-1.414,-2.236,-2.828,-3.000,-3.000,-3.000,-3.000,-3.000,-3.000,-3.000,-3.000,-2.828,-2.000,-1.000,1.000,2.000,3.000,4.000,5.000,4.123,3.162,2.236,1.414,1.000,-1.000,-1.414,-2.236,-3.162,-4.000,-4.000,-4.000,-4.000,-3.606,-3.162,-2.828,-2.236,-1.414,-1.000,1.000,2.000,3.000,4.000,5.385,4.472,3.606,2.828,2.236,1.414,1.000,-1.000,-2.000,-2.828,-3.606,-4.472,-4.243,-3.606,-2.828,-2.236,-2.000,-1.414,-1.000,1.000,1.414,2.236,3.162,4.123,5.831,5.000,4.243,3.606,2.828,2.000,1.000,-1.000,-1.414,-2.236,-3.162,-4.123,-3.606,-2.828,-2.236,-1.414,-1.000,-1.000,1.000,1.414,2.236,2.828,3.606,4.472,6.403,5.657,5.000,4.123,3.162,2.236,1.414,1.000,-1.000,-2.000,-2.828,-3.606,-2.828,-2.236,-1.414,-1.000,1.000,1.000,1.414,2.236,2.828,3.606,4.243,5.000,7.071,6.325,5.385,4.472,3.606,2.828,2.000,1.000,-1.000,-1.414,-2.236,-2.828,-2.236,-1.414,-1.000,1.000,1.414,2.000,2.236,2.828,3.606,4.243,5.000,5.657,7.616,6.708,5.831,5.000,4.123,3.162,2.236,1.414,1.000,-1.000,-2.000,-2.236,-1.414,-1.000,1.000,1.414,2.236,2.828,3.162,3.606,4.243,5.000,5.657,6.403,8.062,7.211,6.325,5.385,4.472,3.606,2.828,2.000,1.000,-1.000,-1.414,-2.000,-1.000,1.000,1.414,2.236,2.828,3.606,4.123,4.472,5.000,5.657,6.403,7.071,8.544,7.616,6.708,5.831,5.000,4.123,3.162,2.236,1.414,1.000,-1.000,-1.000,-1.000,1.000,2.000,2.828,3.606,4.243,5.000,5.385,5.831,6.403,7.071,7.810,8.944,8.062,7.211,6.325,5.385,4.472,3.606,2.828,2.236,1.414,1.000,1.000,1.000,1.414,2.236,3.162,4.123,5.000,5.657,6.325,6.708,7.211,7.810,8.485,1.0049,-0.0802
5.657,5.000,4.472,4.123,4.000,4.000,4.000,4.000,4.000,4.000,4.000,4.000,4.000,4.000,4.000,4.000,4.000,4.000,4.000,4.000,4.000,4.123,4.472,5.000,5.000,4.243,3.606,3.162,3.000,3.000,3.000,3.000,3.000,3.000,3.000,3.000,3.000,3.000,3.000,3.000,3.000,3.000,3.000,3.000,3.000,3.162,3.606,4.243,4.472,3.606,2.828,2.236,2.000,2.000,2.000,2.000,2.000,2.000,2.000,2.000,2.000,2.000,2.000,2.000,2.000,2.000,2.000,2.000,2.000,2.236,2.828,3.606,4.123,3.162,2.236,1.414,1.000,1.000,1.000,1.000,1.000,1.000,1.000,1.000,1.000,1.000,1.000,1.000,1.000,1.000,1.000,1.000,1.000,1.414,2.236,3.162,4.000,3.000,2.000,1.000,-1.000,-1.000,-1.000,-1.000,-1.000,-1.000,-1.000,-1.000,-1.000,-1.000,-1.000,-1.000,-1.000,-1.000,-1.000,-1.000,-1.000,1.000,2.000,3.000,4.000,3.000,2.000,1.000,-1.000,-1.414,-2.000,-2.000,-2.000,-2.000,-2.000,-2.000,-2.000,-2.000,-2.000,-2.000,-2.000,-2.000,-2.000,-1.414,-1.000,1.000,2.000,3.000,4.123,3.162,2.236,1.414,1.000,-1.000,-1.414,-2.236,-2.828,-3.000,-3.000,-3.000,-3.000,-3.000,-2.828,-2.236,-2.000,-1.414,-1.000,-1.000,1.000,1.414,2.236,3.162,4.472,3.606,2.828,2.236,1.414,1.000,-1.000,-1.414,-2.236,-2.828,-3.606,-4.000,-3.606,-2.828,-2.236,-1.414,-1.000,-1.000,1.000,1.000,1.414,2.236,2.828,3.606,5.000,4.243,3.606,2.828,2.236,1.414,1.000,-1.000,-1.414,-2.236,-2.828,-3.606,-2.828,-2.236,-1.414,-1.000,1.000,1.000,1.414,2.000,2.236,2.828,3.606,4.243,5.657,5.000,4.243,3.606,2.828,2.236,1.414,1.000,-1.000,-1.414,-2.236,-2.828,-2.236,-1.414,-1.000,1.000,1.414,2.000,2.236,2.828,3.162,3.606,4.243,5.000,6.403,5.657,5.000,4.243,3.606,2.828,2.236,1.414,1.000,-1.000,-2.000,-2.236,-1.414,-1.000,1.000,1.414,2.236,2.828,3.162,3.606,4.123,4.472,5.000,5.657,7.071,6.403,5.657,5.000,4.243,3.606,2.828,2.000,1.000,-1.000,-1.414,-1.414,-1.000,1.000,1.414,2.236,2.828,3.606,4.123,4.472,5.000,5.385,5.831,6.403,7.810,7.071,6.403,5.657,5.000,4.123,3.162,2.236,1.414,1.000,-1.000,-1.000,1.000,1.414,2.236,2.828,3.606,4.243,5.000,5.385,5.831,6.325,6.708,7.211,8.485,7.810,7.071,6.325,5.385,4.472,3.606,2.828,2.236,1.414,1.000,1.000,1.414,2.236,2.828,3.606,4.243,5.000,5.657,6.325,6.708,7.211,7.616,8.062,9.220,8.485,7.616,6.708,5.831,5.000,4.243,3.606,2.828,2.236,2.000,2.000,2.236,2.828,3.606,4.243,5.000,5.657,6.403,7.071,7.616,8.062,8.544,8.944,9.849,8.944,8.062,7.211,6.403,5.657,5.000,4.243,3.606,3.162,3.000,3.000,3.162,3.606,4.243,5.000,5.657,6.403,7.071,7.810,8.485,8.944,9.434,9.849,0.8283,-0.0641
6.325,6.083,6.000,6.000,6.000,6.000,6.000,6.000,6.000,6.000,6.000,6.000,6.000,6.000,6.000,6.000,6.000,6.000,6.000,6.000,6.000,6.000,6.083,6.325,5.385,5.099,5.000,5.000,5.000,5.000,5.000,5.000,5.000,5.000,5.000,5.000,5.000,5.000,5.000,5.000,5.000,5.000,5.000,5.000,5.000,5.000,5.099,5.385,4.472,4.123,4.000,4.000,4.000,4.000,4.000,4.000,4.000,4.000,4.000,4.000,4.000,4.000,4.000,4.000,4.000,4.000,4.000,4.000,4.000,4.000,4.123,4.472,3.606,3.162,3.000,3.000,3.000,3.000,3.000,3.000,3.000,3.000,3.000,3.000,3.000,3.000,3.000,3.000,3.000,3.000,3.000,3.000,3.000,3.000,3.162,3.606,2.828,2.236,2.000,2.000,2.000,2.000,2.000,2.000,2.000,2.000,2.000,2.000,2.000,2.000,2.000,2.000,2.000,2.000,2.000,2.000,2.000,2.000,2.236,2.828,2.236,1.414,1.000,1.000,1.000,1.000,1.000,1.000,1.000,1.000,1.000,1.000,1.000,1.000,1.000,1.000,1.000,1.000,1.000,1.000,1.000,1.000,1.414,2.236,2.000,1.000,-1.000,-1.000,-1.000,-1.000,-1.000,-1.000,-1.000,-1.000,-1.000,-1.000,-1.000,-1.000,-1.000,-1.000,-1.000,-1.000,-1.000,-1.000,-1.000,-1.000,1.000,2.000,2.236,1.414,1.000,-1.000,-1.414,-2.000,-2.000,-2.000,-2.000,-2.000,-2.000,-2.000,-2.000,-2.000,-2.000,-2.000,-2.000,-2.000,-2.000,-2.000,-2.000,-1.000,1.000,2.000,2.828,2.236,1.414,1.000,-1.000,-1.414,-2.236,-2.828,-3.000,-3.000,-3.000,-3.000,-3.000,-3.000,-3.000,-3.000,-3.000,-3.000,-3.000,-3.000,-2.000,-1.000,1.000,2.000,3.606,2.828,2.236,1.414,1.000,-1.000,-1.414,-2.236,-2.828,-3.606,-4.000,-4.000,-4.000,-4.000,-4.000,-4.000,-4.000,-3.606,-3.162,-3.000,-2.000,-1.000,1.000,2.000,4.243,3.606,2.828,2.236,1.414,1.000,-1.000,-1.414,-2.236,-3.162,-4.123,-5.000,-4.243,-3.606,-3.162,-3.000,-3.000,-2.828,-2.236,-2.000,-2.000,-1.000,1.000,2.000,5.000,4.243,3.606,2.828,2.236,1.414,1.000,-1.000,-2.000,-2.828,-3.606,-4.243,-3.606,-2.828,-2.236,-2.000,-2.000,-2.000,-1.414,-1.000,-1.000,-1.000,1.000,2.000,5.657,5.000,4.243,3.606,2.828,2.000,1.000,-1.000,-1.414,-2.236,-2.828,-3.606,-2.828,-2.236,-1.414,-1.000,-1.000,-1.000,-1.000,1.000,1.000,1.000,1.414,2.236,6.403,5.657,5.000,4.123,3.162,2.236,1.414,1.000,-1.000,-1.414,-2.236,-2.828,-2.236,-1.414,-1.000,1.000,1.000,1.000,1.000,1.414,2.000,2.000,2.236,2.828,7.071,6.325,5.385,4.472,3.606,2.828,2.236,1.414,1.000,-1.000,-1.414,-2.236,-1.414,-1.000,1.000,1.414,2.000,2.000,2.000,2.236,2.828,3.000,3.162,3.606,7.616,6.708,5.831,5.000,4.243,3.606,2.828,2.236,1.414,1.000,-1.000,-2.000,-1.000,1.000,1.414,2.236,2.828,3.000,3.000,3.162,3.606,4.000,4.123,4.472,0.9825,0.0895
7.071,6.403,5.831,5.385,5.099,5.000,5.000,5.000,5.000,5.000,5.000,5.000,5.000,5.000,5.000,5.000,5.000,5.000,5.000,5.099,5.385,5.831,6.403,7.071,6.403,5.657,5.000,4.472,4.123,4.000,4.000,4.000,4.000,4.000,4.000,4.000,4.000,4.000,4.000,4.000,4.000,4.000,4.000,4.123,4.472,5.000,5.657,6.403,5.831,5.000,4.243,3.606,3.162,3.000,3.000,3.000,3.000,3.000,3.000,3.000,3.000,3.000,3.000,3.000,3.000,3.000,3.000,3.162,3.606,4.243,5.000,5.831,5.385,4.472,3.606,2.828,2.236,2.000,2.000,2.000,2.000,2.000,2.000,2.000,2.000,2.000,2.000,2.000,2.000,2.000,2.000,2.236,2.828,3.606,4.472,5.385,5.099,4.123,3.162,2.236,1.414,1.000,1.000,1.000,1.000,1.000,1.000,1.000,1.000,1.000,1.000,1.000,1.000,1.000,1.000,1.414,2.236,3.162,4.123,5.099,5.000,4.000,3.000,2.000,1.000,-1.000,-1.000,-1.000,-1.000,-1.000,-1.000,-1.000,-1.000,-1.000,-1.000,-1.000,-1.000,-1.000,-1.000,1.000,2.000,3.000,4.000,5.000,5.099,4.123,3.162,2.236,1.414,1.000,-1.000,-2.000,-2.000,-2.000,-2.000,-2.000,-2.000,-2.000,-2.000,-2.000,-2.000,-2.000,-1.000,1.000,2.000,3.000,4.000,5.000,5.385,4.472,3.606,2.828,2.000,1.000,-1.000,-1.414,-2.236,-3.000,-3.000,-3.000,-3.000,-3.000,-3.000,-3.000,-3.000,-2.000,-1.000,1.000,2.000,3.000,4.000,5.000,5.831,5.000,4.123,3.162,2.236,1.414,1.000,-1.000,-2.000,-2.828,-3.606,-4.000,-4.000,-4.000,-4.000,-4.000,-3.000,-2.000,-1.000,1.000,2.000,3.000,4.000,5.000,6.325,5.385,4.472,3.606,2.828,2.000,1.000,-1.000,-1.414,-2.236,-2.828,-3.606,-4.243,-4.123,-4.000,-4.000,-3.000,-2.000,-1.000,1.000,2.000,3.000,4.000,5.000,6.708,5.831,5.000,4.123,3.162,2.236,1.414,1.000,-1.000,-1.414,-2.236,-2.828,-3.606,-3.162,-3.000,-3.000,-2.828,-2.000,-1.000,1.000,2.000,3.000,4.000,5.000,7.211,6.325,5.385,4.472,3.606,2.828,2.236,1.414,1.000,-1.000,-1.414,-2.236,-2.828,-2.236,-2.000,-2.000,-2.000,-1.414,-1.000,1.000,2.000,3.000,4.000,5.000,7.616,6.708,5.831,5.000,4.243,3.606,2.828,2.236,1.414,1.000,-1.000,-2.000,-2.000,-1.414,-1.000,-1.000,-1.000,-1.000,1.000,1.414,2.236,3.162,4.123,5.099,8.062,7.211,6.403,5.657,5.000,4.243,3.606,2.828,2.000,1.000,-1.000,-1.000,-1.000,-1.000,1.000,1.000,1.000,1.000,1.414,2.236,2.828,3.606,4.472,5.385,8.602,7.810,7.071,6.403,5.657,5.000,4.123,3.162,2.236,1.414,1.000,1.000,1.000,1.000,1.414,2.000,2.000,2.000,2.236,2.828,3.606,4.243,5.000,5.831,9.220,8.485,7.810,7.071,6.325,5.385,4.472,3.606,2.828,2.236,2.000,2.000,2.000,2.000,2.236,2.828,3.000,3.000,3.162,3.606,4.243,5.000,5.657,6.403,1.0416,-0.0380
4.123,4.000,4.000,4.000,4.000,4.000,4.000,4.000,4.000,4.000,4.000,4.000,4.000,4.000,4.000,4.000,4.000,4.000,4.000,4.000,4.000,4.000,4.000,4.123,3.162,3.000,3.000,3.000,3.000,3.000,3.000,3.000,3.000,3.000,3.000,3.000,3.000,3.000,3.000,3.000,3.000,3.000,3.000,3.000,3.000,3.000,3.000,3.162,2.236,2.000,2.000,2.000,2.000,2.000,2.000,2.000,2.000,2.000,2.000,2.000,2.000,2.000,2.000,2.000,2.000,2.000,2.000,2.000,2.000,2.000,2.000,2.236,1.414,1.000,1.000,1.000,1.000,1.000,1.000,1.000,1.000,1.000,1.000,1.000,1.000,1.000,1.000,1.000,1.000,1.000,1.000,1.000,1.000,1.000,1.000,1.414,1.000,-1.000,-1.000,-1.000,-1.000,-1.000,-1.000,-1.000,-1.000,-1.000,-1.000,-1.000,-1.000,-1.000,-1.000,-1.000,-1.000,-1.000,-1.000,-1.000,-1.000,-1.000,-1.000,1.000,1.414,1.000,-1.000,-2.000,-2.000,-2.000,-2.000,-2.000,-2.000,-2.000,-2.000,-2.000,-2.000,-2.000,-2.000,-2.000,-2.000,-2.000,-2.000,-2.000,-2.000,-2.000,-1.000,1.000,2.000,1.000,-1.000,-1.414,-2.236,-2.828,-3.000,-3.000,-3.000,-3.000,-3.000,-3.000,-3.000,-3.000,-3.000,-3.000,-3.000,-3.000,-3.000,-3.000,-3.000,-2.000,-1.000,1.000,2.236,1.414,1.000,-1.000,-1.414,-2.236,-2.828,-3.606,-4.000,-4.000,-4.000,-4.000,-4.000,-4.000,-4.000,-4.000,-4.000,-4.000,-4.000,-4.000,-3.000,-2.000,-1.000,1.000,2.828,2.236,1.414,1.000,-1.000,-1.414,-2.236,-2.828,-3.606,-4.472,-5.000,-5.000,-5.000,-5.000,-5.000,-5.000,-5.000,-5.000,-5.000,-4.000,-3.000,-2.000,-1.000,1.000,3.606,2.828,2.236,1.414,1.000,-1.000,-1.414,-2.236,-3.162,-4.123,-5.000,-5.831,-6.000,-5.657,-5.000,-4.472,-4.123,-4.000,-4.000,-4.000,-3.000,-2.000,-1.000,1.000,4.243,3.606,2.828,2.236,1.414,1.000,-1.000,-2.000,-2.828,-3.606,-4.472,-5.385,-5.657,-5.000,-4.243,-3.606,-3.162,-3.000,-3.000,-3.000,-3.000,-2.000,-1.000,1.000,5.000,4.243,3.606,2.828,2.000,1.000,-1.000,-1.414,-2.236,-3.162,-4.123,-5.000,-5.000,-4.243,-3.606,-2.828,-2.236,-2.000,-2.000,-2.000,-2.000,-2.000,-1.000,1.000,5.657,5.000,4.123,3.162,2.236,1.414,1.000,-1.000,-2.000,-2.828,-3.606,-4.472,-4.243,-3.606,-2.828,-2.236,-1.414,-1.000,-1.000,-1.000,-1.000,-1.000,-1.000,1.000,6.325,5.385,4.472,3.606,2.828,2.000,1.000,-1.000,-1.414,-2.236,-3.162,-4.123,-3.606,-2.828,-2.236,-1.414,-1.000,1.000,1.000,1.000,1.000,1.000,1.000,1.414,6.708,5.831,5.000,4.123,3.162,2.236,1.414,1.000,-1.000,-2.000,-3.000,-4.000,-3.162,-2.236,-1.414,-1.000,1.000,1.414,2.000,2.000,2.000,2.000,2.000,2.236,7.211,6.325,5.385,4.472,3.606,2.828,2.000,1.000,-1.000,-2.000,-3.000,-4.000,-3.000,-2.000,-1.000,1.000,1.414,2.236,2.828,3.000,3.000,3.000,3.000,3.162,1.2672,0.0652
5.657,5.000,4.472,4.123,4.000,4.000,4.000,4.000,4.000,4.000,4.000,4.000,4.000,4.000,4.000,4.000,4.000,4.000,4.000,4.000,4.123,4.472,5.000,5.657,5.000,4.243,3.606,3.162,3.000,3.000,3.000,3.000,3.000,3.000,3.000,3.000,3.000,3.000,3.000,3.000,3.000,3.000,3.000,3.000,3.162,3.606,4.243,5.000,4.472,3.606,2.828,2.236,2.000,2.000,2.000,2.000,2.000,2.000,2.000,2.000,2.000,2.000,2.000,2.000,2.000,2.000,2.000,2.000,2.236,2.828,3.606,4.472,4.123,3.162,2.236,1.414,1.000,1.000,1.000,1.000,1.000,1.000,1.000,1.000,1.000,1.000,1.000,1.000,1.000,1.000,1.000,1.000,1.414,2.236,3.162,4.123,4.000,3.000,2.000,1.000,-1.000,-1.000,-1.000,-1.000,-1.000,-1.000,-1.000,-1.000,-1.000,-1.000,-1.000,-1.000,-1.000,-1.000,-1.000,-1.000,1.000,2.000,3.000,4.000,4.123,3.162,2.236,1.414,1.000,-1.000,-2.000,-2.000,-2.000,-2.000,-2.000,-2.000,-2.000,-2.000,-2.000,-2.000,-2.000,-2.000,-2.000,-1.000,1.000,2.000,3.000,4.000,4.472,3.606,2.828,2.000,1.000,-1.000,-1.414,-2.236,-3.000,-3.000,-3.000,-3.000,-3.000,-3.000,-3.000,-3.000,-3.000,-3.000,-2.000,-1.000,1.000,2.000,3.000,4.000,5.000,4.123,3.162,2.236,1.414,1.000,-1.000,-2.000,-2.828,-3.606,-4.000,-4.000,-4.000,-4.000,-4.000,-4.000,-4.000,-3.000,-2.000,-1.000,1.000,2.000,3.000,4.000,5.385,4.472,3.606,2.828,2.000,1.000,-1.000,-1.414,-2.236,-2.828,-3.606,-4.472,-5.000,-4.472,-4.123,-3.606,-3.162,-3.000,-2.000,-1.000,1.000,2.000,3.000,4.000,5.831,5.000,4.123,3.162,2.236,1.414,1.000,-1.000,-1.414,-2.236,-3.162,-4.123,-4.243,-3.606,-3.162,-2.828,-2.236,-2.000,-2.000,-1.000,1.000,2.000,3.000,4.000,6.325,5.385,4.472,3.606,2.828,2.236,1.414,1.000,-1.000,-2.000,-2.828,-3.606,-3.606,-2.828,-2.236,-2.000,-1.414,-1.000,-1.000,-1.000,1.000,2.000,3.000,4.000,6.708,5.831,5.000,4.243,3.606,2.828,2.000,1.000,-1.000,-1.414,-2.236,-3.162,-2.828,-2.236,-1.414,-1.000,-1.000,1.000,1.000,1.000,1.414,2.236,3.162,4.123,7.211,6.403,5.657,5.000,4.123,3.162,2.236,1.414,1.000,-1.000,-2.000,-2.828,-2.236,-1.414,-1.000,1.000,1.000,1.414,2.000,2.000,2.236,2.828,3.606,4.472,7.810,7.071,6.325,5.385,4.472,3.606,2.828,2.000,1.000,-1.000,-1.414,-2.236,-1.414,-1.000,1.000,1.414,2.000,2.236,2.828,3.000,3.162,3.606,4.243,5.000,8.485,7.616,6.708,5.831,5.000,4.123,3.162,2.236,1.414,1.000,-1.000,-1.414,-1.000,1.000,1.414,2.236,2.828,3.162,3.606,4.000,4.123,4.472,5.000,5.657,8.944,8.062,7.211,6.325,5.385,4.472,3.606,2.828,2.000,1.000,-1.000,-1.000,1.000,1.414,2.236,2.828,3.606,4.123,4.472,5.000,5.099,5.385,5.831,6.403,1.1590,-0.0331
6.325,6.083,6.000,6.000,6.000,6.000,6.000,6.000,6.000,6.000,6.000,6.000,6.000,6.000,6.000,6.000,6.000,6.000,6.000,6.000,6.000,6.000,6.000,6.083,5.385,5.099,5.000,5.000,5.000,5.000,5.000,5.000,5.000,5.000,5.000,5.000,5.000,5.000,5.000,5.000,5.000,5.000,5.000,5.000,5.000,5.000,5.000,5.099,4.472,4.123,4.000,4.000,4.000,4.000,4.000,4.000,4.000,4.000,4.000,4.000,4.000,4.000,4.000,4.000,4.000,4.000,4.000,4.000,4.000,4.000,4.000,4.123,3.606,3.162,3.000,3.000,3.000,3.000,3.000,3.000,3.000,3.000,3.000,3.000,3.000,3.000,3.000,3.000,3.000,3.000,3.000,3.000,3.000,3.000,3.000,3.162,2.828,2.236,2.000,2.000,2.000,2.000,2.000,2.000,2.000,2.000,2.000,2.000,2.000,2.000,2.000,2.000,2.000,2.000,2.000,2.000,2.000,2.000,2.000,2.236,2.236,1.414,1.000,1.000,1.000,1.000,1.000,1.000,1.000,1.000,1.000,1.000,1.000,1.000,1.000,1.000,1.000,1.000,1.000,1.000,1.000,1.000,1.000,1.414,2.000,1.000,-1.000,-1.000,-1.000,-1.000,-1.000,-1.000,-1.000,-1.000,-1.000,-1.000,-1.000,-1.000,-1.000,-1.000,-1.000,-1.000,-1.000,-1.000,-1.000,-1.000,-1.000,1.000,2.236,1.414,1.000,-1.000,-1.414,-2.000,-2.000,-2.000,-2.000,-2.000,-2.000,-2.000,-2.000,-2.000,-2.000,-2.000,-2.000,-2.000,-2.000,-2.000,-2.000,-1.414,-1.000,1.000,2.828,2.236,1.414,1.000,-1.000,-1.414,-2.236,-2.828,-3.000,-3.000,-3.000,-3.000,-3.000,-3.000,-3.000,-3.000,-3.000,-2.828,-2.236,-2.000,-1.414,-1.000,1.000,1.414,3.606,2.828,2.236,1.414,1.000,-1.000,-1.414,-2.236,-2.828,-3.606,-4.000,-4.000,-4.000,-4.000,-3.606,-2.828,-2.236,-2.000,-1.414,-1.000,-1.000,1.000,1.414,2.236,4.243,3.606,2.828,2.236,1.414,1.000,-1.000,-1.414,-2.236,-2.828,-3.606,-4.243,-3.606,-3.162,-2.828,-2.236,-1.414,-1.000,-1.000,1.000,1.000,1.414,2.236,2.828,5.000,4.243,3.606,2.828,2.236,1.414,1.000,-1.000,-1.414,-2.236,-3.162,-3.606,-2.828,-2.236,-2.000,-1.414,-1.000,1.000,1.000,1.414,2.000,2.236,2.828,3.606,5.657,5.000,4.243,3.606,2.828,2.236,1.414,1.000,-1.000,-2.000,-2.828,-2.828,-2.236,-1.414,-1.000,-1.000,1.000,1.414,2.000,2.236,2.828,3.162,3.606,4.243,6.403,5.657,5.000,4.243,3.606,2.828,2.000,1.000,-1.000,-1.414,-2.000,-2.000,-1.414,-1.000,1.000,1.000,1.414,2.236,2.828,3.162,3.606,4.123,4.472,5.000,7.071,6.403,5.657,5.000,4.123,3.162,2.236,1.414,1.000,-1.000,-1.000,-1.000,-1.000,1.000,1.414,2.000,2.236,2.828,3.606,4.123,4.472,5.000,5.385,5.831,7.810,7.071,6.325,5.385,4.472,3.606,2.828,2.236,1.414,1.000,1.000,1.000,1.000,1.414,2.236,2.828,3.162,3.606,4.243,5.000,5.385,5.831,6.325,6.708,0.7501,-0.0160
5.831,5.000,4.243,3.606,3.162,3.000,3.000,3.000,3.000,3.000,3.000,3.000,3.000,3.000,3.000,3.000,3.000,3.000,3.000,3.162,3.606,4.243,5.000,5.831,5.385,4.472,3.606,2.828,2.236,2.000,2.000,2.000,2.000,2.000,2.000,2.000,2.000,2.000,2.000,2.000,2.000,2.000,2.000,2.236,2.828,3.606,4.472,5.385,5.099,4.123,3.162,2.236,1.414,1.000,1.000,1.000,1.000,1.000,1.000,1.000,1.000,1.000,1.000,1.000,1.000,1.000,1.000,1.414,2.236,3.162,4.123,5.099,5.000,4.000,3.000,2.000,1.000,-1.000,-1.000,-1.000,-1.000,-1.000,-1.000,-1.000,-1.000,-1.000,-1.000,-1.000,-1.000,-1.000,-1.000,1.000,2.000,3.000,4.000,5.000,5.099,4.123,3.162,2.236,1.414,1.000,-1.000,-1.414,-2.000,-2.000,-2.000,-2.000,-2.000,-2.000,-2.000,-1.414,-1.000,-1.000,1.000,1.414,2.236,3.162,4.123,5.099,5.385,4.472,3.606,2.828,2.236,1.414,1.000,-1.000,-1.414,-2.236,-2.828,-2.828,-2.236,-2.000,-1.414,-1.000,1.000,1.000,1.414,2.236,2.828,3.606,4.472,5.385,5.831,5.000,4.243,3.606,2.828,2.236,1.414,1.000,-1.000,-1.414,-2.236,-2.236,-1.414,-1.000,-1.000,1.000,1.414,2.000,2.236,2.828,3.606,4.243,5.000,5.831,6.403,5.657,5.000,4.243,3.606,2.828,2.236,1.414,1.000,-1.000,-1.414,-1.414,-1.000,1.000,1.000,1.414,2.236,2.828,3.162,3.606,4.243,5.000,5.657,6.403,7.071,6.403,5.657,5.000,4.243,3.606,2.828,2.236,1.414,1.000,-1.000,-1.000,1.000,1.414,2.000,2.236,2.828,3.606,4.123,4.472,5.000,5.657,6.403,7.071,7.810,7.071,6.403,5.657,5.000,4.243,3.606,2.828,2.236,1.414,1.000,1.000,1.414,2.236,2.828,3.162,3.606,4.243,5.000,5.385,5.831,6.403,7.071,7.810,8.485,7.810,7.071,6.403,5.657,5.000,4.243,3.606,2.828,2.236,2.000,2.000,2.236,2.828,3.606,4.123,4.472,5.000,5.657,6.325,6.708,7.211,7.810,8.485,9.220,8.485,7.810,7.071,6.403,5.657,5.000,4.243,3.606,3.162,3.000,3.000,3.162,3.606,4.243,5.000,5.385,5.831,6.403,7.071,7.616,8.062,8.602,9.220,9.899,9.220,8.485,7.810,7.071,6.403,5.657,5.000,4.472,4.123,4.000,4.000,4.123,4.472,5.000,5.657,6.325,6.708,7.211,7.810,8.485,8.944,9.434,10.000,10.630,9.899,9.220,8.485,7.810,7.071,6.403,5.831,5.385,5.099,5.000,5.000,5.099,5.385,5.831,6.403,7.071,7.616,8.062,8.602,9.220,9.849,10.296,10.817,11.314,10.630,9.899,9.220,8.485,7.810,7.211,6.708,6.325,6.083,6.000,6.000,6.083,6.325,6.708,7.211,7.810,8.485,8.944,9.434,10.000,10.630,11.180,11.662,12.042,11.314,10.630,9.899,9.220,8.602,8.062,7.616,7.280,7.071,7.000,7.000,7.071,7.280,7.616,8.062,8.602,9.220,9.849,10.296,10.817,11.402,12.042,12.530,0.5873,-0.2386
5.831,5.385,5.099,5.000,5.000,5.000,5.000,5.000,5.000,5.000,5.000,5.000,5.000,5.000,5.000,5.000,5.000,5.000,5.000,5.000,5.000,5.099,5.385,5.831,5.000,4.472,4.123,4.000,4.000,4.000,4.000,4.000,4.000,4.000,4.000,4.000,4.000,4.000,4.000,4.000,4.000,4.000,4.000,4.000,4.000,4.123,4.472,5.000,4.243,3.606,3.162,3.000,3.000,3.000,3.000,3.000,3.000,3.000,3.000,3.000,3.000,3.000,3.000,3.000,3.000,3.000,3.000,3.000,3.000,3.162,3.606,4.243,3.606,2.828,2.236,2.000,2.000,2.000,2.000,2.000,2.000,2.000,2.000,2.000,2.000,2.000,2.000,2.000,2.000,2.000,2.000,2.000,2.000,2.236,2.828,3.606,3.162,2.236,1.414,1.000,1.000,1.000,1.000,1.000,1.000,1.000,1.000,1.000,1.000,1.000,1.000,1.000,1.000,1.000,1.000,1.000,1.000,1.414,2.236,3.162,3.000,2.000,1.000,-1.000,-1.000,-1.000,-1.000,-1.000,-1.000,-1.000,-1.000,-1.000,-1.000,-1.000,-1.000,-1.000,-1.000,-1.000,-1.000,-1.000,-1.000,1.000,2.000,3.000,3.162,2.236,1.414,1.000,-1.000,-1.414,-2.000,-2.000,-2.000,-2.000,-2.000,-2.000,-2.000,-2.000,-2.000,-2.000,-2.000,-2.000,-2.000,-2.000,-1.000,1.000,2.000,3.000,3.606,2.828,2.236,1.414,1.000,-1.000,-1.414,-2.000,-2.236,-2.828,-3.000,-3.000,-3.000,-3.000,-3.000,-3.000,-3.000,-3.000,-3.000,-2.000,-1.000,1.000,2.000,3.000,4.243,3.606,2.828,2.236,1.414,1.000,-1.000,-1.000,-1.414,-2.236,-2.828,-3.606,-3.606,-3.162,-3.000,-3.000,-2.828,-2.236,-2.000,-2.000,-1.000,1.000,2.000,3.000,5.000,4.243,3.606,2.828,2.236,1.414,1.000,1.000,-1.000,-1.414,-2.236,-2.828,-2.828,-2.236,-2.000,-2.000,-2.000,-1.414,-1.000,-1.000,-1.000,1.000,2.000,3.000,5.657,5.000,4.243,3.606,2.828,2.236,2.000,1.414,1.000,-1.000,-1.414,-2.000,-2.000,-1.414,-1.000,-1.000,-1.000,-1.000,1.000,1.000,1.000,1.414,2.236,3.162,6.403,5.657,5.000,4.243,3.606,3.162,2.828,2.236,1.414,1.000,-1.000,-1.000,-1.000,-1.000,1.000,1.000,1.000,1.000,1.414,2.000,2.000,2.236,2.828,3.606,7.071,6.403,5.657,5.000,4.472,4.123,3.606,2.828,2.236,1.414,1.000,1.000,1.000,1.000,1.414,2.000,2.000,2.000,2.236,2.828,3.000,3.162,3.606,4.243,7.810,7.071,6.403,5.831,5.385,5.000,4.243,3.606,2.828,2.236,2.000,2.000,2.000,2.000,2.236,2.828,3.000,3.000,3.162,3.606,4.000,4.123,4.472,5.000,8.485,7.810,7.211,6.708,6.325,5.657,5.000,4.243,3.606,3.162,3.000,3.000,3.000,3.000,3.162,3.606,4.000,4.000,4.123,4.472,5.000,5.099,5.385,5.831,9.220,8.602,8.062,7.616,7.071,6.403,5.657,5.000,4.472,4.123,4.000,4.000,4.000,4.000,4.123,4.472,5.000,5.000,5.099,5.385,5.831,6.083,6.325,6.708,0.8311,-0.0158
5.000,4.472,4.123,4.000,4.000,4.000,4.000,4.000,4.000,4.000,4.000,4.000,4.000,4.000,4.000,4.000,4.000,4.000,4.000,4.000,4.000,4.000,4.123,4.472,4.243,3.606,3.162,3.000,3.000,3.000,3.000,3.000,3.000,3.000,3.000,3.000,3.000,3.000,3.000,3.000,3.000,3.000,3.000,3.000,3.000,3.000,3.162,3.606,3.606,2.828,2.236,2.000,2.000,2.000,2.000,2.000,2.000,2.000,2.000,2.000,2.000,2.000,2.000,2.000,2.000,2.000,2.000,2.000,2.000,2.000,2.236,2.828,3.162,2.236,1.414,1.000,1.000,1.000,1.000,1.000,1.000,1.000,1.000,1.000,1.000,1.000,1.000,1.000,1.000,1.000,1.000,1.000,1.000,1.000,1.414,2.236,3.000,2.000,1.000,-1.000,-1.000,-1.000,-1.000,-1.000,-1.000,-1.000,-1.000,-1.000,-1.000,-1.000,-1.000,-1.000,-1.000,-1.000,-1.000,-1.000,-1.000,-1.000,1.000,2.000,3.162,2.236,1.414,1.000,1.000,-1.000,-1.414,-2.000,-2.000,-2.000,-2.000,-2.000,-2.000,-2.000,-2.000,-1.414,-1.000,-1.000,-1.000,-1.000,1.000,1.000,1.414,2.236,3.606,2.828,2.236,2.000,1.414,1.000,-1.000,-1.000,-1.414,-2.236,-2.828,-2.828,-2.236,-1.414,-1.000,-1.000,1.000,1.000,1.000,1.000,1.414,2.000,2.236,2.828,4.243,3.606,3.162,2.828,2.236,1.414,1.000,1.000,-1.000,-1.414,-2.000,-2.000,-1.414,-1.000,1.000,1.000,1.414,2.000,2.000,2.000,2.236,2.828,3.162,3.606,5.000,4.472,4.123,3.606,2.828,2.236,2.000,1.414,1.000,-1.000,-1.000,-1.000,-1.000,1.000,1.414,2.000,2.236,2.828,3.000,3.000,3.162,3.606,4.123,4.472,5.831,5.385,5.000,4.243,3.606,3.162,2.828,2.236,1.414,1.000,1.000,1.000,1.000,1.414,2.236,2.828,3.162,3.606,4.000,4.000,4.123,4.472,5.000,5.385,6.708,6.325,5.657,5.000,4.472,4.123,3.606,2.828,2.236,2.000,2.000,2.000,2.000,2.236,2.828,3.606,4.123,4.472,5.000,5.000,5.099,5.385,5.831,6.325,7.616,7.071,6.403,5.831,5.385,5.000,4.243,3.606,3.162,3.000,3.000,3.000,3.000,3.162,3.606,4.243,5.000,5.385,5.831,6.000,6.083,6.325,6.708,7.211,8.485,7.810,7.211,6.708,6.325,5.657,5.000,4.472,4.123,4.000,4.000,4.000,4.000,4.123,4.472,5.000,5.657,6.325,6.708,7.000,7.071,7.280,7.616,8.062,9.220,8.602,8.062,7.616,7.071,6.403,5.831,5.385,5.099,5.000,5.000,5.000,5.000,5.099,5.385,5.831,6.403,7.071,7.616,8.000,8.062,8.246,8.544,8.944,10.000,9.434,8.944,8.485,7.810,7.211,6.708,6.325,6.083,6.000,6.000,6.000,6.000,6.083,6.325,6.708,7.211,7.810,8.485,8.944,9.055,9.220,9.487,9.849,10.817,10.296,9.849,9.220,8.602,8.062,7.616,7.280,7.071,7.000,7.000,7.000,7.000,7.071,7.280,7.616,8.062,8.602,9.220,9.849,10.050,10.198,10.440,10.770,0.6184,-0.0356
6.325,6.083,6.000,6.000,6.000,6.000,6.000,6.000,6.000,6.000,6.000,6.000,6.000,6.000,6.000,6.000,6.000,6.000,6.000,6.000,6.000,6.000,6.000,6.083,5.385,5.099,5.000,5.000,5.000,5.000,5.000,5.000,5.000,5.000,5.000,5.000,5.000,5.000,5.000,5.000,5.000,5.000,5.000,5.000,5.000,5.000,5.000,5.099,4.472,4.123,4.000,4.000,4.000,4.000,4.000,4.000,4.000,4.000,4.000,4.000,4.000,4.000,4.000,4.000,4.000,4.000,4.000,4.000,4.000,4.000,4.000,4.123,3.606,3.162,3.000,3.000,3.000,3.000,3.000,3.000,3.000,3.000,3.000,3.000,3.000,3.000,3.000,3.000,3.000,3.000,3.000,3.000,3.000,3.000,3.000,3.162,2.828,2.236,2.000,2.000,2.000,2.000,2.000,2.000,2.000,2.000,2.000,2.000,2.000,2.000,2.000,2.000,2.000,2.000,2.000,2.000,2.000,2.000,2.000,2.236,2.236,1.414,1.000,1.000,1.000,1.000,1.000,1.000,1.000,1.000,1.000,1.000,1.000,1.000,1.000,1.000,1.000,1.000,1.000,1.000,1.000,1.000,1.000,1.414,2.000,1.000,-1.000,-1.000,-1.000,-1.000,-1.000,-1.000,-1.000,-1.000,-1.000,-1.000,-1.000,-1.000,-1.000,-1.000,-1.000,-1.000,-1.000,-1.000,-1.000,-1.000,-1.000,1.000,2.236,1.414,1.000,1.000,-1.000,-1.414,-2.000,-2.000,-2.000,-2.000,-2.000,-2.000,-2.000,-2.000,-2.000,-2.000,-2.000,-2.000,-2.000,-2.000,-2.000,-2.000,-1.000,1.000,2.828,2.236,2.000,1.414,1.000,-1.000,-1.000,-1.414,-2.236,-2.828,-3.000,-3.000,-3.000,-3.000,-3.000,-2.828,-2.236,-2.000,-2.000,-2.000,-2.000,-1.414,-1.000,1.000,3.606,3.162,2.828,2.236,1.414,1.000,1.000,-1.000,-1.414,-2.236,-2.828,-3.606,-3.162,-2.828,-2.236,-2.000,-1.414,-1.000,-1.000,-1.000,-1.000,-1.000,1.000,1.414,4.472,4.123,3.606,2.828,2.236,2.000,1.414,1.000,-1.000,-1.414,-2.236,-2.828,-2.236,-2.000,-1.414,-1.000,-1.000,1.000,1.000,1.000,1.000,1.000,1.414,2.236,5.385,5.000,4.243,3.606,3.162,2.828,2.236,1.414,1.000,-1.000,-1.414,-2.000,-1.414,-1.000,-1.000,1.000,1.000,1.414,2.000,2.000,2.000,2.000,2.236,2.828,6.325,5.657,5.000,4.472,4.123,3.606,2.828,2.236,1.414,1.000,-1.000,-1.000,-1.000,1.000,1.000,1.414,2.000,2.236,2.828,3.000,3.000,3.000,3.162,3.606,7.071,6.403,5.831,5.385,5.000,4.243,3.606,2.828,2.236,1.414,1.000,1.000,1.000,1.414,2.000,2.236,2.828,3.162,3.606,4.000,4.000,4.000,4.123,4.472,7.810,7.211,6.708,6.325,5.657,5.000,4.243,3.606,2.828,2.236,2.000,2.000,2.000,2.236,2.828,3.162,3.606,4.123,4.472,5.000,5.000,5.000,5.099,5.385,8.602,8.062,7.616,7.071,6.403,5.657,5.000,4.243,3.606,3.162,3.000,3.000,3.000,3.162,3.606,4.123,4.472,5.000,5.385,5.831,6.000,6.000,6.083,6.325,0.8182,0.0575
4.243,3.606,3.162,3.000,3.000,3.000,3.000,3.000,3.000,3.000,3.000,3.000,3.000,3.000,3.000,3.000,3.000,3.000,3.000,3.000,3.000,3.162,3.606,4.243,3.606,2.828,2.236,2.000,2.000,2.000,2.000,2.000,2.000,2.000,2.000,2.000,2.000,2.000,2.000,2.000,2.000,2.000,2.000,2.000,2.000,2.236,2.828,3.606,3.162,2.236,1.414,1.000,1.000,1.000,1.000,1.000,1.000,1.000,1.000,1.000,1.000,1.000,1.000,1.000,1.000,1.000,1.000,1.000,1.000,1.414,2.236,3.162,3.000,2.000,1.000,-1.000,-1.000,-1.000,-1.000,-1.000,-1.000,-1.000,-1.000,-1.000,-1.000,-1.000,-1.000,-1.000,-1.000,-1.000,-1.000,-1.000,-1.000,1.000,2.000,3.000,3.162,2.236,1.414,1.000,-1.000,-1.414,-2.000,-2.000,-2.000,-2.000,-2.000,-2.000,-2.000,-2.000,-2.000,-2.000,-2.000,-2.000,-2.000,-2.000,-1.000,1.000,2.000,3.000,3.606,2.828,2.236,1.414,1.000,-1.000,-1.414,-2.236,-2.828,-3.000,-3.000,-3.000,-3.000,-3.000,-3.000,-3.000,-2.828,-2.236,-2.000,-2.000,-1.000,1.000,2.000,3.000,4.243,3.606,2.828,2.236,1.414,1.000,-1.000,-1.414,-2.236,-2.828,-3.606,-4.000,-3.606,-3.162,-2.828,-2.236,-2.000,-1.414,-1.000,-1.000,-1.000,1.000,2.000,3.000,5.000,4.243,3.606,2.828,2.236,1.414,1.000,-1.000,-1.414,-2.236,-2.828,-3.606,-2.828,-2.236,-2.000,-1.414,-1.000,-1.000,1.000,1.000,1.000,1.414,2.236,3.162,5.657,5.000,4.243,3.606,2.828,2.236,1.414,1.000,-1.000,-1.414,-2.236,-2.828,-2.236,-1.414,-1.000,-1.000,1.000,1.000,1.414,2.000,2.000,2.236,2.828,3.606,6.403,5.657,5.000,4.243,3.606,2.828,2.236,1.414,1.000,-1.000,-2.000,-2.236,-1.414,-1.000,1.000,1.000,1.414,2.000,2.236,2.828,3.000,3.162,3.606,4.243,7.071,6.403,5.657,5.000,4.243,3.606,2.828,2.000,1.000,-1.000,-1.414,-1.414,-1.000,1.000,1.414,2.000,2.236,2.828,3.162,3.606,4.000,4.123,4.472,5.000,7.810,7.071,6.403,5.657,5.000,4.123,3.162,2.236,1.414,1.000,-1.000,-1.000,1.000,1.414,2.236,2.828,3.162,3.606,4.123,4.472,5.000,5.099,5.385,5.831,8.485,7.810,7.071,6.325,5.385,4.472,3.606,2.828,2.236,1.414,1.000,1.000,1.414,2.236,2.828,3.606,4.123,4.472,5.000,5.385,5.831,6.083,6.325,6.708,9.220,8.485,7.616,6.708,5.831,5.000,4.243,3.606,2.828,2.236,2.000,2.000,2.236,2.828,3.606,4.243,5.000,5.385,5.831,6.325,6.708,7.071,7.280,7.616,9.849,8.944,8.062,7.211,6.403,5.657,5.000,4.243,3.606,3.162,3.000,3.000,3.162,3.606,4.243,5.000,5.657,6.325,6.708,7.211,7.616,8.062,8.246,8.544,10.296,9.434,8.602,7.810,7.071,6.403,5.657,5.000,4.472,4.123,4.000,4.000,4.123,4.472,5.000,5.657,6.403,7.071,7.616,8.062,8.544,8.944,9.220,9.487,0.8959,-0.1179
7.211,6.708,6.325,6.083,6.000,6.000,6.000,6.000,6.000,6.000,6.000,6.000,6.000,6.000,6.000,6.000,6.000,6.000,6.000,6.000,6.083,6.325,6.708,7.211,6.403,5.831,5.385,5.099,5.000,5.000,5.000,5.000,5.000,5.000,5.000,5.000,5.000,5.000,5.000,5.000,5.000,5.000,5.000,5.000,5.099,5.385,5.831,6.403,5.657,5.000,4.472,4.123,4.000,4.000,4.000,4.000,4.000,4.000,4.000,4.000,4.000,4.000,4.000,4.000,4.000,4.000,4.000,4.000,4.123,4.472,5.000,5.657,5.000,4.243,3.606,3.162,3.000,3.000,3.000,3.000,3.000,3.000,3.000,3.000,3.000,3.000,3.000,3.000,3.000,3.000,3.000,3.000,3.162,3.606,4.243,5.000,4.472,3.606,2.828,2.236,2.000,2.000,2.000,2.000,2.000,2.000,2.000,2.000,2.000,2.000,2.000,2.000,2.000,2.000,2.000,2.000,2.236,2.828,3.606,4.472,4.123,3.162,2.236,1.414,1.000,1.000,1.000,1.000,1.000,1.000,1.000,1.000,1.000,1.000,1.000,1.000,1.000,1.000,1.000,1.000,1.414,2.236,3.162,4.123,4.000,3.000,2.000,1.000,-1.000,-1.000,-1.000,-1.000,-1.000,-1.000,-1.000,-1.000,-1.000,-1.000,-1.000,-1.000,-1.000,-1.000,-1.000,-1.000,1.000,2.000,3.000,4.000,4.123,3.162,2.236,1.414,1.000,-1.000,-1.414,-2.000,-2.000,-2.000,-2.000,-2.000,-2.000,-2.000,-2.000,-2.000,-2.000,-1.414,-1.000,-1.000,1.000,2.000,3.000,4.000,4.472,3.606,2.828,2.236,1.414,1.000,-1.000,-2.000,-2.828,-3.000,-3.000,-3.000,-3.000,-3.000,-2.828,-2.236,-1.414,-1.000,1.000,1.000,1.414,2.236,3.162,4.123,5.000,4.243,3.606,2.828,2.000,1.000,-1.000,-1.414,-2.236,-2.828,-3.606,-4.000,-3.606,-2.828,-2.236,-1.414,-1.000,1.000,1.414,2.000,2.236,2.828,3.606,4.472,5.657,5.000,4.123,3.162,2.236,1.414,1.000,-1.000,-1.414,-2.236,-3.162,-3.606,-2.828,-2.236,-1.414,-1.000,1.000,1.414,2.236,2.828,3.162,3.606,4.243,5.000,6.325,5.385,4.472,3.606,2.828,2.236,1.414,1.000,-1.000,-2.000,-2.828,-3.162,-2.236,-1.414,-1.000,1.000,1.414,2.236,2.828,3.606,4.123,4.472,5.000,5.657,6.708,5.831,5.000,4.243,3.606,2.828,2.000,1.000,-1.000,-1.414,-2.236,-2.828,-2.000,-1.000,1.000,1.414,2.236,2.828,3.606,4.243,5.000,5.385,5.831,6.403,7.211,6.403,5.657,5.000,4.123,3.162,2.236,1.414,1.000,-1.000,-2.000,-2.236,-1.414,-1.000,1.000,2.000,2.828,3.606,4.243,5.000,5.657,6.325,6.708,7.211,7.810,7.071,6.325,5.385,4.472,3.606,2.828,2.000,1.000,-1.000,-2.000,-2.000,-1.000,1.000,1.414,2.236,3.162,4.123,5.000,5.657,6.403,7.071,7.616,8.062,8.485,7.616,6.708,5.831,5.000,4.000,3.000,2.000,1.000,-1.000,-2.000,-2.000,-1.000,1.000,2.000,2.828,3.606,4.472,5.385,6.325,7.071,7.810,8.485,8.944,0.9480,0.0763
5.385,5.099,5.000,5.000,5.000,5.000,5.000,5.000,5.000,5.000,5.000,5.000,5.000,5.000,5.000,5.000,5.000,5.000,5.000,5.000,5.000,5.000,5.099,5.385,4.472,4.123,4.000,4.000,4.000,4.000,4.000,4.000,4.000,4.000,4.000,4.000,4.000,4.000,4.000,4.000,4.000,4.000,4.000,4.000,4.000,4.000,4.123,4.472,3.606,3.162,3.000,3.000,3.000,3.000,3.000,3.000,3.000,3.000,3.000,3.000,3.000,3.000,3.000,3.000,3.000,3.000,3.000,3.000,3.000,3.000,3.162,3.606,2.828,2.236,2.000,2.000,2.000,2.000,2.000,2.000,2.000,2.000,2.000,2.000,2.000,2.000,2.000,2.000,2.000,2.000,2.000,2.000,2.000,2.000,2.236,2.828,2.236,1.414,1.000,1.000,1.000,1.000,1.000,1.000,1.000,1.000,1.000,1.000,1.000,1.000,1.000,1.000,1.000,1.000,1.000,1.000,1.000,1.000,1.414,2.236,2.000,1.000,-1.000,-1.000,-1.000,-1.000,-1.000,-1.000,-1.000,-1.000,-1.000,-1.000,-1.000,-1.000,-1.000,-1.000,-1.000,-1.000,-1.000,-1.000,-1.000,-1.000,1.000,2.000,2.236,1.414,1.000,-1.000,-1.414,-2.000,-2.000,-2.000,-2.000,-2.000,-2.000,-2.000,-2.000,-2.000,-2.000,-2.000,-2.000,-2.000,-2.000,-2.000,-2.000,-1.000,1.000,2.000,2.828,2.236,1.414,1.000,-1.000,-1.414,-2.236,-3.000,-3.000,-3.000,-3.000,-3.000,-3.000,-3.000,-3.000,-3.000,-3.000,-3.000,-3.000,-3.000,-2.000,-1.000,1.000,2.000,3.606,2.828,2.236,1.414,1.000,-1.000,-2.000,-2.236,-2.828,-3.606,-4.000,-4.000,-4.000,-4.000,-4.000,-4.000,-4.000,-4.000,-4.000,-3.000,-2.000,-1.000,1.000,2.000,4.243,3.606,2.828,2.000,1.000,-1.000,-1.000,-1.414,-2.236,-2.828,-3.162,-3.606,-4.000,-4.000,-4.000,-4.000,-4.000,-4.000,-4.000,-3.000,-2.000,-1.000,1.000,2.000,5.000,4.123,3.162,2.236,1.414,1.000,1.000,-1.000,-1.414,-2.000,-2.236,-2.828,-3.000,-3.000,-3.000,-3.000,-3.000,-3.000,-3.000,-3.000,-2.000,-1.000,1.000,2.000,5.385,4.472,3.606,2.828,2.236,2.000,1.414,1.000,-1.000,-1.000,-1.414,-2.000,-2.000,-2.000,-2.000,-2.000,-2.000,-2.000,-2.000,-2.000,-2.000,-1.000,1.000,2.000,5.831,5.000,4.243,3.606,3.162,2.828,2.236,1.414,1.000,1.000,-1.000,-1.000,-1.000,-1.000,-1.000,-1.000,-1.000,-1.000,-1.000,-1.000,-1.000,-1.000,1.000,2.000,6.403,5.657,5.000,4.472,4.123,3.606,2.828,2.236,2.000,1.414,1.000,1.000,1.000,1.000,1.000,1.000,1.000,1.000,1.000,1.000,1.000,1.000,1.414,2.236,7.071,6.403,5.831,5.385,5.000,4.243,3.606,3.162,2.828,2.236,2.000,2.000,2.000,2.000,2.000,2.000,2.000,2.000,2.000,2.000,2.000,2.000,2.236,2.828,7.810,7.211,6.708,6.325,5.657,5.000,4.472,4.123,3.606,3.162,3.000,3.000,3.000,3.000,3.000,3.000,3.000,3.000,3.000,3.000,3.000,3.000,3.162,3.606,1.0810,-0.0284
4.472,4.123,4.000,4.000,4.000,4.000,4.000,4.000,4.000,4.000,4.000,4.000,4.000,4.000,4.000,4.000,4.000,4.000,4.000,4.000,4.000,4.000,4.123,4.472,3.606,3.162,3.000,3.000,3.000,3.000,3.000,3.000,3.000,3.000,3.000,3.000,3.000,3.000,3.000,3.000,3.000,3.000,3.000,3.000,3.000,3.000,3.162,3.606,2.828,2.236,2.000,2.000,2.000,2.000,2.000,2.000,2.000,2.000,2.000,2.000,2.000,2.000,2.000,2.000,2.000,2.000,2.000,2.000,2.000,2.000,2.236,2.828,2.236,1.414,1.000,1.000,1.000,1.000,1.000,1.000,1.000,1.000,1.000,1.000,1.000,1.000,1.000,1.000,1.000,1.000,1.000,1.000,1.000,1.000,1.414,2.236,2.000,1.000,-1.000,-1.000,-1.000,-1.000,-1.000,-1.000,-1.000,-1.000,-1.000,-1.000,-1.000,-1.000,-1.000,-1.000,-1.000,-1.000,-1.000,-1.000,-1.000,-1.000,1.000,2.000,2.236,1.414,1.000,1.000,-1.000,-1.000,-1.414,-2.000,-2.000,-2.000,-2.000,-2.000,-2.000,-2.000,-2.000,-2.000,-2.000,-2.000,-2.000,-2.000,-2.000,-1.000,1.000,2.000,2.828,2.236,2.000,1.414,1.000,1.000,-1.000,-1.414,-2.236,-3.000,-3.000,-3.000,-3.000,-3.000,-2.828,-2.236,-2.000,-2.000,-1.414,-1.000,-1.000,-1.000,1.000,2.000,3.606,3.162,2.828,2.236,2.000,1.414,1.000,-1.000,-2.000,-2.828,-3.606,-4.000,-3.606,-2.828,-2.236,-1.414,-1.000,-1.000,-1.000,1.000,1.000,1.000,1.414,2.236,4.472,4.123,3.606,3.162,2.828,2.000,1.000,-1.000,-1.414,-2.236,-2.828,-3.606,-2.828,-2.236,-1.414,-1.000,1.000,1.000,1.000,1.414,2.000,2.000,2.236,2.828,5.385,5.000,4.472,4.123,3.162,2.236,1.414,1.000,-1.000,-1.414,-2.236,-2.828,-2.236,-1.414,-1.000,1.000,1.414,2.000,2.000,2.236,2.828,3.000,3.162,3.606,6.325,5.831,5.385,4.472,3.606,2.828,2.236,1.414,1.000,-1.000,-2.000,-2.236,-1.414,-1.000,1.000,1.414,2.236,2.828,3.000,3.162,3.606,4.000,4.123,4.472,7.211,6.708,5.831,5.000,4.243,3.606,2.828,2.000,1.000,-1.000,-1.000,-1.414,-1.000,1.000,1.414,2.236,2.828,3.606,4.000,4.123,4.472,5.000,5.099,5.385,8.062,7.211,6.403,5.657,5.000,4.123,3.162,2.236,1.414,1.000,1.000,-1.000,1.000,1.414,2.236,2.828,3.606,4.243,5.000,5.099,5.385,5.831,6.083,6.325,8.602,7.810,7.071,6.325,5.385,4.472,3.606,2.828,2.236,2.000,1.414,1.000,1.414,2.236,2.828,3.606,4.243,5.000,5.657,6.083,6.325,6.708,7.071,7.280,9.220,8.485,7.616,6.708,5.831,5.000,4.243,3.606,3.162,2.828,2.236,2.000,2.236,2.828,3.606,4.243,5.000,5.657,6.403,7.071,7.280,7.616,8.062,8.246,9.849,8.944,8.062,7.211,6.403,5.657,5.000,4.472,4.123,3.606,3.162,3.000,3.162,3.606,4.243,5.000,5.657,6.403,7.071,7.810,8.246,8.544,8.944,9.220,0.8485,0.0030
7.810,7.071,6.403,5.831,5.385,5.099,5.000,5.000,5.000,5.000,5.000,5.000,5.000,5.000,5.000,5.000,5.000,5.000,5.000,5.099,5.385,5.831,6.403,7.071,7.211,6.403,5.657,5.000,4.472,4.123,4.000,4.000,4.000,4.000,4.000,4.000,4.000,4.000,4.000,4.000,4.000,4.000,4.000,4.123,4.472,5.000,5.657,6.403,6.708,5.831,5.000,4.243,3.606,3.162,3.000,3.000,3.000,3.000,3.000,3.000,3.000,3.000,3.000,3.000,3.000,3.000,3.000,3.162,3.606,4.243,5.000,5.831,6.325,5.385,4.472,3.606,2.828,2.236,2.000,2.000,2.000,2.000,2.000,2.000,2.000,2.000,2.000,2.000,2.000,2.000,2.000,2.236,2.828,3.606,4.472,5.385,6.083,5.099,4.123,3.162,2.236,1.414,1.000,1.000,1.000,1.000,1.000,1.000,1.000,1.000,1.000,1.000,1.000,1.000,1.000,1.414,2.236,3.162,4.123,5.099,6.000,5.000,4.000,3.000,2.000,1.000,-1.000,-1.000,-1.000,-1.000,-1.000,-1.000,-1.000,-1.000,-1.000,-1.000,-1.000,-1.000,-1.000,1.000,2.000,3.000,4.000,5.000,6.083,5.099,4.123,3.162,2.236,1.414,1.000,-1.000,-2.000,-2.000,-2.000,-2.000,-2.000,-2.000,-2.000,-2.000,-2.000,-2.000,-1.000,1.000,2.000,3.000,4.000,5.000,6.325,5.385,4.472,3.606,2.828,2.000,1.000,-1.000,-1.414,-2.236,-2.828,-3.000,-3.000,-3.000,-3.000,-3.000,-3.000,-2.000,-1.000,1.000,2.000,3.000,4.000,5.000,6.708,5.831,5.000,4.123,3.162,2.236,1.414,1.000,-1.000,-1.414,-2.236,-2.828,-3.606,-3.162,-3.000,-2.828,-2.236,-2.000,-1.000,1.000,2.000,3.000,4.000,5.000,7.211,6.325,5.385,4.472,3.606,2.828,2.236,1.414,1.000,-1.000,-1.414,-2.236,-2.828,-2.236,-2.000,-2.000,-1.414,-1.000,-1.000,1.000,2.000,3.000,4.000,5.000,7.616,6.708,5.831,5.000,4.243,3.606,2.828,2.236,1.414,1.000,-1.000,-1.414,-2.000,-1.414,-1.000,-1.000,-1.000,1.000,1.000,1.414,2.236,3.162,4.123,5.099,8.062,7.211,6.403,5.657,5.000,4.243,3.606,2.828,2.236,1.414,1.000,-1.000,-1.000,-1.000,1.000,1.000,1.000,1.414,2.000,2.236,2.828,3.606,4.472,5.385,8.602,7.810,7.071,6.403,5.657,5.000,4.243,3.606,2.828,2.236,1.414,1.000,1.000,1.000,1.414,2.000,2.000,2.236,2.828,3.162,3.606,4.243,5.000,5.831,9.220,8.485,7.810,7.071,6.403,5.657,5.000,4.243,3.606,2.828,2.236,2.000,2.000,2.000,2.236,2.828,3.000,3.162,3.606,4.123,4.472,5.000,5.657,6.403,9.899,9.220,8.485,7.810,7.071,6.403,5.657,5.000,4.243,3.606,3.162,3.000,3.000,3.000,3.162,3.606,4.000,4.123,4.472,5.000,5.385,5.831,6.403,7.071,10.630,9.899,9.220,8.485,7.810,7.071,6.403,5.657,5.000,4.472,4.123,4.000,4.000,4.000,4.123,4.472,5.000,5.099,5.385,5.831,6.325,6.708,7.211,7.810,0.8878,-0.0618
7.810,7.211,6.708,6.325,6.083,6.000,6.000,6.000,6.000,6.000,6.000,6.000,6.000,6.000,6.000,6.000,6.000,6.000,6.000,6.083,6.325,6.708,7.211,7.810,7.071,6.403,5.831,5.385,5.099,5.000,5.000,5.000,5.000,5.000,5.000,5.000,5.000,5.000,5.000,5.000,5.000,5.000,5.000,5.099,5.385,5.831,6.403,7.071,6.403,5.657,5.000,4.472,4.123,4.000,4.000,4.000,4.000,4.000,4.000,4.000,4.000,4.000,4.000,4.000,4.000,4.000,4.000,4.123,4.472,5.000,5.657,6.403,5.831,5.000,4.243,3.606,3.162,3.000,3.000,3.000,3.000,3.000,3.000,3.000,3.000,3.000,3.000,3.000,3.000,3.000,3.000,3.162,3.606,4.243,5.000,5.831,5.385,4.472,3.606,2.828,2.236,2.000,2.000,2.000,2.000,2.000,2.000,2.000,2.000,2.000,2.000,2.000,2.000,2.000,2.000,2.236,2.828,3.606,4.472,5.385,5.099,4.123,3.162,2.236,1.414,1.000,1.000,1.000,1.000,1.000,1.000,1.000,1.000,1.000,1.000,1.000,1.000,1.000,1.000,1.414,2.236,3.162,4.123,5.099,5.000,4.000,3.000,2.000,1.000,-1.000,-1.000,-1.000,-1.000,-1.000,-1.000,-1.000,-1.000,-1.000,-1.000,-1.000,-1.000,-1.000,-1.000,1.000,2.000,3.000,4.000,5.000,5.099,4.123,3.162,2.236,1.414,1.000,-1.000,-1.000,-1.414,-2.000,-2.000,-2.000,-2.000,-2.000,-2.000,-1.414,-1.000,-1.000,-1.000,1.000,2.000,3.000,4.000,5.000,5.385,4.472,3.606,2.828,2.236,1.414,1.000,1.000,-1.000,-1.000,-1.414,-2.000,-1.414,-1.000,-1.000,-1.000,1.000,1.000,1.000,1.414,2.236,3.162,4.123,5.099,5.831,5.000,4.243,3.606,2.828,2.236,2.000,1.414,1.000,1.000,-1.000,-1.000,-1.000,1.000,1.000,1.000,1.414,2.000,2.000,2.236,2.828,3.606,4.472,5.385,6.403,5.657,5.000,4.243,3.606,3.162,2.828,2.236,2.000,1.414,1.000,1.000,1.000,1.414,2.000,2.000,2.236,2.828,3.000,3.162,3.606,4.243,5.000,5.831,7.071,6.403,5.657,5.000,4.472,4.123,3.606,3.162,2.828,2.236,2.000,2.000,2.000,2.236,2.828,3.000,3.162,3.606,4.000,4.123,4.472,5.000,5.657,6.403,7.810,7.071,6.403,5.831,5.385,5.000,4.472,4.123,3.606,3.162,3.000,3.000,3.000,3.162,3.606,4.000,4.123,4.472,5.000,5.099,5.385,5.831,6.403,7.071,8.485,7.810,7.211,6.708,6.325,5.831,5.385,5.000,4.472,4.123,4.000,4.000,4.000,4.123,4.472,5.000,5.099,5.385,5.831,6.083,6.325,6.708,7.211,7.810,9.220,8.602,8.062,7.616,7.211,6.708,6.325,5.831,5.385,5.099,5.000,5.000,5.000,5.099,5.385,5.831,6.083,6.325,6.708,7.071,7.280,7.616,8.062,8.602,10.000,9.434,8.944,8.544,8.062,7.616,7.211,6.708,6.325,6.083,6.000,6.000,6.000,6.083,6.325,6.708,7.071,7.280,7.616,8.062,8.246,8.544,8.944,9.434,0.5646,-0.0127
7.071,6.403,5.831,5.385,5.099,5.000,5.000,5.000,5.000,5.000,5.000,5.000,5.000,5.000,5.000,5.000,5.000,5.000,5.000,5.000,5.099,5.385,5.831,6.403,6.403,5.657,5.000,4.472,4.123,4.000,4.000,4.000,4.000,4.000,4.000,4.000,4.000,4.000,4.000,4.000,4.000,4.000,4.000,4.000,4.123,4.472,5.000,5.657,5.831,5.000,4.243,3.606,3.162,3.000,3.000,3.000,3.000,3.000,3.000,3.000,3.000,3.000,3.000,3.000,3.000,3.000,3.000,3.000,3.162,3.606,4.243,5.000,5.385,4.472,3.606,2.828,2.236,2.000,2.000,2.000,2.000,2.000,2.000,2.000,2.000,2.000,2.000,2.000,2.000,2.000,2.000,2.000,2.236,2.828,3.606,4.472,5.099,4.123,3.162,2.236,1.414,1.000,1.000,1.000,1.000,1.000,1.000,1.000,1.000,1.000,1.000,1.000,1.000,1.000,1.000,1.000,1.414,2.236,3.162,4.123,5.000,4.000,3.000,2.000,1.000,-1.000,-1.000,-1.000,-1.000,-1.000,-1.000,-1.000,-1.000,-1.000,-1.000,-1.000,-1.000,-1.000,-1.000,-1.000,1.000,2.000,3.000,4.000,5.099,4.123,3.162,2.236,1.414,1.000,1.000,-1.000,-1.414,-2.000,-2.000,-2.000,-2.000,-2.000,-2.000,-2.000,-1.414,-1.000,-1.000,1.000,1.414,2.236,3.162,4.123,5.385,4.472,3.606,2.828,2.236,2.000,1.414,1.000,-1.000,-1.414,-2.236,-3.000,-2.828,-2.236,-1.414,-1.000,-1.000,1.000,1.000,1.414,2.236,2.828,3.606,4.472,5.831,5.000,4.243,3.606,3.162,2.828,2.236,1.414,1.000,-1.000,-2.000,-2.828,-2.236,-1.414,-1.000,1.000,1.000,1.414,2.000,2.236,2.828,3.606,4.243,5.000,6.403,5.657,5.000,4.472,4.123,3.606,2.828,2.000,1.000,-1.000,-1.414,-2.236,-1.414,-1.000,1.000,1.414,2.000,2.236,2.828,3.162,3.606,4.243,5.000,5.657,7.071,6.403,5.831,5.385,5.000,4.123,3.162,2.236,1.414,1.000,-1.000,-1.414,-1.000,1.000,1.414,2.236,2.828,3.162,3.606,4.123,4.472,5.000,5.657,6.403,7.810,7.211,6.708,6.325,5.385,4.472,3.606,2.828,2.236,1.414,1.000,-1.000,1.000,1.414,2.236,2.828,3.606,4.123,4.472,5.000,5.385,5.831,6.403,7.071,8.602,8.062,7.616,6.708,5.831,5.000,4.243,3.606,2.828,2.236,1.414,1.000,1.414,2.236,2.828,3.606,4.243,5.000,5.385,5.831,6.325,6.708,7.211,7.810,9.434,8.944,8.062,7.211,6.403,5.657,5.000,4.243,3.606,2.828,2.236,2.000,2.236,2.828,3.606,4.243,5.000,5.657,6.325,6.708,7.211,7.616,8.062,8.602,10.296,9.434,8.602,7.810,7.071,6.403,5.657,5.000,4.243,3.606,3.162,3.000,3.162,3.606,4.243,5.000,5.657,6.403,7.071,7.616,8.062,8.544,8.944,9.434,10.817,10.000,9.220,8.485,7.810,7.071,6.403,5.657,5.000,4.472,4.123,4.000,4.123,4.472,5.000,5.657,6.403,7.071,7.810,8.485,8.944,9.434,9.849,10.296,0.7279,0.0678
7.211,6.708,6.325,6.083,6.000,6.000,6.000,6.000,6.000,6.000,6.000,6.000,6.000,6.000,6.000,6.000,6.000,6.000,6.000,6.000,6.083,6.325,6.708,7.211,6.403,5.831,5.385,5.099,5.000,5.000,5.000,5.000,5.000,5.000,5.000,5.000,5.000,5.000,5.000,5.000,5.000,5.000,5.000,5.000,5.099,5.385,5.831,6.403,5.657,5.000,4.472,4.123,4.000,4.000,4.000,4.000,4.000,4.000,4.000,4.000,4.000,4.000,4.000,4.000,4.000,4.000,4.000,4.000,4.123,4.472,5.000,5.657,5.000,4.243,3.606,3.162,3.000,3.000,3.000,3.000,3.000,3.000,3.000,3.000,3.000,3.000,3.000,3.000,3.000,3.000,3.000,3.000,3.162,3.606,4.243,5.000,4.472,3.606,2.828,2.236,2.000,2.000,2.000,2.000,2.000,2.000,2.000,2.000,2.000,2.000,2.000,2.000,2.000,2.000,2.000,2.000,2.236,2.828,3.606,4.472,4.123,3.162,2.236,1.414,1.000,1.000,1.000,1.000,1.000,1.000,1.000,1.000,1.000,1.000,1.000,1.000,1.000,1.000,1.000,1.000,1.414,2.236,3.162,4.123,4.000,3.000,2.000,1.000,-1.000,-1.000,-1.000,-1.000,-1.000,-1.000,-1.000,-1.000,-1.000,-1.000,-1.000,-1.000,-1.000,-1.000,-1.000,-1.000,1.000,2.000,3.000,4.000,4.123,3.162,2.236,1.414,1.000,-1.000,-1.414,-2.000,-2.000,-2.000,-2.000,-2.000,-2.000,-2.000,-2.000,-2.000,-2.000,-2.000,-2.000,-1.000,1.000,2.000,3.000,4.000,4.472,3.606,2.828,2.236,1.414,1.000,-1.000,-1.414,-2.236,-2.828,-3.000,-3.000,-3.000,-3.000,-3.000,-3.000,-3.000,-2.828,-2.000,-1.000,1.000,2.000,3.000,4.000,5.000,4.243,3.606,2.828,2.236,1.414,1.000,-1.000,-1.414,-2.236,-2.828,-3.606,-3.606,-3.162,-2.828,-2.236,-2.000,-2.000,-1.414,-1.000,1.000,2.000,3.000,4.000,5.657,5.000,4.243,3.606,2.828,2.236,1.414,1.000,-1.000,-1.414,-2.236,-2.828,-2.828,-2.236,-2.000,-1.414,-1.000,-1.000,-1.000,1.000,1.414,2.236,3.162,4.123,6.403,5.657,5.000,4.243,3.606,2.828,2.236,1.414,1.000,-1.000,-1.414,-2.000,-2.000,-1.414,-1.000,-1.000,1.000,1.000,1.000,1.414,2.236,2.828,3.606,4.472,7.071,6.403,5.657,5.000,4.243,3.606,2.828,2.236,1.414,1.000,-1.000,-1.000,-1.000,-1.000,1.000,1.000,1.414,2.000,2.000,2.236,2.828,3.606,4.243,5.000,7.810,7.071,6.403,5.657,5.000,4.243,3.606,2.828,2.236,1.414,1.000,1.000,1.000,1.000,1.414,2.000,2.236,2.828,3.000,3.162,3.606,4.243,5.000,5.657,8.485,7.810,7.071,6.403,5.657,5.000,4.243,3.606,2.828,2.236,2.000,2.000,2.000,2.000,2.236,2.828,3.162,3.606,4.000,4.123,4.472,5.000,5.657,6.403,9.220,8.485,7.810,7.071,6.403,5.657,5.000,4.243,3.606,3.162,3.000,3.000,3.000,3.000,3.162,3.606,4.123,4.472,5.000,5.099,5.385,5.831,6.403,7.071,0.8476,0.0084
5.657,5.000,4.472,4.123,4.000,4.000,4.000,4.000,4.000,4.000,4.000,4.000,4.000,4.000,4.000,4.000,4.000,4.000,4.000,4.000,4.000,4.123,4.472,5.000,5.000,4.243,3.606,3.162,3.000,3.000,3.000,3.000,3.000,3.000,3.000,3.000,3.000,3.000,3.000,3.000,3.000,3.000,3.000,3.000,3.000,3.162,3.606,4.243,4.472,3.606,2.828,2.236,2.000,2.000,2.000,2.000,2.000,2.000,2.000,2.000,2.000,2.000,2.000,2.000,2.000,2.000,2.000,2.000,2.000,2.236,2.828,3.606,4.123,3.162,2.236,1.414,1.000,1.000,1.000,1.000,1.000,1.000,1.000,1.000,1.000,1.000,1.000,1.000,1.000,1.000,1.000,1.000,1.000,1.414,2.236,3.162,4.000,3.000,2.000,1.000,-1.000,-1.000,-1.000,-1.000,-1.000,-1.000,-1.000,-1.000,-1.000,-1.000,-1.000,-1.000,-1.000,-1.000,-1.000,-1.000,-1.000,1.000,2.000,3.000,4.123,3.162,2.236,1.414,1.000,-1.000,-1.000,-1.414,-2.000,-2.000,-2.000,-2.000,-2.000,-2.000,-2.000,-2.000,-2.000,-1.414,-1.000,-1.000,-1.000,1.000,2.000,3.000,4.472,3.606,2.828,2.236,1.414,1.000,1.000,-1.000,-1.414,-2.236,-3.000,-3.000,-2.828,-2.236,-2.000,-1.414,-1.000,-1.000,1.000,1.000,1.000,1.414,2.236,3.162,5.000,4.243,3.606,2.828,2.236,2.000,1.414,1.000,-1.000,-2.000,-2.828,-3.162,-2.236,-1.414,-1.000,-1.000,1.000,1.000,1.414,2.000,2.000,2.236,2.828,3.606,5.657,5.000,4.243,3.606,3.162,2.828,2.000,1.000,-1.000,-1.414,-2.236,-2.828,-2.000,-1.000,1.000,1.000,1.414,2.000,2.236,2.828,3.000,3.162,3.606,4.243,6.403,5.657,5.000,4.472,4.123,3.162,2.236,1.414,1.000,-1.000,-1.414,-2.236,-1.414,-1.000,1.000,2.000,2.236,2.828,3.162,3.606,4.000,4.123,4.472,5.000,7.071,6.403,5.831,5.385,4.472,3.606,2.828,2.236,1.414,1.000,-1.000,-1.414,-1.000,1.000,1.414,2.236,3.162,3.606,4.123,4.472,5.000,5.099,5.385,5.831,7.810,7.211,6.708,5.831,5.000,4.243,3.606,2.828,2.236,1.414,1.000,-1.000,1.000,1.414,2.236,2.828,3.606,4.472,5.000,5.385,5.831,6.083,6.325,6.708,8.602,8.062,7.211,6.403,5.657,5.000,4.243,3.606,2.828,2.236,1.414,1.000,1.414,2.236,2.828,3.606,4.243,5.000,5.831,6.325,6.708,7.071,7.280,7.616,9.434,8.602,7.810,7.071,6.403,5.657,5.000,4.243,3.606,2.828,2.236,2.000,2.236,2.828,3.606,4.243,5.000,5.657,6.403,7.211,7.616,8.062,8.246,8.544,10.000,9.220,8.485,7.810,7.071,6.403,5.657,5.000,4.243,3.606,3.162,3.000,3.162,3.606,4.243,5.000,5.657,6.403,7.071,7.810,8.544,8.944,9.220,9.487,10.630,9.899,9.220,8.485,7.810,7.071,6.403,5.657,5.000,4.472,4.123,4.000,4.123,4.472,5.000,5.657,6.403,7.071,7.810,8.485,9.220,9.849,10.198,10.440,0.8880,-0.0022
7.071,6.403,5.831,5.385,5.099,5.000,5.000,5.000,5.000,5.000,5.000,5.000,5.000,5.000,5.000,5.000,5.000,5.000,5.000,5.000,5.099,5.385,5.831,6.403,6.403,5.657,5.000,4.472,4.123,4.000,4.000,4.000,4.000,4.000,4.000,4.000,4.000,4.000,4.000,4.000,4.000,4.000,4.000,4.000,4.123,4.472,5.000,5.657,5.831,5.000,4.243,3.606,3.162,3.000,3.000,3.000,3.000,3.000,3.000,3.000,3.000,3.000,3.000,3.000,3.000,3.000,3.000,3.000,3.162,3.606,4.243,5.000,5.385,4.472,3.606,2.828,2.236,2.000,2.000,2.000,2.000,2.000,2.000,2.000,2.000,2.000,2.000,2.000,2.000,2.000,2.000,2.000,2.236,2.828,3.606,4.472,5.099,4.123,3.162,2.236,1.414,1.000,1.000,1.000,1.000,1.000,1.000,1.000,1.000,1.000,1.000,1.000,1.000,1.000,1.000,1.000,1.414,2.236,3.162,4.123,5.000,4.000,3.000,2.000,1.000,-1.000,-1.000,-1.000,-1.000,-1.000,-1.000,-1.000,-1.000,-1.000,-1.000,-1.000,-1.000,-1.000,-1.000,-1.000,1.000,2.000,3.000,4.000,5.000,4.000,3.000,2.000,1.000,-1.000,-1.414,-2.000,-2.000,-2.000,-2.000,-2.000,-2.000,-2.000,-2.000,-2.000,-2.000,-2.000,-1.414,-1.000,1.000,2.000,3.000,4.000,5.099,4.123,3.162,2.236,1.414,1.000,-1.000,-1.414,-2.236,-2.828,-3.000,-3.000,-3.000,-2.828,-2.236,-2.000,-1.414,-1.000,-1.000,1.000,1.414,2.236,3.162,4.123,5.385,4.472,3.606,2.828,2.236,1.414,1.000,-1.000,-1.414,-2.000,-2.000,-2.236,-2.000,-2.000,-1.414,-1.000,-1.000,1.000,1.000,1.414,2.236,2.828,3.606,4.472,5.831,5.000,4.243,3.606,2.828,2.236,1.414,1.000,-1.000,-1.000,-1.000,-1.414,-1.000,-1.000,-1.000,1.000,1.000,1.414,2.000,2.236,2.828,3.606,4.243,5.000,6.403,5.657,5.000,4.243,3.606,2.828,2.236,1.414,1.000,1.000,1.000,-1.000,1.000,1.000,1.000,1.414,2.000,2.236,2.828,3.162,3.606,4.243,5.000,5.657,7.071,6.403,5.657,5.000,4.243,3.606,2.828,2.236,2.000,2.000,1.414,1.000,1.414,2.000,2.000,2.236,2.828,3.162,3.606,4.123,4.472,5.000,5.657,6.403,7.810,7.071,6.403,5.657,5.000,4.243,3.606,3.162,3.000,2.828,2.236,2.000,2.236,2.828,3.000,3.162,3.606,4.123,4.472,5.000,5.385,5.831,6.403,7.071,8.485,7.810,7.071,6.403,5.657,5.000,4.472,4.123,4.000,3.606,3.162,3.000,3.162,3.606,4.000,4.123,4.472,5.000,5.385,5.831,6.325,6.708,7.211,7.810,9.220,8.485,7.810,7.071,6.403,5.831,5.385,5.099,5.000,4.472,4.123,4.000,4.123,4.472,5.000,5.099,5.385,5.831,6.325,6.708,7.211,7.616,8.062,8.602,9.899,9.220,8.485,7.810,7.211,6.708,6.325,6.083,5.831,5.385,5.099,5.000,5.099,5.385,5.831,6.083,6.325,6.708,7.211,7.616,8.062,8.544,8.944,9.434,0.5932,-0.1298
6.403,5.831,5.385,5.099,5.000,5.000,5.000,5.000,5.000,5.000,5.000,5.000,5.000,5.000,5.000,5.000,5.000,5.000,5.000,5.000,5.099,5.385,5.831,6.403,5.657,5.000,4.472,4.123,4.000,4.000,4.000,4.000,4.000,4.000,4.000,4.000,4.000,4.000,4.000,4.000,4.000,4.000,4.000,4.000,4.123,4.472,5.000,5.657,5.000,4.243,3.606,3.162,3.000,3.000,3.000,3.000,3.000,3.000,3.000,3.000,3.000,3.000,3.000,3.000,3.000,3.000,3.000,3.000,3.162,3.606,4.243,5.000,4.472,3.606,2.828,2.236,2.000,2.000,2.000,2.000,2.000,2.000,2.000,2.000,2.000,2.000,2.000,2.000,2.000,2.000,2.000,2.000,2.236,2.828,3.606,4.472,4.123,3.162,2.236,1.414,1.000,1.000,1.000,1.000,1.000,1.000,1.000,1.000,1.000,1.000,1.000,1.000,1.000,1.000,1.000,1.000,1.414,2.236,3.162,4.123,4.000,3.000,2.000,1.000,-1.000,-1.000,-1.000,-1.000,-1.000,-1.000,-1.000,-1.000,-1.000,-1.000,-1.000,-1.000,-1.000,-1.000,-1.000,-1.000,1.000,2.000,3.000,4.000,4.123,3.162,2.236,1.414,1.000,-1.000,-1.414,-2.000,-2.000,-2.000,-2.000,-2.000,-2.000,-2.000,-2.000,-2.000,-2.000,-2.000,-2.000,-1.000,1.000,2.000,3.000,4.000,4.472,3.606,2.828,2.236,1.414,1.000,-1.000,-2.000,-2.828,-3.000,-3.000,-3.000,-3.000,-3.000,-3.000,-3.000,-3.000,-3.000,-2.000,-1.000,1.000,2.000,3.000,4.000,5.000,4.243,3.606,2.828,2.000,1.000,-1.000,-1.414,-2.236,-2.828,-3.606,-4.000,-4.000,-4.000,-4.000,-3.606,-3.162,-3.000,-2.000,-1.000,1.000,2.000,3.000,4.000,5.657,5.000,4.123,3.162,2.236,1.414,1.000,-1.000,-1.414,-2.236,-3.162,-4.123,-4.243,-3.606,-3.162,-2.828,-2.236,-2.000,-2.000,-1.000,1.000,2.000,3.000,4.000,6.325,5.385,4.472,3.606,2.828,2.236,1.414,1.000,-1.000,-2.000,-2.828,-3.606,-3.606,-2.828,-2.236,-2.000,-1.414,-1.000,-1.000,-1.000,1.000,2.000,3.000,4.000,6.708,5.831,5.000,4.243,3.606,2.828,2.000,1.000,-1.000,-1.414,-2.236,-3.162,-2.828,-2.236,-1.414,-1.000,-1.000,1.000,1.000,1.000,1.414,2.236,3.162,4.123,7.211,6.403,5.657,5.000,4.123,3.162,2.236,1.414,1.000,-1.000,-2.000,-2.828,-2.236,-1.414,-1.000,1.000,1.000,1.414,2.000,2.000,2.236,2.828,3.606,4.472,7.810,7.071,6.325,5.385,4.472,3.606,2.828,2.000,1.000,-1.000,-1.414,-2.236,-2.000,-1.000,1.000,1.414,2.000,2.236,2.828,3.000,3.162,3.606,4.243,5.000,8.485,7.616,6.708,5.831,5.000,4.123,3.162,2.236,1.414,1.000,-1.000,-2.000,-1.414,-1.000,1.000,2.000,2.828,3.162,3.606,4.000,4.123,4.472,5.000,5.657,8.944,8.062,7.211,6.325,5.385,4.472,3.606,2.828,2.000,1.000,-1.000,-2.000,-1.000,1.000,1.414,2.236,3.162,4.123,4.472,5.000,5.099,5.385,5.831,6.403,1.0730,0.0247
5.000,4.472,4.123,4.000,4.000,4.000,4.000,4.000,4.000,4.000,4.000,4.000,4.000,4.000,4.000,4.000,4.000,4.000,4.000,4.000,4.000,4.000,4.123,4.472,4.243,3.606,3.162,3.000,3.000,3.000,3.000,3.000,3.000,3.000,3.000,3.000,3.000,3.000,3.000,3.000,3.000,3.000,3.000,3.000,3.000,3.000,3.162,3.606,3.606,2.828,2.236,2.000,2.000,2.000,2.000,2.000,2.000,2.000,2.000,2.000,2.000,2.000,2.000,2.000,2.000,2.000,2.000,2.000,2.000,2.000,2.236,2.828,3.162,2.236,1.414,1.000,1.000,1.000,1.000,1.000,1.000,1.000,1.000,1.000,1.000,1.000,1.000,1.000,1.000,1.000,1.000,1.000,1.000,1.000,1.414,2.236,3.000,2.000,1.000,-1.000,-1.000,-1.000,-1.000,-1.000,-1.000,-1.000,-1.000,-1.000,-1.000,-1.000,-1.000,-1.000,-1.000,-1.000,-1.000,-1.000,-1.000,-1.000,1.000,2.000,3.162,2.236,1.414,1.000,-1.000,-2.000,-2.000,-2.000,-2.000,-2.000,-2.000,-2.000,-2.000,-2.000,-2.000,-2.000,-2.000,-2.000,-1.414,-1.000,-1.000,1.000,1.414,2.236,3.606,2.828,2.000,1.000,-1.000,-1.414,-2.236,-2.828,-3.000,-3.000,-3.000,-3.000,-3.000,-3.000,-3.000,-2.828,-2.236,-1.414,-1.000,1.000,1.000,1.414,2.236,2.828,4.123,3.162,2.236,1.414,1.000,-1.000,-1.414,-2.236,-2.828,-3.606,-4.000,-4.000,-4.000,-3.606,-2.828,-2.236,-1.414,-1.000,1.000,1.414,2.000,2.236,2.828,3.606,4.472,3.606,2.828,2.236,1.414,1.000,-1.000,-1.414,-2.236,-3.162,-4.123,-4.243,-3.606,-2.828,-2.236,-1.414,-1.000,1.000,1.414,2.236,2.828,3.162,3.606,4.243,5.000,4.243,3.606,2.828,2.236,1.414,1.000,-1.000,-2.000,-2.828,-3.606,-3.606,-2.828,-2.236,-1.414,-1.000,1.000,1.414,2.236,2.828,3.606,4.123,4.472,5.000,5.657,5.000,4.243,3.606,2.828,2.000,1.000,-1.000,-1.414,-2.236,-3.162,-3.162,-2.236,-1.414,-1.000,1.000,1.414,2.236,2.828,3.606,4.243,5.000,5.385,5.831,6.403,5.657,5.000,4.123,3.162,2.236,1.414,1.000,-1.000,-2.000,-2.828,-2.828,-2.000,-1.000,1.000,1.414,2.236,2.828,3.606,4.243,5.000,5.657,6.325,6.708,7.071,6.325,5.385,4.472,3.606,2.828,2.000,1.000,-1.000,-1.414,-2.236,-2.236,-1.414,-1.000,1.000,2.000,2.828,3.606,4.243,5.000,5.657,6.403,7.071,7.616,7.616,6.708,5.831,5.000,4.123,3.162,2.236,1.414,1.000,-1.000,-1.414,-1.414,-1.000,1.000,1.414,2.236,3.162,4.123,5.000,5.657,6.403,7.071,7.810,8.485,8.062,7.211,6.325,5.385,4.472,3.606,2.828,2.236,1.414,1.000,-1.000,-1.000,1.000,1.414,2.236,2.828,3.606,4.472,5.385,6.325,7.071,7.810,8.485,9.220,8.544,7.616,6.708,5.831,5.000,4.243,3.606,2.828,2.236,1.414,1.000,1.000,1.414,2.236,2.828,3.606,4.243,5.000,5.831,6.708,7.616,8.485,9.220,9.899,0.8805,-0.1081
4.243,3.606,3.162,3.000,3.000,3.000,3.000,3.000,3.000,3.000,3.000,3.000,3.000,3.000,3.000,3.000,3.000,3.000,3.000,3.000,3.000,3.000,3.162,3.606,3.606,2.828,2.236,2.000,2.000,2.000,2.000,2.000,2.000,2.000,2.000,2.000,2.000,2.000,2.000,2.000,2.000,2.000,2.000,2.000,2.000,2.000,2.236,2.828,3.162,2.236,1.414,1.000,1.000,1.000,1.000,1.000,1.000,1.000,1.000,1.000,1.000,1.000,1.000,1.000,1.000,1.000,1.000,1.000,1.000,1.000,1.414,2.236,3.000,2.000,1.000,-1.000,-1.000,-1.000,-1.000,-1.000,-1.000,-1.000,-1.000,-1.000,-1.000,-1.000,-1.000,-1.000,-1.000,-1.000,-1.000,-1.000,-1.000,-1.000,1.000,2.000,3.162,2.236,1.414,1.000,1.000,1.000,-1.000,-1.000,-1.000,-1.414,-2.000,-2.000,-2.000,-2.000,-1.414,-1.000,-1.000,-1.000,-1.000,-1.000,1.000,1.000,1.414,2.236,3.606,2.828,2.236,2.000,2.000,1.414,1.000,1.000,1.000,-1.000,-1.000,-1.000,-1.000,-1.000,-1.000,1.000,1.000,1.000,1.000,1.000,1.414,2.000,2.236,2.828,4.243,3.606,3.162,3.000,2.828,2.236,2.000,2.000,1.414,1.000,1.000,1.000,1.000,1.000,1.000,1.414,2.000,2.000,2.000,2.000,2.236,2.828,3.162,3.606,5.000,4.472,4.123,4.000,3.606,3.162,3.000,2.828,2.236,2.000,2.000,2.000,2.000,2.000,2.000,2.236,2.828,3.000,3.000,3.000,3.162,3.606,4.123,4.472,5.831,5.385,5.099,5.000,4.472,4.123,4.000,3.606,3.162,3.000,3.000,3.000,3.000,3.000,3.000,3.162,3.606,4.000,4.000,4.000,4.123,4.472,5.000,5.385,6.708,6.325,6.083,5.831,5.385,5.099,5.000,4.472,4.123,4.000,4.000,4.000,4.000,4.000,4.000,4.123,4.472,5.000,5.000,5.000,5.099,5.385,5.831,6.325,7.616,7.280,7.071,6.708,6.325,6.083,5.831,5.385,5.099,5.000,5.000,5.000,5.000,5.000,5.000,5.099,5.385,5.831,6.000,6.000,6.083,6.325,6.708,7.211,8.544,8.246,8.062,7.616,7.280,7.071,6.708,6.325,6.083,6.000,6.000,6.000,6.000,6.000,6.000,6.083,6.325,6.708,7.000,7.000,7.071,7.280,7.616,8.062,9.487,9.220,8.944,8.544,8.246,8.062,7.616,7.280,7.071,7.000,7.000,7.000,7.000,7.000,7.000,7.071,7.280,7.616,8.000,8.000,8.062,8.246,8.544,8.944,10.440,10.198,9.849,9.487,9.220,8.944,8.544,8.246,8.062,8.000,8.000,8.000,8.000,8.000,8.000,8.062,8.246,8.544,8.944,9.000,9.055,9.220,9.487,9.849,11.402,11.180,10.770,10.440,10.198,9.849,9.487,9.220,9.055,9.000,9.000,9.000,9.000,9.000,9.000,9.055,9.220,9.487,9.849,10.000,10.050,10.198,10.440,10.770,12.369,12.083,11.705,11.402,11.180,10.770,10.440,10.198,10.050,10.000,10.000,10.000,10.000,10.000,10.000,10.050,10.198,10.440,10.770,11.000,11.045,11.180,11.402,11.705,0.4080,-0.2759
5.000,4.472,4.123,4.000,4.000,4.000,4.000,4.000,4.000,4.000,4.000,4.000,4.000,4.000,4.000,4.000,4.000,4.000,4.000,4.000,4.000,4.123,4.472,5.000,4.243,3.606,3.162,3.000,3.000,3.000,3.000,3.000,3.000,3.000,3.000,3.000,3.000,3.000,3.000,3.000,3.000,3.000,3.000,3.000,3.000,3.162,3.606,4.243,3.606,2.828,2.236,2.000,2.000,2.000,2.000,2.000,2.000,2.000,2.000,2.000,2.000,2.000,2.000,2.000,2.000,2.000,2.000,2.000,2.000,2.236,2.828,3.606,3.162,2.236,1.414,1.000,1.000,1.000,1.000,1.000,1.000,1.000,1.000,1.000,1.000,1.000,1.000,1.000,1.000,1.000,1.000,1.000,1.000,1.414,2.236,3.162,3.000,2.000,1.000,-1.000,-1.000,-1.000,-1.000,-1.000,-1.000,-1.000,-1.000,-1.000,-1.000,-1.000,-1.000,-1.000,-1.000,-1.000,-1.000,-1.000,-1.000,1.000,2.000,3.000,3.000,2.000,1.000,-1.000,-1.414,-2.000,-2.000,-2.000,-2.000,-2.000,-2.000,-2.000,-2.000,-2.000,-2.000,-2.000,-2.000,-2.000,-2.000,-2.000,-1.000,1.000,2.000,3.000,3.162,2.236,1.414,1.000,-1.000,-1.414,-2.236,-3.000,-3.000,-3.000,-3.000,-3.000,-3.000,-3.000,-3.000,-3.000,-3.000,-3.000,-3.000,-2.000,-1.000,1.000,2.000,3.000,3.606,2.828,2.236,1.414,1.000,-1.000,-2.000,-2.828,-3.606,-4.000,-4.000,-4.000,-4.000,-4.000,-4.000,-4.000,-4.000,-4.000,-3.000,-2.000,-1.000,1.000,2.000,3.000,4.243,3.606,2.828,2.000,1.000,-1.000,-1.414,-2.236,-3.162,-4.123,-5.000,-5.000,-5.000,-5.000,-5.000,-4.472,-4.123,-4.000,-3.000,-2.000,-1.000,1.000,2.000,3.000,5.000,4.123,3.162,2.236,1.414,1.000,-1.000,-2.000,-2.828,-3.606,-4.472,-5.385,-5.000,-4.472,-4.123,-3.606,-3.162,-3.000,-2.828,-2.000,-1.000,1.000,2.000,3.000,5.385,4.472,3.606,2.828,2.000,1.000,-1.000,-1.414,-2.236,-3.162,-4.123,-5.000,-4.243,-3.606,-3.162,-2.828,-2.236,-2.000,-2.000,-1.414,-1.000,1.000,2.000,3.000,5.831,5.000,4.123,3.162,2.236,1.414,1.000,-1.000,-2.000,-2.828,-3.606,-4.472,-3.606,-2.828,-2.236,-2.000,-1.414,-1.000,-1.000,-1.000,1.000,1.414,2.236,3.162,6.325,5.385,4.472,3.606,2.828,2.000,1.000,-1.000,-1.414,-2.236,-3.162,-4.123,-3.162,-2.236,-1.414,-1.000,-1.000,1.000,1.000,1.000,1.414,2.236,2.828,3.606,6.708,5.831,5.000,4.123,3.162,2.236,1.414,1.000,-1.000,-2.000,-2.828,-3.606,-2.828,-2.000,-1.000,1.000,1.000,1.414,2.000,2.000,2.236,2.828,3.606,4.243,7.211,6.325,5.385,4.472,3.606,2.828,2.000,1.000,-1.000,-1.414,-2.236,-3.162,-2.236,-1.414,-1.000,1.000,2.000,2.236,2.828,3.000,3.162,3.606,4.243,5.000,7.616,6.708,5.831,5.000,4.123,3.162,2.236,1.414,1.000,-1.000,-2.000,-3.000,-2.000,-1.000,1.000,1.414,2.236,3.162,3.606,4.000,4.123,4.472,5.000,5.657,1.2755,0.0379
7.211,6.708,6.325,6.083,6.000,6.000,6.000,6.000,6.000,6.000,6.000,6.000,6.000,6.000,6.000,6.000,6.000,6.000,6.000,6.000,6.083,6.325,6.708,7.211,6.403,5.831,5.385,5.099,5.000,5.000,5.000,5.000,5.000,5.000,5.000,5.000,5.000,5.000,5.000,5.000,5.000,5.000,5.000,5.000,5.099,5.385,5.831,6.403,5.657,5.000,4.472,4.123,4.000,4.000,4.000,4.000,4.000,4.000,4.000,4.000,4.000,4.000,4.000,4.000,4.000,4.000,4.000,4.000,4.123,4.472,5.000,5.657,5.000,4.243,3.606,3.162,3.000,3.000,3.000,3.000,3.000,3.000,3.000,3.000,3.000,3.000,3.000,3.000,3.000,3.000,3.000,3.000,3.162,3.606,4.243,5.000,4.472,3.606,2.828,2.236,2.000,2.000,2.000,2.000,2.000,2.000,2.000,2.000,2.000,2.000,2.000,2.000,2.000,2.000,2.000,2.000,2.236,2.828,3.606,4.472,4.123,3.162,2.236,1.414,1.000,1.000,1.000,1.000,1.000,1.000,1.000,1.000,1.000,1.000,1.000,1.000,1.000,1.000,1.000,1.000,1.414,2.236,3.162,4.123,4.000,3.000,2.000,1.000,-1.000,-1.000,-1.000,-1.000,-1.000,-1.000,-1.000,-1.000,-1.000,-1.000,-1.000,-1.000,-1.000,-1.000,-1.000,-1.000,1.000,2.000,3.000,4.000,4.123,3.162,2.236,1.414,1.000,1.000,-1.000,-1.414,-2.000,-2.000,-2.000,-2.000,-2.000,-2.000,-2.000,-2.000,-2.000,-2.000,-2.000,-1.000,1.000,2.000,3.000,4.000,4.472,3.606,2.828,2.236,2.000,1.414,1.000,-1.000,-1.414,-2.236,-2.828,-3.000,-2.828,-2.236,-2.000,-2.000,-1.414,-1.000,-1.000,-1.000,1.000,2.000,3.000,4.000,5.000,4.243,3.606,3.162,2.828,2.236,1.414,1.000,-1.000,-1.414,-2.236,-2.828,-2.236,-1.414,-1.000,-1.000,-1.000,1.000,1.000,1.000,1.414,2.236,3.162,4.123,5.657,5.000,4.472,4.123,3.606,2.828,2.236,1.414,1.000,-1.000,-2.000,-2.236,-1.414,-1.000,1.000,1.000,1.000,1.414,2.000,2.000,2.236,2.828,3.606,4.472,6.403,5.831,5.385,5.000,4.243,3.606,2.828,2.000,1.000,-1.000,-1.414,-1.414,-1.000,1.000,1.414,2.000,2.000,2.236,2.828,3.000,3.162,3.606,4.243,5.000,7.211,6.708,6.325,5.657,5.000,4.123,3.162,2.236,1.414,1.000,-1.000,-1.000,1.000,1.414,2.236,2.828,3.000,3.162,3.606,4.000,4.123,4.472,5.000,5.657,8.062,7.616,7.071,6.325,5.385,4.472,3.606,2.828,2.236,1.414,1.000,1.000,1.414,2.236,2.828,3.606,4.000,4.123,4.472,5.000,5.099,5.385,5.831,6.403,8.944,8.485,7.616,6.708,5.831,5.000,4.243,3.606,2.828,2.236,2.000,2.000,2.236,2.828,3.606,4.243,5.000,5.099,5.385,5.831,6.083,6.325,6.708,7.211,9.849,8.944,8.062,7.211,6.403,5.657,5.000,4.243,3.606,3.162,3.000,3.000,3.162,3.606,4.243,5.000,5.657,6.083,6.325,6.708,7.071,7.280,7.616,8.062,0.8800,0.1324
5.385,5.099,5.000,5.000,5.000,5.000,5.000,5.000,5.000,5.000,5.000,5.000,5.000,5.000,5.000,5.000,5.000,5.000,5.000,5.000,5.000,5.000,5.000,5.099,4.472,4.123,4.000,4.000,4.000,4.000,4.000,4.000,4.000,4.000,4.000,4.000,4.000,4.000,4.000,4.000,4.000,4.000,4.000,4.000,4.000,4.000,4.000,4.123,3.606,3.162,3.000,3.000,3.000,3.000,3.000,3.000,3.000,3.000,3.000,3.000,3.000,3.000,3.000,3.000,3.000,3.000,3.000,3.000,3.000,3.000,3.000,3.162,2.828,2.236,2.000,2.000,2.000,2.000,2.000,2.000,2.000,2.000,2.000,2.000,2.000,2.000,2.000,2.000,2.000,2.000,2.000,2.000,2.000,2.000,2.000,2.236,2.236,1.414,1.000,1.000,1.000,1.000,1.000,1.000,1.000,1.000,1.000,1.000,1.000,1.000,1.000,1.000,1.000,1.000,1.000,1.000,1.000,1.000,1.000,1.414,2.000,1.000,-1.000,-1.000,-1.000,-1.000,-1.000,-1.000,-1.000,-1.000,-1.000,-1.000,-1.000,-1.000,-1.000,-1.000,-1.000,-1.000,-1.000,-1.000,-1.000,-1.000,-1.000,1.000,2.236,1.414,1.000,-1.000,-1.414,-2.000,-2.000,-2.000,-2.000,-2.000,-2.000,-2.000,-2.000,-2.000,-2.000,-2.000,-2.000,-2.000,-2.000,-2.000,-1.414,-1.000,-1.000,1.000,2.828,2.236,1.414,1.000,-1.000,-1.000,-1.414,-2.236,-2.828,-3.000,-3.000,-3.000,-3.000,-3.000,-3.000,-2.828,-2.236,-2.000,-2.000,-1.414,-1.000,1.000,1.000,1.414,3.606,2.828,2.236,1.414,1.000,1.000,-1.000,-1.414,-2.000,-2.000,-2.236,-2.828,-2.828,-2.236,-2.000,-2.000,-1.414,-1.000,-1.000,-1.000,1.000,1.414,2.000,2.236,4.243,3.606,2.828,2.236,2.000,1.414,1.000,-1.000,-1.000,-1.000,-1.414,-2.000,-2.000,-1.414,-1.000,-1.000,-1.000,1.000,1.000,1.000,1.414,2.236,2.828,3.162,5.000,4.243,3.606,3.162,2.828,2.236,1.414,1.000,1.000,1.000,-1.000,-1.000,-1.000,-1.000,1.000,1.000,1.000,1.414,2.000,2.000,2.236,2.828,3.606,4.123,5.657,5.000,4.472,4.123,3.606,2.828,2.236,2.000,2.000,1.414,1.000,1.000,1.000,1.000,1.414,2.000,2.000,2.236,2.828,3.000,3.162,3.606,4.243,5.000,6.403,5.831,5.385,5.000,4.243,3.606,3.162,3.000,2.828,2.236,2.000,2.000,2.000,2.000,2.236,2.828,3.000,3.162,3.606,4.000,4.123,4.472,5.000,5.657,7.211,6.708,6.325,5.657,5.000,4.472,4.123,4.000,3.606,3.162,3.000,3.000,3.000,3.000,3.162,3.606,4.000,4.123,4.472,5.000,5.099,5.385,5.831,6.403,8.062,7.616,7.071,6.403,5.831,5.385,5.099,5.000,4.472,4.123,4.000,4.000,4.000,4.000,4.123,4.472,5.000,5.099,5.385,5.831,6.083,6.325,6.708,7.211,8.944,8.485,7.810,7.211,6.708,6.325,6.083,5.831,5.385,5.099,5.000,5.000,5.000,5.000,5.099,5.385,5.831,6.083,6.325,6.708,7.071,7.280,7.616,8.062,0.5879,-0.1478
3.606,3.162,3.000,3.000,3.000,3.000,3.000,3.000,3.000,3.000,3.000,3.000,3.000,3.000,3.000,3.000,3.000,3.000,3.000,3.000,3.000,3.000,3.162,3.606,2.828,2.236,2.000,2.000,2.000,2.000,2.000,2.000,2.000,2.000,2.000,2.000,2.000,2.000,2.000,2.000,2.000,2.000,2.000,2.000,2.000,2.000,2.236,2.828,2.236,1.414,1.000,1.000,1.000,1.000,1.000,1.000,1.000,1.000,1.000,1.000,1.000,1.000,1.000,1.000,1.000,1.000,1.000,1.000,1.000,1.000,1.414,2.236,2.000,1.000,-1.000,-1.000,-1.000,-1.000,-1.000,-1.000,-1.000,-1.000,-1.000,-1.000,-1.000,-1.000,-1.000,-1.000,-1.000,-1.000,-1.000,-1.000,-1.000,-1.000,1.000,2.000,2.236,1.414,1.000,-1.000,-1.414,-2.000,-2.000,-2.000,-2.000,-2.000,-2.000,-2.000,-2.000,-2.000,-2.000,-2.000,-2.000,-2.000,-1.414,-1.000,-1.000,1.000,1.414,2.236,2.828,2.236,1.414,1.000,-1.000,-1.414,-2.236,-2.828,-3.000,-3.000,-3.000,-3.000,-3.000,-3.000,-2.828,-2.236,-2.000,-1.414,-1.000,1.000,1.000,1.414,2.236,2.828,3.606,2.828,2.236,1.414,1.000,-1.000,-1.414,-2.000,-2.236,-2.828,-3.000,-3.000,-2.828,-2.236,-2.000,-1.414,-1.000,-1.000,1.000,1.414,2.000,2.236,2.828,3.606,4.243,3.606,2.828,2.236,1.414,1.000,-1.000,-1.000,-1.414,-2.000,-2.000,-2.000,-2.000,-1.414,-1.000,-1.000,1.000,1.000,1.414,2.236,2.828,3.162,3.606,4.243,5.000,4.243,3.606,2.828,2.236,1.414,1.000,1.000,-1.000,-1.000,-1.000,-1.000,-1.000,-1.000,1.000,1.000,1.414,2.000,2.236,2.828,3.606,4.123,4.472,5.000,5.657,5.000,4.243,3.606,2.828,2.236,2.000,1.414,1.000,1.000,1.000,1.000,1.000,1.000,1.414,2.000,2.236,2.828,3.162,3.606,4.243,5.000,5.385,5.831,6.403,5.657,5.000,4.243,3.606,3.162,2.828,2.236,2.000,2.000,2.000,2.000,2.000,2.000,2.236,2.828,3.162,3.606,4.123,4.472,5.000,5.657,6.325,6.708,7.071,6.403,5.657,5.000,4.472,4.123,3.606,3.162,3.000,3.000,3.000,3.000,3.000,3.000,3.162,3.606,4.123,4.472,5.000,5.385,5.831,6.403,7.071,7.616,7.810,7.071,6.403,5.831,5.385,5.000,4.472,4.123,4.000,4.000,4.000,4.000,4.000,4.000,4.123,4.472,5.000,5.385,5.831,6.325,6.708,7.211,7.810,8.485,8.485,7.810,7.211,6.708,6.325,5.831,5.385,5.099,5.000,5.000,5.000,5.000,5.000,5.000,5.099,5.385,5.831,6.325,6.708,7.211,7.616,8.062,8.602,9.220,9.220,8.602,8.062,7.616,7.211,6.708,6.325,6.083,6.000,6.000,6.000,6.000,6.000,6.000,6.083,6.325,6.708,7.211,7.616,8.062,8.544,8.944,9.434,10.000,10.000,9.434,8.944,8.544,8.062,7.616,7.280,7.071,7.000,7.000,7.000,7.000,7.000,7.000,7.071,7.280,7.616,8.062,8.544,8.944,9.434,9.849,10.296,10.817,0.5613,-0.2720
6.708,6.325,6.083,6.000,6.000,6.000,6.000,6.000,6.000,6.000,6.000,6.000,6.000,6.000,6.000,6.000,6.000,6.000,6.000,6.000,6.000,6.083,6.325,6.708,5.831,5.385,5.099,5.000,5.000,5.000,5.000,5.000,5.000,5.000,5.000,5.000,5.000,5.000,5.000,5.000,5.000,5.000,5.000,5.000,5.000,5.099,5.385,5.831,5.000,4.472,4.123,4.000,4.000,4.000,4.000,4.000,4.000,4.000,4.000,4.000,4.000,4.000,4.000,4.000,4.000,4.000,4.000,4.000,4.000,4.123,4.472,5.000,4.243,3.606,3.162,3.000,3.000,3.000,3.000,3.000,3.000,3.000,3.000,3.000,3.000,3.000,3.000,3.000,3.000,3.000,3.000,3.000,3.000,3.162,3.606,4.243,3.606,2.828,2.236,2.000,2.000,2.000,2.000,2.000,2.000,2.000,2.000,2.000,2.000,2.000,2.000,2.000,2.000,2.000,2.000,2.000,2.000,2.236,2.828,3.606,3.162,2.236,1.414,1.000,1.000,1.000,1.000,1.000,1.000,1.000,1.000,1.000,1.000,1.000,1.000,1.000,1.000,1.000,1.000,1.000,1.000,1.414,2.236,3.162,3.000,2.000,1.000,-1.000,-1.000,-1.000,-1.000,-1.000,-1.000,-1.000,-1.000,-1.000,-1.000,-1.000,-1.000,-1.000,-1.000,-1.000,-1.000,-1.000,-1.000,1.000,2.000,3.000,3.162,2.236,1.414,1.000,-1.000,-1.414,-2.000,-2.000,-2.000,-2.000,-2.000,-2.000,-2.000,-2.000,-2.000,-2.000,-2.000,-2.000,-2.000,-2.000,-1.000,1.000,2.000,3.000,3.606,2.828,2.236,1.414,1.000,-1.000,-1.414,-2.236,-3.000,-3.000,-3.000,-3.000,-3.000,-3.000,-3.000,-3.000,-3.000,-3.000,-3.000,-2.000,-1.000,1.000,2.000,3.000,4.243,3.606,2.828,2.236,1.414,1.000,-1.000,-2.000,-2.828,-3.606,-4.000,-4.000,-4.000,-4.000,-4.000,-4.000,-4.000,-4.000,-3.000,-2.000,-1.000,1.000,2.000,3.000,5.000,4.243,3.606,2.828,2.000,1.000,-1.000,-1.414,-2.236,-3.162,-4.123,-5.000,-5.000,-5.000,-5.000,-5.000,-5.000,-4.000,-3.000,-2.000,-1.000,1.000,2.000,3.000,5.657,5.000,4.123,3.162,2.236,1.414,1.000,-1.000,-2.000,-2.828,-3.606,-4.472,-5.000,-4.472,-4.123,-4.000,-4.000,-4.000,-3.000,-2.000,-1.000,1.000,2.000,3.000,6.325,5.385,4.472,3.606,2.828,2.000,1.000,-1.000,-1.414,-2.236,-3.162,-4.123,-4.243,-3.606,-3.162,-3.000,-3.000,-3.000,-3.000,-2.000,-1.000,1.000,2.000,3.000,6.708,5.831,5.000,4.123,3.162,2.236,1.414,1.000,-1.000,-2.000,-2.828,-3.606,-3.606,-2.828,-2.236,-2.000,-2.000,-2.000,-2.000,-2.000,-1.000,1.000,2.000,3.000,7.211,6.325,5.385,4.472,3.606,2.828,2.000,1.000,-1.000,-1.414,-2.236,-3.162,-3.162,-2.236,-1.414,-1.000,-1.000,-1.000,-1.000,-1.000,-1.000,1.000,2.000,3.000,7.616,6.708,5.831,5.000,4.123,3.162,2.236,1.414,1.000,-1.000,-2.000,-3.000,-3.000,-2.000,-1.000,1.000,1.000,1.000,1.000,1.000,1.000,1.414,2.236,3.162,1.2548,0.1663
7.810,7.211,6.708,6.325,6.083,6.000,6.000,6.000,6.000,6.000,6.000,6.000,6.000,6.000,6.000,6.000,6.000,6.000,6.000,6.083,6.325,6.708,7.211,7.810,7.071,6.403,5.831,5.385,5.099,5.000,5.000,5.000,5.000,5.000,5.000,5.000,5.000,5.000,5.000,5.000,5.000,5.000,5.000,5.099,5.385,5.831,6.403,7.071,6.403,5.657,5.000,4.472,4.123,4.000,4.000,4.000,4.000,4.000,4.000,4.000,4.000,4.000,4.000,4.000,4.000,4.000,4.000,4.123,4.472,5.000,5.657,6.403,5.831,5.000,4.243,3.606,3.162,3.000,3.000,3.000,3.000,3.000,3.000,3.000,3.000,3.000,3.000,3.000,3.000,3.000,3.000,3.162,3.606,4.243,5.000,5.831,5.385,4.472,3.606,2.828,2.236,2.000,2.000,2.000,2.000,2.000,2.000,2.000,2.000,2.000,2.000,2.000,2.000,2.000,2.000,2.236,2.828,3.606,4.472,5.385,5.099,4.123,3.162,2.236,1.414,1.000,1.000,1.000,1.000,1.000,1.000,1.000,1.000,1.000,1.000,1.000,1.000,1.000,1.000,1.414,2.236,3.162,4.123,5.099,5.000,4.000,3.000,2.000,1.000,-1.000,-1.000,-1.000,-1.000,-1.000,-1.000,-1.000,-1.000,-1.000,-1.000,-1.000,-1.000,-1.000,-1.000,1.000,2.000,3.000,4.000,5.000,5.099,4.123,3.162,2.236,1.414,1.000,-1.000,-2.000,-2.000,-2.000,-2.000,-2.000,-2.000,-2.000,-2.000,-2.000,-2.000,-2.000,-1.000,1.000,2.000,3.000,4.000,5.000,5.385,4.472,3.606,2.828,2.000,1.000,-1.000,-1.414,-2.236,-2.828,-3.000,-3.000,-3.000,-3.000,-3.000,-3.000,-3.000,-2.000,-1.000,1.000,2.000,3.000,4.000,5.000,5.831,5.000,4.123,3.162,2.236,1.414,1.000,-1.000,-1.414,-2.236,-2.828,-3.606,-4.000,-4.000,-3.606,-3.162,-2.828,-2.000,-1.000,1.000,2.000,3.000,4.000,5.000,6.325,5.385,4.472,3.606,2.828,2.236,1.414,1.000,-1.000,-1.414,-2.236,-2.828,-3.606,-3.162,-2.828,-2.236,-2.000,-1.414,-1.000,1.000,2.000,3.000,4.000,5.000,6.708,5.831,5.000,4.243,3.606,2.828,2.236,1.414,1.000,-1.000,-1.414,-2.236,-2.828,-2.236,-2.000,-1.414,-1.000,-1.000,1.000,1.414,2.236,3.162,4.123,5.099,7.211,6.403,5.657,5.000,4.243,3.606,2.828,2.236,1.414,1.000,-1.000,-1.414,-2.000,-1.414,-1.000,-1.000,1.000,1.000,1.414,2.236,2.828,3.606,4.472,5.385,7.810,7.071,6.403,5.657,5.000,4.243,3.606,2.828,2.236,1.414,1.000,-1.000,-1.000,-1.000,1.000,1.000,1.414,2.000,2.236,2.828,3.606,4.243,5.000,5.831,8.485,7.810,7.071,6.403,5.657,5.000,4.243,3.606,2.828,2.236,1.414,1.000,1.000,1.000,1.414,2.000,2.236,2.828,3.162,3.606,4.243,5.000,5.657,6.403,9.220,8.485,7.810,7.071,6.403,5.657,5.000,4.243,3.606,2.828,2.236,2.000,2.000,2.000,2.236,2.828,3.162,3.606,4.123,4.472,5.000,5.657,6.403,7.071,0.9021,-0.0076
3.606,3.162,3.000,3.000,3.000,3.000,3.000,3.000,3.000,3.000,3.000,3.000,3.000,3.000,3.000,3.000,3.000,3.000,3.000,3.000,3.000,3.000,3.162,3.606,2.828,2.236,2.000,2.000,2.000,2.000,2.000,2.000,2.000,2.000,2.000,2.000,2.000,2.000,2.000,2.000,2.000,2.000,2.000,2.000,2.000,2.000,2.236,2.828,2.236,1.414,1.000,1.000,1.000,1.000,1.000,1.000,1.000,1.000,1.000,1.000,1.000,1.000,1.000,1.000,1.000,1.000,1.000,1.000,1.000,1.000,1.414,2.236,2.000,1.000,-1.000,-1.000,-1.000,-1.000,-1.000,-1.000,-1.000,-1.000,-1.000,-1.000,-1.000,-1.000,-1.000,-1.000,-1.000,-1.000,-1.000,-1.000,-1.000,-1.000,1.000,2.000,2.236,1.414,1.000,-1.000,-1.414,-2.000,-2.000,-2.000,-2.000,-2.000,-2.000,-2.000,-2.000,-2.000,-2.000,-2.000,-2.000,-2.000,-2.000,-2.000,-2.000,-1.000,1.000,2.000,2.828,2.236,1.414,1.000,-1.000,-2.000,-2.828,-3.000,-3.000,-3.000,-3.000,-3.000,-3.000,-3.000,-3.000,-3.000,-3.000,-3.000,-3.000,-3.000,-2.000,-1.000,1.000,2.000,3.606,2.828,2.000,1.000,-1.000,-1.414,-2.236,-2.828,-3.606,-4.000,-4.000,-4.000,-4.000,-4.000,-4.000,-3.606,-3.162,-3.000,-2.828,-2.236,-2.000,-1.000,1.000,2.000,4.123,3.162,2.236,1.414,1.000,-1.000,-1.414,-2.236,-2.828,-3.606,-4.472,-5.000,-5.000,-4.243,-3.606,-2.828,-2.236,-2.000,-2.000,-1.414,-1.000,-1.000,1.000,2.000,4.472,3.606,2.828,2.236,1.414,1.000,-1.000,-1.414,-2.236,-3.162,-4.123,-5.000,-4.243,-3.606,-2.828,-2.236,-1.414,-1.000,-1.000,-1.000,1.000,1.000,1.414,2.236,5.000,4.243,3.606,2.828,2.236,1.414,1.000,-1.000,-2.000,-2.828,-3.606,-4.243,-3.606,-2.828,-2.236,-1.414,-1.000,1.000,1.000,1.000,1.414,2.000,2.236,2.828,5.657,5.000,4.243,3.606,2.828,2.000,1.000,-1.000,-1.414,-2.236,-3.162,-3.606,-2.828,-2.236,-1.414,-1.000,1.000,1.414,2.000,2.000,2.236,2.828,3.162,3.606,6.403,5.657,5.000,4.123,3.162,2.236,1.414,1.000,-1.000,-2.000,-2.828,-2.828,-2.236,-1.414,-1.000,1.000,1.414,2.236,2.828,3.000,3.162,3.606,4.123,4.472,7.071,6.325,5.385,4.472,3.606,2.828,2.000,1.000,-1.000,-1.414,-2.236,-2.236,-1.414,-1.000,1.000,1.414,2.236,2.828,3.606,4.000,4.123,4.472,5.000,5.385,7.616,6.708,5.831,5.000,4.123,3.162,2.236,1.414,1.000,-1.000,-1.414,-2.000,-1.000,1.000,1.414,2.236,2.828,3.606,4.243,5.000,5.099,5.385,5.831,6.325,8.062,7.211,6.325,5.385,4.472,3.606,2.828,2.236,1.414,1.000,-1.000,-1.000,-1.000,1.000,2.000,2.828,3.606,4.243,5.000,5.657,6.083,6.325,6.708,7.211,8.544,7.616,6.708,5.831,5.000,4.243,3.606,2.828,2.236,1.414,1.000,1.000,1.000,1.414,2.236,3.162,4.123,5.000,5.657,6.403,7.071,7.280,7.616,8.062,1.1026,-0.1072
5.000,4.472,4.123,4.000,4.000,4.000,4.000,4.000,4.000,4.000,4.000,4.000,4.000,4.000,4.000,4.000,4.000,4.000,4.000,4.000,4.000,4.123,4.472,5.000,4.243,3.606,3.162,3.000,3.000,3.000,3.000,3.000,3.000,3.000,3.000,3.000,3.000,3.000,3.000,3.000,3.000,3.000,3.000,3.000,3.000,3.162,3.606,4.243,3.606,2.828,2.236,2.000,2.000,2.000,2.000,2.000,2.000,2.000,2.000,2.000,2.000,2.000,2.000,2.000,2.000,2.000,2.000,2.000,2.000,2.236,2.828,3.606,3.162,2.236,1.414,1.000,1.000,1.000,1.000,1.000,1.000,1.000,1.000,1.000,1.000,1.000,1.000,1.000,1.000,1.000,1.000,1.000,1.000,1.414,2.236,3.162,3.000,2.000,1.000,-1.000,-1.000,-1.000,-1.000,-1.000,-1.000,-1.000,-1.000,-1.000,-1.000,-1.000,-1.000,-1.000,-1.000,-1.000,-1.000,-1.000,-1.000,1.000,2.000,3.000,3.162,2.236,1.414,1.000,-1.000,-1.414,-2.000,-2.000,-2.000,-2.000,-2.000,-2.000,-2.000,-2.000,-2.000,-2.000,-2.000,-2.000,-2.000,-2.000,-1.000,1.000,2.000,3.000,3.606,2.828,2.236,1.414,1.000,-1.000,-1.414,-2.236,-2.828,-3.000,-3.000,-3.000,-3.000,-3.000,-3.000,-3.000,-3.000,-3.000,-3.000,-2.000,-1.000,1.000,2.000,3.000,4.243,3.606,2.828,2.236,1.414,1.000,-1.000,-1.414,-2.236,-2.828,-3.606,-4.000,-4.000,-3.606,-3.162,-3.000,-3.000,-3.000,-3.000,-2.000,-1.000,1.000,2.000,3.000,5.000,4.243,3.606,2.828,2.236,1.414,1.000,-1.000,-1.414,-2.236,-2.828,-3.162,-3.000,-2.828,-2.236,-2.000,-2.000,-2.000,-2.000,-2.000,-1.000,1.000,2.000,3.000,5.657,5.000,4.243,3.606,2.828,2.236,1.414,1.000,-1.000,-1.414,-2.000,-2.236,-2.000,-2.000,-1.414,-1.000,-1.000,-1.000,-1.000,-1.000,-1.000,1.000,2.000,3.000,6.403,5.657,5.000,4.243,3.606,2.828,2.236,1.414,1.000,-1.000,-1.000,-1.414,-1.000,-1.000,-1.000,1.000,1.000,1.000,1.000,1.000,1.000,1.414,2.236,3.162,7.071,6.403,5.657,5.000,4.243,3.606,2.828,2.236,1.414,1.000,1.000,-1.000,1.000,1.000,1.000,1.414,2.000,2.000,2.000,2.000,2.000,2.236,2.828,3.606,7.810,7.071,6.403,5.657,5.000,4.243,3.606,2.828,2.236,2.000,1.414,1.000,1.414,2.000,2.000,2.236,2.828,3.000,3.000,3.000,3.000,3.162,3.606,4.243,8.485,7.810,7.071,6.403,5.657,5.000,4.243,3.606,3.162,2.828,2.236,2.000,2.236,2.828,3.000,3.162,3.606,4.000,4.000,4.000,4.000,4.123,4.472,5.000,9.220,8.485,7.810,7.071,6.403,5.657,5.000,4.472,4.123,3.606,3.162,3.000,3.162,3.606,4.000,4.123,4.472,5.000,5.000,5.000,5.000,5.099,5.385,5.831,9.899,9.220,8.485,7.810,7.071,6.403,5.831,5.385,5.000,4.472,4.123,4.000,4.123,4.472,5.000,5.099,5.385,5.831,6.000,6.000,6.000,6.083,6.325,6.708,0.9879,-0.0221
6.403,5.657,5.000,4.472,4.123,4.000,4.000,4.000,4.000,4.000,4.000,4.000,4.000,4.000,4.000,4.000,4.000,4.000,4.000,4.123,4.472,5.000,5.657,6.403,5.831,5.000,4.243,3.606,3.162,3.000,3.000,3.000,3.000,3.000,3.000,3.000,3.000,3.000,3.000,3.000,3.000,3.000,3.000,3.162,3.606,4.243,5.000,5.831,5.385,4.472,3.606,2.828,2.236,2.000,2.000,2.000,2.000,2.000,2.000,2.000,2.000,2.000,2.000,2.000,2.000,2.000,2.000,2.236,2.828,3.606,4.472,5.385,5.099,4.123,3.162,2.236,1.414,1.000,1.000,1.000,1.000,1.000,1.000,1.000,1.000,1.000,1.000,1.000,1.000,1.000,1.000,1.414,2.236,3.162,4.123,5.099,5.000,4.000,3.000,2.000,1.000,-1.000,-1.000,-1.000,-1.000,-1.000,-1.000,-1.000,-1.000,-1.000,-1.000,-1.000,-1.000,-1.000,-1.000,1.000,2.000,3.000,4.000,5.000,5.099,4.123,3.162,2.236,1.414,1.000,-1.000,-1.414,-2.000,-2.000,-2.000,-2.000,-2.000,-2.000,-2.000,-2.000,-1.414,-1.000,1.000,1.414,2.236,3.162,4.123,5.099,5.385,4.472,3.606,2.828,2.236,1.414,1.000,-1.000,-2.000,-2.828,-3.000,-3.000,-3.000,-2.828,-2.236,-1.414,-1.000,1.000,1.414,2.236,2.828,3.606,4.472,5.385,5.831,5.000,4.243,3.606,2.828,2.000,1.000,-1.000,-1.414,-2.236,-2.828,-3.606,-2.828,-2.236,-1.414,-1.000,1.000,1.414,2.236,2.828,3.606,4.243,5.000,5.831,6.403,5.657,5.000,4.123,3.162,2.236,1.414,1.000,-1.000,-1.414,-2.236,-2.828,-2.236,-1.414,-1.000,1.000,1.414,2.236,2.828,3.606,4.243,5.000,5.657,6.403,7.071,6.325,5.385,4.472,3.606,2.828,2.236,1.414,1.000,-1.000,-2.000,-2.236,-1.414,-1.000,1.000,1.414,2.236,2.828,3.606,4.243,5.000,5.657,6.403,7.071,7.616,6.708,5.831,5.000,4.243,3.606,2.828,2.000,1.000,-1.000,-1.414,-1.414,-1.000,1.000,1.414,2.236,2.828,3.606,4.243,5.000,5.657,6.403,7.071,7.810,8.062,7.211,6.403,5.657,5.000,4.123,3.162,2.236,1.414,1.000,-1.000,-1.000,1.000,1.414,2.236,2.828,3.606,4.243,5.000,5.657,6.403,7.071,7.810,8.485,8.602,7.810,7.071,6.325,5.385,4.472,3.606,2.828,2.236,1.414,1.000,1.000,1.414,2.236,2.828,3.606,4.243,5.000,5.657,6.403,7.071,7.810,8.485,9.220,9.220,8.485,7.616,6.708,5.831,5.000,4.243,3.606,2.828,2.236,2.000,2.000,2.236,2.828,3.606,4.243,5.000,5.657,6.403,7.071,7.810,8.485,9.220,9.899,9.849,8.944,8.062,7.211,6.403,5.657,5.000,4.243,3.606,3.162,3.000,3.000,3.162,3.606,4.243,5.000,5.657,6.403,7.071,7.810,8.485,9.220,9.899,10.630,10.296,9.434,8.602,7.810,7.071,6.403,5.657,5.000,4.472,4.123,4.000,4.000,4.123,4.472,5.000,5.657,6.403,7.071,7.810,8.485,9.220,9.899,10.630,11.314,0.7030,-0.1470
2.236,2.000,2.000,2.000,2.000,2.000,2.000,2.000,2.000,2.000,2.000,2.000,2.000,2.000,2.000,2.000,2.000,2.000,2.000,2.000,2.000,2.000,2.000,2.236,1.414,1.000,1.000,1.000,1.000,1.000,1.000,1.000,1.000,1.000,1.000,1.000,1.000,1.000,1.000,1.000,1.000,1.000,1.000,1.000,1.000,1.000,1.000,1.414,1.000,-1.000,-1.000,-1.000,-1.000,-1.000,-1.000,-1.000,-1.000,-1.000,-1.000,-1.000,-1.000,-1.000,-1.000,-1.000,-1.000,-1.000,-1.000,-1.000,-1.000,-1.000,-1.000,1.000,1.414,1.000,-1.000,-1.000,-1.414,-2.000,-2.000,-2.000,-2.000,-2.000,-2.000,-2.000,-2.000,-2.000,-2.000,-2.000,-2.000,-2.000,-2.000,-2.000,-2.000,-2.000,-1.000,1.000,2.236,1.414,1.000,1.000,-1.000,-1.414,-2.236,-2.828,-3.000,-3.000,-3.000,-3.000,-3.000,-3.000,-3.000,-3.000,-2.828,-2.236,-2.000,-2.000,-1.414,-1.000,-1.000,1.000,2.828,2.236,2.000,1.414,1.000,-1.000,-1.414,-2.236,-2.828,-3.606,-4.000,-4.000,-3.606,-3.162,-2.828,-2.236,-2.000,-1.414,-1.000,-1.000,-1.000,1.000,1.000,1.414,3.606,3.162,2.828,2.236,1.414,1.000,-1.000,-1.414,-2.236,-2.828,-3.606,-3.606,-2.828,-2.236,-2.000,-1.414,-1.000,-1.000,1.000,1.000,1.000,1.414,2.000,2.236,4.472,4.123,3.606,2.828,2.236,1.414,1.000,-1.000,-1.414,-2.236,-2.828,-2.828,-2.236,-1.414,-1.000,-1.000,1.000,1.000,1.414,2.000,2.000,2.236,2.828,3.162,5.385,5.000,4.243,3.606,2.828,2.236,1.414,1.000,-1.000,-1.414,-2.236,-2.236,-1.414,-1.000,1.000,1.000,1.414,2.000,2.236,2.828,3.000,3.162,3.606,4.123,6.325,5.657,5.000,4.243,3.606,2.828,2.236,1.414,1.000,-1.000,-1.414,-1.414,-1.000,1.000,1.414,2.000,2.236,2.828,3.162,3.606,4.000,4.123,4.472,5.000,7.071,6.403,5.657,5.000,4.243,3.606,2.828,2.236,1.414,1.000,-1.000,-1.000,1.000,1.414,2.236,2.828,3.162,3.606,4.123,4.472,5.000,5.099,5.385,5.831,7.810,7.071,6.403,5.657,5.000,4.243,3.606,2.828,2.236,1.414,1.000,1.000,1.414,2.236,2.828,3.606,4.123,4.472,5.000,5.385,5.831,6.083,6.325,6.708,8.485,7.810,7.071,6.403,5.657,5.000,4.243,3.606,2.828,2.236,2.000,2.000,2.236,2.828,3.606,4.243,5.000,5.385,5.831,6.325,6.708,7.071,7.280,7.616,9.220,8.485,7.810,7.071,6.403,5.657,5.000,4.243,3.606,3.162,3.000,3.000,3.162,3.606,4.243,5.000,5.657,6.325,6.708,7.211,7.616,8.062,8.246,8.544,9.899,9.220,8.485,7.810,7.071,6.403,5.657,5.000,4.472,4.123,4.000,4.000,4.123,4.472,5.000,5.657,6.403,7.071,7.616,8.062,8.544,8.944,9.220,9.487,10.630,9.899,9.220,8.485,7.810,7.071,6.403,5.831,5.385,5.099,5.000,5.000,5.099,5.385,5.831,6.403,7.071,7.810,8.485,8.944,9.434,9.849,10.198,10.440,0.8397,-0.2754
5.831,5.000,4.243,3.606,3.162,3.000,3.000,3.000,3.000,3.000,3.000,3.000,3.000,3.000,3.000,3.000,3.000,3.000,3.000,3.162,3.606,4.243,5.000,5.831,5.385,4.472,3.606,2.828,2.236,2.000,2.000,2.000,2.000,2.000,2.000,2.000,2.000,2.000,2.000,2.000,2.000,2.000,2.000,2.236,2.828,3.606,4.472,5.385,5.099,4.123,3.162,2.236,1.414,1.000,1.000,1.000,1.000,1.000,1.000,1.000,1.000,1.000,1.000,1.000,1.000,1.000,1.000,1.414,2.236,3.162,4.123,5.099,5.000,4.000,3.000,2.000,1.000,-1.000,-1.000,-1.000,-1.000,-1.000,-1.000,-1.000,-1.000,-1.000,-1.000,-1.000,-1.000,-1.000,-1.000,1.000,2.000,3.000,4.000,5.000,5.099,4.123,3.162,2.236,1.414,1.000,-1.000,-1.414,-2.000,-2.000,-2.000,-2.000,-2.000,-2.000,-2.000,-2.000,-2.000,-1.414,-1.000,1.000,2.000,3.000,4.000,5.000,5.385,4.472,3.606,2.828,2.236,1.414,1.000,-1.000,-1.000,-1.414,-2.236,-2.828,-3.000,-2.828,-2.236,-2.000,-1.414,-1.000,1.000,1.414,2.236,3.162,4.123,5.099,5.831,5.000,4.243,3.606,2.828,2.236,1.414,1.000,1.000,-1.000,-1.414,-2.236,-2.000,-2.000,-1.414,-1.000,-1.000,1.000,1.414,2.236,2.828,3.606,4.472,5.385,6.403,5.657,5.000,4.243,3.606,2.828,2.236,2.000,1.414,1.000,-1.000,-1.414,-1.000,-1.000,-1.000,1.000,1.000,1.414,2.236,2.828,3.606,4.243,5.000,5.831,7.071,6.403,5.657,5.000,4.243,3.606,3.162,2.828,2.236,1.414,1.000,-1.000,1.000,1.000,1.000,1.414,2.000,2.236,2.828,3.606,4.243,5.000,5.657,6.403,7.810,7.071,6.403,5.657,5.000,4.472,4.123,3.606,2.828,2.236,1.414,1.000,1.414,2.000,2.000,2.236,2.828,3.162,3.606,4.243,5.000,5.657,6.403,7.071,8.485,7.810,7.071,6.403,5.831,5.385,5.000,4.243,3.606,2.828,2.236,2.000,2.236,2.828,3.000,3.162,3.606,4.123,4.472,5.000,5.657,6.403,7.071,7.810,9.220,8.485,7.810,7.211,6.708,6.325,5.657,5.000,4.243,3.606,3.162,3.000,3.162,3.606,4.000,4.123,4.472,5.000,5.385,5.831,6.403,7.071,7.810,8.485,9.899,9.220,8.602,8.062,7.616,7.071,6.403,5.657,5.000,4.472,4.123,4.000,4.123,4.472,5.000,5.099,5.385,5.831,6.325,6.708,7.211,7.810,8.485,9.220,10.630,10.000,9.434,8.944,8.485,7.810,7.071,6.403,5.831,5.385,5.099,5.000,5.099,5.385,5.831,6.083,6.325,6.708,7.211,7.616,8.062,8.602,9.220,9.899,11.402,10.817,10.296,9.849,9.220,8.485,7.810,7.211,6.708,6.325,6.083,6.000,6.083,6.325,6.708,7.071,7.280,7.616,8.062,8.544,8.944,9.434,10.000,10.630,12.207,11.662,11.180,10.630,9.899,9.220,8.602,8.062,7.616,7.280,7.071,7.000,7.071,7.280,7.616,8.062,8.246,8.544,8.944,9.434,9.849,10.296,10.817,11.402,0.6856,-0.2118
5.831,5.000,4.243,3.606,3.162,3.000,3.000,3.000,3.000,3.000,3.000,3.000,3.000,3.000,3.000,3.000,3.000,3.000,3.000,3.162,3.606,4.243,5.000,5.831,5.385,4.472,3.606,2.828,2.236,2.000,2.000,2.000,2.000,2.000,2.000,2.000,2.000,2.000,2.000,2.000,2.000,2.000,2.000,2.236,2.828,3.606,4.472,5.385,5.099,4.123,3.162,2.236,1.414,1.000,1.000,1.000,1.000,1.000,1.000,1.000,1.000,1.000,1.000,1.000,1.000,1.000,1.000,1.414,2.236,3.162,4.123,5.099,5.000,4.000,3.000,2.000,1.000,-1.000,-1.000,-1.000,-1.000,-1.000,-1.000,-1.000,-1.000,-1.000,-1.000,-1.000,-1.000,-1.000,-1.000,1.000,2.000,3.000,4.000,5.000,5.099,4.123,3.162,2.236,1.414,1.000,-1.000,-1.414,-2.000,-2.000,-2.000,-2.000,-2.000,-2.000,-2.000,-2.000,-2.000,-1.414,-1.000,1.000,2.000,3.000,4.000,5.000,5.385,4.472,3.606,2.828,2.236,1.414,1.000,-1.000,-1.414,-2.236,-2.828,-3.000,-3.000,-3.000,-2.828,-2.236,-1.414,-1.000,1.000,1.414,2.236,3.162,4.123,5.099,5.831,5.000,4.243,3.606,2.828,2.236,1.414,1.000,-1.000,-1.414,-2.236,-2.828,-2.828,-2.236,-2.000,-1.414,-1.000,1.000,1.414,2.236,2.828,3.606,4.472,5.385,6.403,5.657,5.000,4.243,3.606,2.828,2.236,1.414,1.000,-1.000,-1.414,-2.000,-2.000,-1.414,-1.000,-1.000,1.000,1.414,2.236,2.828,3.606,4.243,5.000,5.831,7.071,6.403,5.657,5.000,4.243,3.606,2.828,2.236,1.414,1.000,-1.000,-1.000,-1.000,-1.000,1.000,1.000,1.414,2.236,2.828,3.606,4.243,5.000,5.657,6.403,7.810,7.071,6.403,5.657,5.000,4.243,3.606,2.828,2.236,1.414,1.000,1.000,1.000,1.000,1.414,2.000,2.236,2.828,3.606,4.243,5.000,5.657,6.403,7.071,8.485,7.810,7.071,6.403,5.657,5.000,4.243,3.606,2.828,2.236,2.000,2.000,2.000,2.000,2.236,2.828,3.162,3.606,4.243,5.000,5.657,6.403,7.071,7.810,9.220,8.485,7.810,7.071,6.403,5.657,5.000,4.243,3.606,3.162,3.000,3.000,3.000,3.000,3.162,3.606,4.123,4.472,5.000,5.657,6.403,7.071,7.810,8.485,9.899,9.220,8.485,7.810,7.071,6.403,5.657,5.000,4.472,4.123,4.000,4.000,4.000,4.000,4.123,4.472,5.000,5.385,5.831,6.403,7.071,7.810,8.485,9.220,10.630,9.899,9.220,8.485,7.810,7.071,6.403,5.831,5.385,5.099,5.000,5.000,5.000,5.000,5.099,5.385,5.831,6.325,6.708,7.211,7.810,8.485,9.220,9.899,11.314,10.630,9.899,9.220,8.485,7.810,7.211,6.708,6.325,6.083,6.000,6.000,6.000,6.000,6.083,6.325,6.708,7.211,7.616,8.062,8.602,9.220,9.899,10.630,12.042,11.314,10.630,9.899,9.220,8.602,8.062,7.616,7.280,7.071,7.000,7.000,7.000,7.000,7.071,7.280,7.616,8.062,8.544,8.944,9.434,10.000,10.630,11.314,0.7018,-0.2720
6.403,5.657,5.000,4.472,4.123,4.000,4.000,4.000,4.000,4.000,4.000,4.000,4.000,4.000,4.000,4.000,4.000,4.000,4.000,4.000,4.000,4.123,4.472,5.000,5.831,5.000,4.243,3.606,3.162,3.000,3.000,3.000,3.000,3.000,3.000,3.000,3.000,3.000,3.000,3.000,3.000,3.000,3.000,3.000,3.000,3.162,3.606,4.243,5.385,4.472,3.606,2.828,2.236,2.000,2.000,2.000,2.000,2.000,2.000,2.000,2.000,2.000,2.000,2.000,2.000,2.000,2.000,2.000,2.000,2.236,2.828,3.606,5.099,4.123,3.162,2.236,1.414,1.000,1.000,1.000,1.000,1.000,1.000,1.000,1.000,1.000,1.000,1.000,1.000,1.000,1.000,1.000,1.000,1.414,2.236,3.162,5.000,4.000,3.000,2.000,1.000,-1.000,-1.000,-1.000,-1.000,-1.000,-1.000,-1.000,-1.000,-1.000,-1.000,-1.000,-1.000,-1.000,-1.000,-1.000,-1.000,1.000,2.000,3.000,5.099,4.123,3.162,2.236,1.414,1.000,1.000,1.000,-1.000,-1.000,-1.000,-1.000,-1.000,-1.000,-1.000,-1.000,-1.000,1.000,1.000,1.000,1.000,1.414,2.236,3.162,5.385,4.472,3.606,2.828,2.236,2.000,2.000,1.414,1.000,1.000,1.000,1.000,1.000,1.000,1.000,1.000,1.000,1.414,2.000,2.000,2.000,2.236,2.828,3.606,5.831,5.000,4.243,3.606,3.162,3.000,2.828,2.236,2.000,2.000,2.000,2.000,2.000,2.000,2.000,2.000,2.000,2.236,2.828,3.000,3.000,3.162,3.606,4.243,6.403,5.657,5.000,4.472,4.123,4.000,3.606,3.162,3.000,3.000,3.000,3.000,3.000,3.000,3.000,3.000,3.000,3.162,3.606,4.000,4.000,4.123,4.472,5.000,7.071,6.403,5.831,5.385,5.099,5.000,4.472,4.123,4.000,4.000,4.000,4.000,4.000,4.000,4.000,4.000,4.000,4.123,4.472,5.000,5.000,5.099,5.385,5.831,7.810,7.211,6.708,6.325,6.083,5.831,5.385,5.099,5.000,5.000,5.000,5.000,5.000,5.000,5.000,5.000,5.000,5.099,5.385,5.831,6.000,6.083,6.325,6.708,8.602,8.062,7.616,7.280,7.071,6.708,6.325,6.083,6.000,6.000,6.000,6.000,6.000,6.000,6.000,6.000,6.000,6.083,6.325,6.708,7.000,7.071,7.280,7.616,9.434,8.944,8.544,8.246,8.062,7.616,7.280,7.071,7.000,7.000,7.000,7.000,7.000,7.000,7.000,7.000,7.000,7.071,7.280,7.616,8.000,8.062,8.246,8.544,10.296,9.849,9.487,9.220,8.944,8.544,8.246,8.062,8.000,8.000,8.000,8.000,8.000,8.000,8.000,8.000,8.000,8.062,8.246,8.544,8.944,9.055,9.220,9.487,11.180,10.770,10.440,10.198,9.849,9.487,9.220,9.055,9.000,9.000,9.000,9.000,9.000,9.000,9.000,9.000,9.000,9.055,9.220,9.487,9.849,10.050,10.198,10.440,12.083,11.705,11.402,11.180,10.770,10.440,10.198,10.050,10.000,10.000,10.000,10.000,10.000,10.000,10.000,10.000,10.000,10.050,10.198,10.440,10.770,11.045,11.180,11.402,0.3260,-0.1673
4.472,4.123,4.000,4.000,4.000,4.000,4.000,4.000,4.000,4.000,4.000,4.000,4.000,4.000,4.000,4.000,4.000,4.000,4.000,4.000,4.000,4.000,4.123,4.472,3.606,3.162,3.000,3.000,3.000,3.000,3.000,3.000,3.000,3.000,3.000,3.000,3.000,3.000,3.000,3.000,3.000,3.000,3.000,3.000,3.000,3.000,3.162,3.606,2.828,2.236,2.000,2.000,2.000,2.000,2.000,2.000,2.000,2.000,2.000,2.000,2.000,2.000,2.000,2.000,2.000,2.000,2.000,2.000,2.000,2.000,2.236,2.828,2.236,1.414,1.000,1.000,1.000,1.000,1.000,1.000,1.000,1.000,1.000,1.000,1.000,1.000,1.000,1.000,1.000,1.000,1.000,1.000,1.000,1.000,1.414,2.236,2.000,1.000,-1.000,-1.000,-1.000,-1.000,-1.000,-1.000,-1.000,-1.000,-1.000,-1.000,-1.000,-1.000,-1.000,-1.000,-1.000,-1.000,-1.000,-1.000,-1.000,-1.000,1.000,2.000,2.236,1.414,1.000,-1.000,-1.414,-2.000,-2.000,-2.000,-2.000,-2.000,-2.000,-2.000,-2.000,-2.000,-2.000,-2.000,-2.000,-2.000,-2.000,-2.000,-2.000,-1.000,1.000,2.000,2.828,2.236,1.414,1.000,-1.000,-1.414,-2.236,-2.828,-3.000,-3.000,-3.000,-3.000,-3.000,-3.000,-3.000,-3.000,-3.000,-3.000,-3.000,-2.828,-2.000,-1.000,1.000,2.000,3.606,2.828,2.236,1.414,1.000,-1.000,-1.414,-2.236,-2.828,-3.606,-4.000,-4.000,-4.000,-4.000,-3.606,-2.828,-2.236,-2.000,-2.000,-2.000,-1.414,-1.000,1.000,2.000,4.243,3.606,2.828,2.236,1.414,1.000,-1.000,-1.414,-2.236,-3.162,-4.123,-5.000,-4.243,-3.606,-2.828,-2.236,-1.414,-1.000,-1.000,-1.000,-1.000,1.000,1.414,2.236,5.000,4.243,3.606,2.828,2.236,1.414,1.000,-1.000,-2.000,-2.828,-3.606,-4.243,-3.606,-2.828,-2.236,-1.414,-1.000,1.000,1.000,1.000,1.000,1.414,2.236,2.828,5.657,5.000,4.243,3.606,2.828,2.000,1.000,-1.000,-1.414,-2.236,-2.828,-3.606,-2.828,-2.236,-1.414,-1.000,1.000,1.414,2.000,2.000,2.000,2.236,2.828,3.606,6.403,5.657,5.000,4.123,3.162,2.236,1.414,1.000,-1.000,-1.414,-2.236,-2.828,-2.236,-1.414,-1.000,1.000,1.414,2.236,2.828,3.000,3.000,3.162,3.606,4.243,7.071,6.325,5.385,4.472,3.606,2.828,2.236,1.414,1.000,-1.000,-2.000,-2.236,-1.414,-1.000,1.000,1.414,2.236,2.828,3.606,4.000,4.000,4.123,4.472,5.000,7.616,6.708,5.831,5.000,4.243,3.606,2.828,2.000,1.000,-1.000,-1.414,-1.414,-1.000,1.000,1.414,2.236,2.828,3.606,4.243,5.000,5.000,5.099,5.385,5.831,8.062,7.211,6.403,5.657,5.000,4.123,3.162,2.236,1.414,1.000,-1.000,-1.000,1.000,1.414,2.236,2.828,3.606,4.243,5.000,5.657,6.000,6.083,6.325,6.708,8.602,7.810,7.071,6.325,5.385,4.472,3.606,2.828,2.236,1.414,1.000,1.000,1.414,2.236,2.828,3.606,4.243,5.000,5.657,6.403,7.000,7.071,7.280,7.616,0.9826,0.0380
4.123,4.000,4.000,4.000,4.000,4.000,4.000,4.000,4.000,4.000,4.000,4.000,4.000,4.000,4.000,4.000,4.000,4.000,4.000,4.000,4.000,4.000,4.000,4.123,3.162,3.000,3.000,3.000,3.000,3.000,3.000,3.000,3.000,3.000,3.000,3.000,3.000,3.000,3.000,3.000,3.000,3.000,3.000,3.000,3.000,3.000,3.000,3.162,2.236,2.000,2.000,2.000,2.000,2.000,2.000,2.000,2.000,2.000,2.000,2.000,2.000,2.000,2.000,2.000,2.000,2.000,2.000,2.000,2.000,2.000,2.000,2.236,1.414,1.000,1.000,1.000,1.000,1.000,1.000,1.000,1.000,1.000,1.000,1.000,1.000,1.000,1.000,1.000,1.000,1.000,1.000,1.000,1.000,1.000,1.000,1.414,1.000,-1.000,-1.000,-1.000,-1.000,-1.000,-1.000,-1.000,-1.000,-1.000,-1.000,-1.000,-1.000,-1.000,-1.000,-1.000,-1.000,-1.000,-1.000,-1.000,-1.000,-1.000,-1.000,1.000,1.414,1.000,1.000,-1.000,-1.000,-1.000,-1.414,-2.000,-2.000,-2.000,-2.000,-2.000,-2.000,-2.000,-2.000,-1.414,-1.000,-1.000,-1.000,-1.000,1.000,1.000,1.000,1.414,2.236,2.000,1.414,1.000,1.000,1.000,-1.000,-1.000,-1.414,-2.000,-2.236,-2.000,-2.000,-1.414,-1.000,-1.000,1.000,1.000,1.000,1.000,1.414,2.000,2.000,2.236,3.162,2.828,2.236,2.000,2.000,1.414,1.000,1.000,-1.000,-1.000,-1.414,-1.000,-1.000,-1.000,1.000,1.000,1.414,2.000,2.000,2.000,2.236,2.828,3.000,3.162,4.123,3.606,3.162,3.000,2.828,2.236,2.000,1.414,1.000,1.000,-1.000,1.000,1.000,1.000,1.414,2.000,2.236,2.828,3.000,3.000,3.162,3.606,4.000,4.123,5.000,4.472,4.123,4.000,3.606,3.162,2.828,2.236,2.000,1.414,1.000,1.414,2.000,2.000,2.236,2.828,3.162,3.606,4.000,4.000,4.123,4.472,5.000,5.099,5.831,5.385,5.099,5.000,4.472,4.123,3.606,3.162,2.828,2.236,2.000,2.236,2.828,3.000,3.162,3.606,4.123,4.472,5.000,5.000,5.099,5.385,5.831,6.083,6.708,6.325,6.083,5.831,5.385,5.000,4.472,4.123,3.606,3.162,3.000,3.162,3.606,4.000,4.123,4.472,5.000,5.385,5.831,6.000,6.083,6.325,6.708,7.071,7.616,7.280,7.071,6.708,6.325,5.831,5.385,5.000,4.472,4.123,4.000,4.123,4.472,5.000,5.099,5.385,5.831,6.325,6.708,7.000,7.071,7.280,7.616,8.062,8.544,8.246,8.062,7.616,7.211,6.708,6.325,5.831,5.385,5.099,5.000,5.099,5.385,5.831,6.083,6.325,6.708,7.211,7.616,8.000,8.062,8.246,8.544,8.944,9.487,9.220,8.944,8.544,8.062,7.616,7.211,6.708,6.325,6.083,6.000,6.083,6.325,6.708,7.071,7.280,7.616,8.062,8.544,8.944,9.055,9.220,9.487,9.849,10.440,10.198,9.849,9.434,8.944,8.544,8.062,7.616,7.280,7.071,7.000,7.071,7.280,7.616,8.062,8.246,8.544,8.944,9.434,9.849,10.050,10.198,10.440,10.770,0.4586,-0.0867
5.000,4.243,3.606,3.162,3.000,3.000,3.000,3.000,3.000,3.000,3.000,3.000,3.000,3.000,3.000,3.000,3.000,3.000,3.000,3.000,3.000,3.162,3.606,4.243,4.472,3.606,2.828,2.236,2.000,2.000,2.000,2.000,2.000,2.000,2.000,2.000,2.000,2.000,2.000,2.000,2.000,2.000,2.000,2.000,2.000,2.236,2.828,3.606,4.123,3.162,2.236,1.414,1.000,1.000,1.000,1.000,1.000,1.000,1.000,1.000,1.000,1.000,1.000,1.000,1.000,1.000,1.000,1.000,1.000,1.414,2.236,3.162,4.000,3.000,2.000,1.000,-1.000,-1.000,-1.000,-1.000,-1.000,-1.000,-1.000,-1.000,-1.000,-1.000,-1.000,-1.000,-1.000,-1.000,-1.000,-1.000,-1.000,1.000,2.000,3.000,4.123,3.162,2.236,1.414,1.000,-1.000,-1.414,-2.000,-2.000,-2.000,-2.000,-2.000,-2.000,-2.000,-2.000,-2.000,-2.000,-2.000,-2.000,-2.000,-1.000,1.000,2.000,3.000,4.472,3.606,2.828,2.236,1.414,1.000,-1.000,-1.414,-2.236,-3.000,-3.000,-3.000,-3.000,-3.000,-2.828,-2.236,-2.000,-1.414,-1.000,-1.000,-1.000,1.000,2.000,3.000,5.000,4.243,3.606,2.828,2.236,1.414,1.000,-1.000,-2.000,-2.828,-3.606,-4.000,-3.606,-2.828,-2.236,-1.414,-1.000,-1.000,1.000,1.000,1.000,1.414,2.236,3.162,5.657,5.000,4.243,3.606,2.828,2.000,1.000,-1.000,-1.414,-2.236,-2.828,-3.606,-2.828,-2.236,-1.414,-1.000,1.000,1.000,1.414,2.000,2.000,2.236,2.828,3.606,6.403,5.657,5.000,4.123,3.162,2.236,1.414,1.000,-1.000,-1.414,-2.236,-2.828,-2.236,-1.414,-1.000,1.000,1.414,2.000,2.236,2.828,3.000,3.162,3.606,4.243,7.071,6.325,5.385,4.472,3.606,2.828,2.236,1.414,1.000,-1.000,-2.000,-2.236,-1.414,-1.000,1.000,1.414,2.236,2.828,3.162,3.606,4.000,4.123,4.472,5.000,7.616,6.708,5.831,5.000,4.243,3.606,2.828,2.000,1.000,-1.000,-1.414,-1.414,-1.000,1.000,1.414,2.236,2.828,3.606,4.123,4.472,5.000,5.099,5.385,5.831,8.062,7.211,6.403,5.657,5.000,4.123,3.162,2.236,1.414,1.000,-1.000,-1.000,1.000,1.414,2.236,2.828,3.606,4.243,5.000,5.385,5.831,6.083,6.325,6.708,8.602,7.810,7.071,6.325,5.385,4.472,3.606,2.828,2.236,1.414,1.000,1.000,1.414,2.236,2.828,3.606,4.243,5.000,5.657,6.325,6.708,7.071,7.280,7.616,9.220,8.485,7.616,6.708,5.831,5.000,4.243,3.606,2.828,2.236,2.000,2.000,2.236,2.828,3.606,4.243,5.000,5.657,6.403,7.071,7.616,8.062,8.246,8.544,9.849,8.944,8.062,7.211,6.403,5.657,5.000,4.243,3.606,3.162,3.000,3.000,3.162,3.606,4.243,5.000,5.657,6.403,7.071,7.810,8.485,8.944,9.220,9.487,10.296,9.434,8.602,7.810,7.071,6.403,5.657,5.000,4.472,4.123,4.000,4.000,4.123,4.472,5.000,5.657,6.403,7.071,7.810,8.485,9.220,9.849,10.198,10.440,1.0083,-0.1291
7.810,7.211,6.708,6.325,6.083,6.000,6.000,6.000,6.000,6.000,6.000,6.000,6.000,6.000,6.000,6.000,6.000,6.000,6.000,6.083,6.325,6.708,7.211,7.810,7.071,6.403,5.831,5.385,5.099,5.000,5.000,5.000,5.000,5.000,5.000,5.000,5.000,5.000,5.000,5.000,5.000,5.000,5.000,5.099,5.385,5.831,6.403,7.071,6.403,5.657,5.000,4.472,4.123,4.000,4.000,4.000,4.000,4.000,4.000,4.000,4.000,4.000,4.000,4.000,4.000,4.000,4.000,4.123,4.472,5.000,5.657,6.403,5.831,5.000,4.243,3.606,3.162,3.000,3.000,3.000,3.000,3.000,3.000,3.000,3.000,3.000,3.000,3.000,3.000,3.000,3.000,3.162,3.606,4.243,5.000,5.831,5.385,4.472,3.606,2.828,2.236,2.000,2.000,2.000,2.000,2.000,2.000,2.000,2.000,2.000,2.000,2.000,2.000,2.000,2.000,2.236,2.828,3.606,4.472,5.385,5.099,4.123,3.162,2.236,1.414,1.000,1.000,1.000,1.000,1.000,1.000,1.000,1.000,1.000,1.000,1.000,1.000,1.000,1.000,1.414,2.236,3.162,4.123,5.099,5.000,4.000,3.000,2.000,1.000,-1.000,-1.000,-1.000,-1.000,-1.000,-1.000,-1.000,-1.000,-1.000,-1.000,-1.000,-1.000,-1.000,-1.000,1.000,2.000,3.000,4.000,5.000,5.099,4.123,3.162,2.236,1.414,1.000,-1.000,-1.414,-2.000,-2.000,-2.000,-2.000,-2.000,-2.000,-2.000,-2.000,-2.000,-2.000,-1.000,1.000,2.000,3.000,4.000,5.000,5.385,4.472,3.606,2.828,2.236,1.414,1.000,-1.000,-1.414,-2.236,-2.828,-3.000,-2.828,-2.236,-2.000,-2.000,-1.414,-1.000,-1.000,1.000,2.000,3.000,4.000,5.000,5.831,5.000,4.243,3.606,2.828,2.236,1.414,1.000,-1.000,-1.414,-2.236,-2.828,-2.236,-1.414,-1.000,-1.000,-1.000,1.000,1.000,1.414,2.236,3.162,4.123,5.099,6.403,5.657,5.000,4.243,3.606,2.828,2.236,1.414,1.000,-1.000,-1.414,-2.000,-1.414,-1.000,1.000,1.000,1.000,1.414,2.000,2.236,2.828,3.606,4.472,5.385,7.071,6.403,5.657,5.000,4.243,3.606,2.828,2.236,1.414,1.000,-1.000,-1.000,-1.000,1.000,1.414,2.000,2.000,2.236,2.828,3.162,3.606,4.243,5.000,5.831,7.810,7.071,6.403,5.657,5.000,4.243,3.606,2.828,2.236,1.414,1.000,1.000,1.000,1.414,2.236,2.828,3.000,3.162,3.606,4.123,4.472,5.000,5.657,6.403,8.485,7.810,7.071,6.403,5.657,5.000,4.243,3.606,2.828,2.236,2.000,2.000,2.000,2.236,2.828,3.606,4.000,4.123,4.472,5.000,5.385,5.831,6.403,7.071,9.220,8.485,7.810,7.071,6.403,5.657,5.000,4.243,3.606,3.162,3.000,3.000,3.000,3.162,3.606,4.243,5.000,5.099,5.385,5.831,6.325,6.708,7.211,7.810,9.899,9.220,8.485,7.810,7.071,6.403,5.657,5.000,4.472,4.123,4.000,4.000,4.000,4.123,4.472,5.000,5.657,6.083,6.325,6.708,7.211,7.616,8.062,8.602,0.6740,0.0070
5.831,5.385,5.099,5.000,5.000,5.000,5.000,5.000,5.000,5.000,5.000,5.000,5.000,5.000,5.000,5.000,5.000,5.000,5.000,5.000,5.000,5.000,5.099,5.385,5.000,4.472,4.123,4.000,4.000,4.000,4.000,4.000,4.000,4.000,4.000,4.000,4.000,4.000,4.000,4.000,4.000,4.000,4.000,4.000,4.000,4.000,4.123,4.472,4.243,3.606,3.162,3.000,3.000,3.000,3.000,3.000,3.000,3.000,3.000,3.000,3.000,3.000,3.000,3.000,3.000,3.000,3.000,3.000,3.000,3.000,3.162,3.606,3.606,2.828,2.236,2.000,2.000,2.000,2.000,2.000,2.000,2.000,2.000,2.000,2.000,2.000,2.000,2.000,2.000,2.000,2.000,2.000,2.000,2.000,2.236,2.828,3.162,2.236,1.414,1.000,1.000,1.000,1.000,1.000,1.000,1.000,1.000,1.000,1.000,1.000,1.000,1.000,1.000,1.000,1.000,1.000,1.000,1.000,1.414,2.236,3.000,2.000,1.000,-1.000,-1.000,-1.000,-1.000,-1.000,-1.000,-1.000,-1.000,-1.000,-1.000,-1.000,-1.000,-1.000,-1.000,-1.000,-1.000,-1.000,-1.000,-1.000,1.000,2.000,3.162,2.236,1.414,1.000,-1.000,-1.000,-1.414,-2.000,-2.000,-2.000,-2.000,-2.000,-2.000,-2.000,-2.000,-2.000,-1.414,-1.000,-1.000,-1.000,1.000,1.000,1.414,2.236,3.606,2.828,2.236,1.414,1.000,1.000,-1.000,-1.414,-2.000,-2.236,-2.828,-2.828,-2.236,-2.000,-1.414,-1.000,-1.000,1.000,1.000,1.000,1.414,2.000,2.236,2.828,4.243,3.606,2.828,2.236,2.000,1.414,1.000,-1.000,-1.000,-1.414,-2.236,-2.236,-1.414,-1.000,-1.000,1.000,1.000,1.414,2.000,2.000,2.236,2.828,3.162,3.606,5.000,4.243,3.606,3.162,2.828,2.236,1.414,1.000,1.000,-1.000,-1.414,-1.414,-1.000,1.000,1.000,1.414,2.000,2.236,2.828,3.000,3.162,3.606,4.123,4.472,5.657,5.000,4.472,4.123,3.606,2.828,2.236,2.000,1.414,1.000,-1.000,-1.000,1.000,1.414,2.000,2.236,2.828,3.162,3.606,4.000,4.123,4.472,5.000,5.385,6.403,5.831,5.385,5.000,4.243,3.606,3.162,2.828,2.236,1.414,1.000,1.000,1.414,2.236,2.828,3.162,3.606,4.123,4.472,5.000,5.099,5.385,5.831,6.325,7.211,6.708,6.325,5.657,5.000,4.472,4.123,3.606,2.828,2.236,2.000,2.000,2.236,2.828,3.606,4.123,4.472,5.000,5.385,5.831,6.083,6.325,6.708,7.211,8.062,7.616,7.071,6.403,5.831,5.385,5.000,4.243,3.606,3.162,3.000,3.000,3.162,3.606,4.243,5.000,5.385,5.831,6.325,6.708,7.071,7.280,7.616,8.062,8.944,8.485,7.810,7.211,6.708,6.325,5.657,5.000,4.472,4.123,4.000,4.000,4.123,4.472,5.000,5.657,6.325,6.708,7.211,7.616,8.062,8.246,8.544,8.944,9.849,9.220,8.602,8.062,7.616,7.071,6.403,5.831,5.385,5.099,5.000,5.000,5.099,5.385,5.831,6.403,7.071,7.616,8.062,8.544,8.944,9.220,9.487,9.849,0.5347,-0.0062
5.000,4.243,3.606,3.162,3.000,3.000,3.000,3.000,3.000,3.000,3.000,3.000,3.000,3.000,3.000,3.000,3.000,3.000,3.000,3.000,3.000,3.162,3.606,4.243,4.472,3.606,2.828,2.236,2.000,2.000,2.000,2.000,2.000,2.000,2.000,2.000,2.000,2.000,2.000,2.000,2.000,2.000,2.000,2.000,2.000,2.236,2.828,3.606,4.123,3.162,2.236,1.414,1.000,1.000,1.000,1.000,1.000,1.000,1.000,1.000,1.000,1.000,1.000,1.000,1.000,1.000,1.000,1.000,1.000,1.414,2.236,3.162,4.000,3.000,2.000,1.000,-1.000,-1.000,-1.000,-1.000,-1.000,-1.000,-1.000,-1.000,-1.000,-1.000,-1.000,-1.000,-1.000,-1.000,-1.000,-1.000,-1.000,1.000,2.000,3.000,4.123,3.162,2.236,1.414,1.000,1.000,-1.000,-1.414,-2.000,-2.000,-2.000,-2.000,-2.000,-2.000,-2.000,-2.000,-2.000,-2.000,-2.000,-1.414,-1.000,1.000,2.000,3.000,4.472,3.606,2.828,2.236,2.000,1.414,1.000,-1.000,-1.000,-1.414,-2.236,-2.828,-2.236,-2.000,-2.000,-1.414,-1.000,-1.000,-1.000,-1.000,1.000,1.414,2.236,3.162,5.000,4.243,3.606,3.162,2.828,2.236,1.414,1.000,1.000,-1.000,-1.414,-2.000,-1.414,-1.000,-1.000,-1.000,1.000,1.000,1.000,1.000,1.414,2.236,2.828,3.606,5.657,5.000,4.472,4.123,3.606,2.828,2.236,2.000,1.414,1.000,-1.000,-1.000,-1.000,1.000,1.000,1.000,1.414,2.000,2.000,2.000,2.236,2.828,3.606,4.243,6.403,5.831,5.385,5.000,4.243,3.606,3.162,2.828,2.236,1.414,1.000,1.000,1.000,1.414,2.000,2.000,2.236,2.828,3.000,3.000,3.162,3.606,4.243,5.000,7.211,6.708,6.325,5.657,5.000,4.472,4.123,3.606,2.828,2.236,2.000,2.000,2.000,2.236,2.828,3.000,3.162,3.606,4.000,4.000,4.123,4.472,5.000,5.657,8.062,7.616,7.071,6.403,5.831,5.385,5.000,4.243,3.606,3.162,3.000,3.000,3.000,3.162,3.606,4.000,4.123,4.472,5.000,5.000,5.099,5.385,5.831,6.403,8.944,8.485,7.810,7.211,6.708,6.325,5.657,5.000,4.472,4.123,4.000,4.000,4.000,4.123,4.472,5.000,5.099,5.385,5.831,6.000,6.083,6.325,6.708,7.211,9.849,9.220,8.602,8.062,7.616,7.071,6.403,5.831,5.385,5.099,5.000,5.000,5.000,5.099,5.385,5.831,6.083,6.325,6.708,7.000,7.071,7.280,7.616,8.062,10.630,10.000,9.434,8.944,8.485,7.810,7.211,6.708,6.325,6.083,6.000,6.000,6.000,6.083,6.325,6.708,7.071,7.280,7.616,8.000,8.062,8.246,8.544,8.944,11.402,10.817,10.296,9.849,9.220,8.602,8.062,7.616,7.280,7.071,7.000,7.000,7.000,7.071,7.280,7.616,8.062,8.246,8.544,8.944,9.055,9.220,9.487,9.849,12.207,11.662,11.180,10.630,10.000,9.434,8.944,8.544,8.246,8.062,8.000,8.000,8.000,8.062,8.246,8.544,8.944,9.220,9.487,9.849,10.050,10.198,10.440,10.770,0.7208,-0.2027
5.000,4.243,3.606,3.162,3.000,3.000,3.000,3.000,3.000,3.000,3.000,3.000,3.000,3.000,3.000,3.000,3.000,3.000,3.000,3.000,3.162,3.606,4.243,5.000,4.472,3.606,2.828,2.236,2.000,2.000,2.000,2.000,2.000,2.000,2.000,2.000,2.000,2.000,2.000,2.000,2.000,2.000,2.000,2.000,2.236,2.828,3.606,4.472,4.123,3.162,2.236,1.414,1.000,1.000,1.000,1.000,1.000,1.000,1.000,1.000,1.000,1.000,1.000,1.000,1.000,1.000,1.000,1.000,1.414,2.236,3.162,4.123,4.000,3.000,2.000,1.000,-1.000,-1.000,-1.000,-1.000,-1.000,-1.000,-1.000,-1.000,-1.000,-1.000,-1.000,-1.000,-1.000,-1.000,-1.000,-1.000,1.000,2.000,3.000,4.000,4.123,3.162,2.236,1.414,1.000,-1.000,-1.000,-1.414,-2.000,-2.000,-2.000,-2.000,-2.000,-2.000,-2.000,-2.000,-2.000,-2.000,-2.000,-1.000,1.000,2.000,3.000,4.000,4.472,3.606,2.828,2.236,1.414,1.000,1.000,-1.000,-1.414,-2.236,-2.828,-3.000,-3.000,-2.828,-2.236,-2.000,-2.000,-2.000,-2.000,-1.000,1.000,2.000,3.000,4.000,5.000,4.243,3.606,2.828,2.236,2.000,1.414,1.000,-1.000,-1.414,-2.236,-2.828,-2.236,-2.000,-1.414,-1.000,-1.000,-1.000,-1.000,-1.000,1.000,2.000,3.000,4.000,5.657,5.000,4.243,3.606,3.162,2.828,2.236,1.414,1.000,-1.000,-2.000,-2.236,-1.414,-1.000,-1.000,1.000,1.000,1.000,1.000,1.000,1.414,2.236,3.162,4.123,6.403,5.657,5.000,4.472,4.123,3.606,2.828,2.000,1.000,-1.000,-1.414,-1.414,-1.000,1.000,1.000,1.414,2.000,2.000,2.000,2.000,2.236,2.828,3.606,4.472,7.071,6.403,5.831,5.385,5.000,4.123,3.162,2.236,1.414,1.000,-1.000,-1.000,1.000,1.414,2.000,2.236,2.828,3.000,3.000,3.000,3.162,3.606,4.243,5.000,7.810,7.211,6.708,6.325,5.385,4.472,3.606,2.828,2.236,1.414,1.000,1.000,1.414,2.236,2.828,3.162,3.606,4.000,4.000,4.000,4.123,4.472,5.000,5.657,8.602,8.062,7.616,6.708,5.831,5.000,4.243,3.606,2.828,2.236,2.000,2.000,2.236,2.828,3.606,4.123,4.472,5.000,5.000,5.000,5.099,5.385,5.831,6.403,9.434,8.944,8.062,7.211,6.403,5.657,5.000,4.243,3.606,3.162,3.000,3.000,3.162,3.606,4.243,5.000,5.385,5.831,6.000,6.000,6.083,6.325,6.708,7.211,10.296,9.434,8.602,7.810,7.071,6.403,5.657,5.000,4.472,4.123,4.000,4.000,4.123,4.472,5.000,5.657,6.325,6.708,7.000,7.000,7.071,7.280,7.616,8.062,10.817,10.000,9.220,8.485,7.810,7.071,6.403,5.831,5.385,5.099,5.000,5.000,5.099,5.385,5.831,6.403,7.071,7.616,8.000,8.000,8.062,8.246,8.544,8.944,11.402,10.630,9.899,9.220,8.485,7.810,7.211,6.708,6.325,6.083,6.000,6.000,6.083,6.325,6.708,7.211,7.810,8.485,8.944,9.000,9.055,9.220,9.487,9.849,0.9709,-0.0878
3.606,3.162,3.000,3.000,3.000,3.000,3.000,3.000,3.000,3.000,3.000,3.000,3.000,3.000,3.000,3.000,3.000,3.000,3.000,3.000,3.000,3.000,3.162,3.606,2.828,2.236,2.000,2.000,2.000,2.000,2.000,2.000,2.000,2.000,2.000,2.000,2.000,2.000,2.000,2.000,2.000,2.000,2.000,2.000,2.000,2.000,2.236,2.828,2.236,1.414,1.000,1.000,1.000,1.000,1.000,1.000,1.000,1.000,1.000,1.000,1.000,1.000,1.000,1.000,1.000,1.000,1.000,1.000,1.000,1.000,1.414,2.236,2.000,1.000,-1.000,-1.000,-1.000,-1.000,-1.000,-1.000,-1.000,-1.000,-1.000,-1.000,-1.000,-1.000,-1.000,-1.000,-1.000,-1.000,-1.000,-1.000,-1.000,-1.000,1.000,2.000,2.236,1.414,1.000,-1.000,-1.414,-2.000,-2.000,-2.000,-2.000,-2.000,-2.000,-2.000,-2.000,-2.000,-2.000,-2.000,-2.000,-2.000,-2.000,-2.000,-2.000,-1.000,1.000,2.000,2.828,2.236,1.414,1.000,-1.000,-1.414,-2.000,-2.236,-2.828,-3.000,-3.000,-3.000,-3.000,-3.000,-3.000,-3.000,-2.828,-2.236,-2.000,-2.000,-1.414,-1.000,1.000,2.000,3.606,2.828,2.236,1.414,1.000,-1.000,-1.000,-1.414,-2.236,-2.828,-3.606,-4.000,-3.606,-2.828,-2.236,-2.000,-2.000,-1.414,-1.000,-1.000,-1.000,1.000,1.414,2.236,4.243,3.606,2.828,2.236,1.414,1.000,1.000,-1.000,-1.414,-2.236,-2.828,-3.000,-2.828,-2.236,-1.414,-1.000,-1.000,-1.000,1.000,1.000,1.000,1.414,2.236,2.828,5.000,4.243,3.606,2.828,2.236,2.000,1.414,1.000,-1.000,-1.414,-2.000,-2.000,-2.000,-1.414,-1.000,1.000,1.000,1.000,1.414,2.000,2.000,2.236,2.828,3.606,5.657,5.000,4.243,3.606,3.162,2.828,2.236,1.414,1.000,-1.000,-1.000,-1.000,-1.000,-1.000,1.000,1.414,2.000,2.000,2.236,2.828,3.000,3.162,3.606,4.243,6.403,5.657,5.000,4.472,4.123,3.606,2.828,2.236,1.414,1.000,1.000,1.000,1.000,1.000,1.414,2.236,2.828,3.000,3.162,3.606,4.000,4.123,4.472,5.000,7.071,6.403,5.831,5.385,5.000,4.243,3.606,2.828,2.236,2.000,2.000,2.000,2.000,2.000,2.236,2.828,3.606,4.000,4.123,4.472,5.000,5.099,5.385,5.831,7.810,7.211,6.708,6.325,5.657,5.000,4.243,3.606,3.162,3.000,3.000,3.000,3.000,3.000,3.162,3.606,4.243,5.000,5.099,5.385,5.831,6.083,6.325,6.708,8.602,8.062,7.616,7.071,6.403,5.657,5.000,4.472,4.123,4.000,4.000,4.000,4.000,4.000,4.123,4.472,5.000,5.657,6.083,6.325,6.708,7.071,7.280,7.616,9.434,8.944,8.485,7.810,7.071,6.403,5.831,5.385,5.099,5.000,5.000,5.000,5.000,5.000,5.099,5.385,5.831,6.403,7.071,7.280,7.616,8.062,8.246,8.544,10.296,9.849,9.220,8.485,7.810,7.211,6.708,6.325,6.083,6.000,6.000,6.000,6.000,6.000,6.083,6.325,6.708,7.211,7.810,8.246,8.544,8.944,9.220,9.487,0.8038,-0.2081
4.472,4.123,4.000,4.000,4.000,4.000,4.000,4.000,4.000,4.000,4.000,4.000,4.000,4.000,4.000,4.000,4.000,4.000,4.000,4.000,4.000,4.000,4.123,4.472,3.606,3.162,3.000,3.000,3.000,3.000,3.000,3.000,3.000,3.000,3.000,3.000,3.000,3.000,3.000,3.000,3.000,3.000,3.000,3.000,3.000,3.000,3.162,3.606,2.828,2.236,2.000,2.000,2.000,2.000,2.000,2.000,2.000,2.000,2.000,2.000,2.000,2.000,2.000,2.000,2.000,2.000,2.000,2.000,2.000,2.000,2.236,2.828,2.236,1.414,1.000,1.000,1.000,1.000,1.000,1.000,1.000,1.000,1.000,1.000,1.000,1.000,1.000,1.000,1.000,1.000,1.000,1.000,1.000,1.000,1.414,2.236,2.000,1.000,-1.000,-1.000,-1.000,-1.000,-1.000,-1.000,-1.000,-1.000,-1.000,-1.000,-1.000,-1.000,-1.000,-1.000,-1.000,-1.000,-1.000,-1.000,-1.000,-1.000,1.000,2.000,2.236,1.414,1.000,-1.000,-1.414,-2.000,-2.000,-2.000,-2.000,-2.000,-2.000,-2.000,-2.000,-2.000,-2.000,-2.000,-2.000,-2.000,-1.414,-1.000,-1.000,1.000,1.414,2.236,2.828,2.236,1.414,1.000,-1.000,-2.000,-2.828,-3.000,-3.000,-3.000,-3.000,-3.000,-3.000,-3.000,-3.000,-2.828,-2.236,-1.414,-1.000,1.000,1.000,1.414,2.236,2.828,3.606,2.828,2.000,1.000,-1.000,-1.414,-2.236,-2.828,-3.606,-4.000,-4.000,-4.000,-4.000,-3.606,-2.828,-2.236,-1.414,-1.000,1.000,1.414,2.000,2.236,2.828,3.606,4.123,3.162,2.236,1.414,1.000,-1.000,-1.414,-2.236,-2.828,-3.606,-4.472,-4.243,-3.606,-2.828,-2.236,-1.414,-1.000,1.000,1.414,2.236,2.828,3.162,3.606,4.243,4.472,3.606,2.828,2.236,1.414,1.000,-1.000,-1.414,-2.236,-3.162,-4.123,-3.606,-2.828,-2.236,-1.414,-1.000,1.000,1.414,2.236,2.828,3.606,4.123,4.472,5.000,5.000,4.243,3.606,2.828,2.236,1.414,1.000,-1.000,-2.000,-2.828,-3.606,-3.162,-2.236,-1.414,-1.000,1.000,1.414,2.236,2.828,3.606,4.243,5.000,5.385,5.831,5.657,5.000,4.243,3.606,2.828,2.000,1.000,-1.000,-1.414,-2.236,-2.828,-2.828,-2.000,-1.000,1.000,1.414,2.236,2.828,3.606,4.243,5.000,5.657,6.325,6.708,6.403,5.657,5.000,4.123,3.162,2.236,1.414,1.000,-1.000,-1.414,-2.236,-2.236,-1.414,-1.000,1.000,2.000,2.828,3.606,4.243,5.000,5.657,6.403,7.071,7.616,7.071,6.325,5.385,4.472,3.606,2.828,2.236,1.414,1.000,-1.000,-1.414,-1.414,-1.000,1.000,1.414,2.236,3.162,4.123,5.000,5.657,6.403,7.071,7.810,8.485,7.616,6.708,5.831,5.000,4.243,3.606,2.828,2.236,1.414,1.000,-1.000,-1.000,1.000,1.414,2.236,2.828,3.606,4.472,5.385,6.325,7.071,7.810,8.485,9.220,8.062,7.211,6.403,5.657,5.000,4.243,3.606,2.828,2.236,1.414,1.000,1.000,1.414,2.236,2.828,3.606,4.243,5.000,5.831,6.708,7.616,8.485,9.220,9.899,0.8717,-0.1145
5.385,5.099,5.000,5.000,5.000,5.000,5.000,5.000,5.000,5.000,5.000,5.000,5.000,5.000,5.000,5.000,5.000,5.000,5.000,5.000,5.000,5.000,5.099,5.385,4.472,4.123,4.000,4.000,4.000,4.000,4.000,4.000,4.000,4.000,4.000,4.000,4.000,4.000,4.000,4.000,4.000,4.000,4.000,4.000,4.000,4.000,4.123,4.472,3.606,3.162,3.000,3.000,3.000,3.000,3.000,3.000,3.000,3.000,3.000,3.000,3.000,3.000,3.000,3.000,3.000,3.000,3.000,3.000,3.000,3.000,3.162,3.606,2.828,2.236,2.000,2.000,2.000,2.000,2.000,2.000,2.000,2.000,2.000,2.000,2.000,2.000,2.000,2.000,2.000,2.000,2.000,2.000,2.000,2.000,2.236,2.828,2.236,1.414,1.000,1.000,1.000,1.000,1.000,1.000,1.000,1.000,1.000,1.000,1.000,1.000,1.000,1.000,1.000,1.000,1.000,1.000,1.000,1.000,1.414,2.236,2.000,1.000,-1.000,-1.000,-1.000,-1.000,-1.000,-1.000,-1.000,-1.000,-1.000,-1.000,-1.000,-1.000,-1.000,-1.000,-1.000,-1.000,-1.000,-1.000,-1.000,-1.000,1.000,2.000,2.236,1.414,1.000,1.000,1.000,-1.000,-1.000,-1.414,-2.000,-2.000,-2.000,-2.000,-2.000,-2.000,-2.000,-2.000,-2.000,-1.414,-1.000,-1.000,-1.000,1.000,1.414,2.236,2.828,2.236,2.000,2.000,1.414,1.000,1.000,-1.000,-1.414,-2.000,-2.236,-2.828,-2.236,-2.000,-1.414,-1.000,-1.000,-1.000,1.000,1.000,1.000,1.414,2.236,2.828,3.606,3.162,3.000,2.828,2.236,2.000,1.414,1.000,-1.000,-1.000,-1.414,-2.000,-1.414,-1.000,-1.000,1.000,1.000,1.000,1.414,2.000,2.000,2.236,2.828,3.606,4.472,4.123,4.000,3.606,3.162,2.828,2.236,1.414,1.000,1.000,-1.000,-1.000,-1.000,1.000,1.000,1.414,2.000,2.000,2.236,2.828,3.000,3.162,3.606,4.243,5.385,5.099,5.000,4.472,4.123,3.606,2.828,2.236,2.000,1.414,1.000,1.000,1.000,1.414,2.000,2.236,2.828,3.000,3.162,3.606,4.000,4.123,4.472,5.000,6.325,6.083,5.831,5.385,5.000,4.243,3.606,3.162,2.828,2.236,2.000,2.000,2.000,2.236,2.828,3.162,3.606,4.000,4.123,4.472,5.000,5.099,5.385,5.831,7.280,7.071,6.708,6.325,5.657,5.000,4.472,4.123,3.606,3.162,3.000,3.000,3.000,3.162,3.606,4.123,4.472,5.000,5.099,5.385,5.831,6.083,6.325,6.708,8.246,8.062,7.616,7.071,6.403,5.831,5.385,5.000,4.472,4.123,4.000,4.000,4.000,4.123,4.472,5.000,5.385,5.831,6.083,6.325,6.708,7.071,7.280,7.616,9.220,8.944,8.485,7.810,7.211,6.708,6.325,5.831,5.385,5.099,5.000,5.000,5.000,5.099,5.385,5.831,6.325,6.708,7.071,7.280,7.616,8.062,8.246,8.544,10.198,9.849,9.220,8.602,8.062,7.616,7.211,6.708,6.325,6.083,6.000,6.000,6.000,6.083,6.325,6.708,7.211,7.616,8.062,8.246,8.544,8.944,9.220,9.487,0.4479,-0.0635
3.606,3.162,3.000,3.000,3.000,3.000,3.000,3.000,3.000,3.000,3.000,3.000,3.000,3.000,3.000,3.000,3.000,3.000,3.000,3.000,3.000,3.000,3.000,3.162,2.828,2.236,2.000,2.000,2.000,2.000,2.000,2.000,2.000,2.000,2.000,2.000,2.000,2.000,2.000,2.000,2.000,2.000,2.000,2.000,2.000,2.000,2.000,2.236,2.236,1.414,1.000,1.000,1.000,1.000,1.000,1.000,1.000,1.000,1.000,1.000,1.000,1.000,1.000,1.000,1.000,1.000,1.000,1.000,1.000,1.000,1.000,1.414,2.000,1.000,-1.000,-1.000,-1.000,-1.000,-1.000,-1.000,-1.000,-1.000,-1.000,-1.000,-1.000,-1.000,-1.000,-1.000,-1.000,-1.000,-1.000,-1.000,-1.000,-1.000,-1.000,1.000,2.236,1.414,1.000,-1.000,-2.000,-2.000,-2.000,-2.000,-2.000,-2.000,-2.000,-2.000,-2.000,-2.000,-2.000,-2.000,-2.000,-2.000,-2.000,-2.000,-2.000,-2.000,-1.000,1.000,2.828,2.000,1.000,-1.000,-1.414,-2.236,-2.828,-3.000,-3.000,-3.000,-3.000,-3.000,-3.000,-3.000,-3.000,-3.000,-3.000,-3.000,-3.000,-2.828,-2.236,-1.414,-1.000,1.000,3.162,2.236,1.414,1.000,-1.000,-1.414,-2.236,-3.162,-4.000,-4.000,-4.000,-4.000,-4.000,-4.000,-4.000,-3.606,-3.162,-2.828,-2.236,-2.000,-1.414,-1.000,1.000,1.414,3.606,2.828,2.236,1.414,1.000,-1.000,-2.000,-2.828,-3.606,-4.243,-5.000,-5.000,-5.000,-4.243,-3.606,-2.828,-2.236,-2.000,-1.414,-1.000,-1.000,1.000,1.414,2.236,4.243,3.606,2.828,2.000,1.000,-1.000,-1.414,-2.236,-2.828,-3.606,-4.472,-5.000,-4.243,-3.606,-2.828,-2.236,-1.414,-1.000,-1.000,1.000,1.000,1.414,2.236,2.828,5.000,4.123,3.162,2.236,1.414,1.000,-1.000,-1.414,-2.236,-3.162,-4.123,-4.243,-3.606,-2.828,-2.236,-1.414,-1.000,1.000,1.000,1.414,2.000,2.236,2.828,3.606,5.385,4.472,3.606,2.828,2.236,1.414,1.000,-1.000,-2.000,-2.828,-3.606,-3.606,-2.828,-2.236,-1.414,-1.000,1.000,1.414,2.000,2.236,2.828,3.162,3.606,4.243,5.831,5.000,4.243,3.606,2.828,2.000,1.000,-1.000,-1.414,-2.236,-2.828,-3.162,-2.236,-1.414,-1.000,1.000,1.414,2.236,2.828,3.162,3.606,4.123,4.472,5.000,6.403,5.657,5.000,4.123,3.162,2.236,1.414,1.000,-1.000,-1.414,-2.236,-2.828,-2.000,-1.000,1.000,1.414,2.236,2.828,3.606,4.123,4.472,5.000,5.385,5.831,7.071,6.325,5.385,4.472,3.606,2.828,2.236,1.414,1.000,-1.000,-2.000,-2.236,-1.414,-1.000,1.000,2.000,2.828,3.606,4.243,5.000,5.385,5.831,6.325,6.708,7.616,6.708,5.831,5.000,4.243,3.606,2.828,2.000,1.000,-1.000,-1.414,-1.414,-1.000,1.000,1.414,2.236,3.162,4.123,5.000,5.657,6.325,6.708,7.211,7.616,8.062,7.211,6.403,5.657,5.000,4.123,3.162,2.236,1.414,1.000,-1.000,-1.000,1.000,1.414,2.236,2.828,3.606,4.472,5.385,6.325,7.071,7.616,8.062,8.544,1.1497,-0.2592
4.472,3.606,2.828,2.236,2.000,2.000,2.000,2.000,2.000,2.000,2.000,2.000,2.000,2.000,2.000,2.000,2.000,2.000,2.000,2.000,2.236,2.828,3.606,4.472,4.123,3.162,2.236,1.414,1.000,1.000,1.000,1.000,1.000,1.000,1.000,1.000,1.000,1.000,1.000,1.000,1.000,1.000,1.000,1.000,1.414,2.236,3.162,4.123,4.000,3.000,2.000,1.000,-1.000,-1.000,-1.000,-1.000,-1.000,-1.000,-1.000,-1.000,-1.000,-1.000,-1.000,-1.000,-1.000,-1.000,-1.000,-1.000,1.000,2.000,3.000,4.000,4.123,3.162,2.236,1.414,1.000,-1.000,-1.000,-1.414,-2.000,-2.000,-2.000,-2.000,-2.000,-2.000,-2.000,-2.000,-2.000,-2.000,-2.000,-1.000,1.000,2.000,3.000,4.000,4.472,3.606,2.828,2.236,1.414,1.000,1.000,-1.000,-1.414,-2.236,-2.828,-3.000,-3.000,-2.828,-2.236,-2.000,-2.000,-2.000,-2.000,-1.000,1.000,2.000,3.000,4.000,5.000,4.243,3.606,2.828,2.236,2.000,1.414,1.000,-1.000,-1.414,-2.000,-2.000,-2.000,-2.000,-1.414,-1.000,-1.000,-1.000,-1.000,-1.000,1.000,2.000,3.000,4.000,5.657,5.000,4.243,3.606,3.162,2.828,2.236,1.414,1.000,-1.000,-1.000,-1.000,-1.000,-1.000,-1.000,1.000,1.000,1.000,1.000,1.000,1.414,2.236,3.162,4.123,6.403,5.657,5.000,4.472,4.123,3.606,2.828,2.236,1.414,1.000,1.000,1.000,1.000,1.000,1.000,1.414,2.000,2.000,2.000,2.000,2.236,2.828,3.606,4.472,7.071,6.403,5.831,5.385,5.000,4.243,3.606,2.828,2.236,2.000,2.000,2.000,2.000,2.000,2.000,2.236,2.828,3.000,3.000,3.000,3.162,3.606,4.243,5.000,7.810,7.211,6.708,6.325,5.657,5.000,4.243,3.606,3.162,3.000,3.000,3.000,3.000,3.000,3.000,3.162,3.606,4.000,4.000,4.000,4.123,4.472,5.000,5.657,8.602,8.062,7.616,7.071,6.403,5.657,5.000,4.472,4.123,4.000,4.000,4.000,4.000,4.000,4.000,4.123,4.472,5.000,5.000,5.000,5.099,5.385,5.831,6.403,9.434,8.944,8.485,7.810,7.071,6.403,5.831,5.385,5.099,5.000,5.000,5.000,5.000,5.000,5.000,5.099,5.385,5.831,6.000,6.000,6.083,6.325,6.708,7.211,10.296,9.849,9.220,8.485,7.810,7.211,6.708,6.325,6.083,6.000,6.000,6.000,6.000,6.000,6.000,6.083,6.325,6.708,7.000,7.000,7.071,7.280,7.616,8.062,11.180,10.630,9.899,9.220,8.602,8.062,7.616,7.280,7.071,7.000,7.000,7.000,7.000,7.000,7.000,7.071,7.280,7.616,8.000,8.000,8.062,8.246,8.544,8.944,12.042,11.314,10.630,10.000,9.434,8.944,8.544,8.246,8.062,8.000,8.000,8.000,8.000,8.000,8.000,8.062,8.246,8.544,8.944,9.000,9.055,9.220,9.487,9.849,12.728,12.042,11.402,10.817,10.296,9.849,9.487,9.220,9.055,9.000,9.000,9.000,9.000,9.000,9.000,9.055,9.220,9.487,9.849,10.000,10.050,10.198,10.440,10.770,0.8086,-0.2969
5.000,4.243,3.606,3.162,3.000,3.000,3.000,3.000,3.000,3.000,3.000,3.000,3.000,3.000,3.000,3.000,3.000,3.000,3.000,3.000,3.000,3.162,3.606,4.243,4.472,3.606,2.828,2.236,2.000,2.000,2.000,2.000,2.000,2.000,2.000,2.000,2.000,2.000,2.000,2.000,2.000,2.000,2.000,2.000,2.000,2.236,2.828,3.606,4.123,3.162,2.236,1.414,1.000,1.000,1.000,1.000,1.000,1.000,1.000,1.000,1.000,1.000,1.000,1.000,1.000,1.000,1.000,1.000,1.000,1.414,2.236,3.162,4.000,3.000,2.000,1.000,-1.000,-1.000,-1.000,-1.000,-1.000,-1.000,-1.000,-1.000,-1.000,-1.000,-1.000,-1.000,-1.000,-1.000,-1.000,-1.000,-1.000,1.000,2.000,3.000,4.123,3.162,2.236,1.414,1.000,-1.000,-1.414,-2.000,-2.000,-2.000,-2.000,-2.000,-2.000,-2.000,-2.000,-2.000,-2.000,-2.000,-2.000,-2.000,-1.000,1.000,2.000,3.000,4.472,3.606,2.828,2.236,1.414,1.000,-1.000,-1.000,-1.414,-2.236,-2.828,-3.000,-3.000,-3.000,-2.828,-2.236,-2.000,-2.000,-2.000,-2.000,-1.000,1.000,2.000,3.000,5.000,4.243,3.606,2.828,2.236,1.414,1.000,1.000,-1.000,-1.414,-2.236,-2.828,-2.828,-2.236,-2.000,-1.414,-1.000,-1.000,-1.000,-1.000,-1.000,1.000,2.000,3.000,5.657,5.000,4.243,3.606,2.828,2.236,2.000,1.414,1.000,-1.000,-1.414,-2.236,-2.000,-1.414,-1.000,-1.000,1.000,1.000,1.000,1.000,1.000,1.414,2.236,3.162,6.403,5.657,5.000,4.243,3.606,3.162,2.828,2.236,1.414,1.000,-1.000,-1.414,-1.000,-1.000,1.000,1.000,1.414,2.000,2.000,2.000,2.000,2.236,2.828,3.606,7.071,6.403,5.657,5.000,4.472,4.123,3.606,2.828,2.236,1.414,1.000,-1.000,1.000,1.000,1.414,2.000,2.236,2.828,3.000,3.000,3.000,3.162,3.606,4.243,7.810,7.071,6.403,5.831,5.385,5.000,4.243,3.606,2.828,2.236,1.414,1.000,1.414,2.000,2.236,2.828,3.162,3.606,4.000,4.000,4.000,4.123,4.472,5.000,8.485,7.810,7.211,6.708,6.325,5.657,5.000,4.243,3.606,2.828,2.236,2.000,2.236,2.828,3.162,3.606,4.123,4.472,5.000,5.000,5.000,5.099,5.385,5.831,9.220,8.602,8.062,7.616,7.071,6.403,5.657,5.000,4.243,3.606,3.162,3.000,3.162,3.606,4.123,4.472,5.000,5.385,5.831,6.000,6.000,6.083,6.325,6.708,10.000,9.434,8.944,8.485,7.810,7.071,6.403,5.657,5.000,4.472,4.123,4.000,4.123,4.472,5.000,5.385,5.831,6.325,6.708,7.000,7.000,7.071,7.280,7.616,10.817,10.296,9.849,9.220,8.485,7.810,7.071,6.403,5.831,5.385,5.099,5.000,5.099,5.385,5.831,6.325,6.708,7.211,7.616,8.000,8.000,8.062,8.246,8.544,11.662,11.180,10.630,9.899,9.220,8.485,7.810,7.211,6.708,6.325,6.083,6.000,6.083,6.325,6.708,7.211,7.616,8.062,8.544,8.944,9.000,9.055,9.220,9.487,0.8938,-0.0287
5.000,4.243,3.606,3.162,3.000,3.000,3.000,3.000,3.000,3.000,3.000,3.000,3.000,3.000,3.000,3.000,3.000,3.000,3.000,3.000,3.162,3.606,4.243,5.000,4.472,3.606,2.828,2.236,2.000,2.000,2.000,2.000,2.000,2.000,2.000,2.000,2.000,2.000,2.000,2.000,2.000,2.000,2.000,2.000,2.236,2.828,3.606,4.472,4.123,3.162,2.236,1.414,1.000,1.000,1.000,1.000,1.000,1.000,1.000,1.000,1.000,1.000,1.000,1.000,1.000,1.000,1.000,1.000,1.414,2.236,3.162,4.123,4.000,3.000,2.000,1.000,-1.000,-1.000,-1.000,-1.000,-1.000,-1.000,-1.000,-1.000,-1.000,-1.000,-1.000,-1.000,-1.000,-1.000,-1.000,-1.000,1.000,2.000,3.000,4.000,4.123,3.162,2.236,1.414,1.000,-1.000,-2.000,-2.000,-2.000,-2.000,-2.000,-2.000,-2.000,-2.000,-2.000,-2.000,-2.000,-2.000,-2.000,-1.000,1.000,2.000,3.000,4.000,4.472,3.606,2.828,2.000,1.000,-1.000,-1.414,-2.236,-2.828,-3.000,-3.000,-3.000,-3.000,-3.000,-3.000,-3.000,-2.828,-2.236,-2.000,-1.000,1.000,2.000,3.000,4.000,5.000,4.123,3.162,2.236,1.414,1.000,-1.000,-1.414,-2.236,-2.828,-3.162,-3.606,-3.162,-3.000,-2.828,-2.236,-2.000,-1.414,-1.000,-1.000,1.000,2.000,3.000,4.000,5.385,4.472,3.606,2.828,2.236,1.414,1.000,-1.000,-1.414,-2.000,-2.236,-2.828,-2.236,-2.000,-2.000,-1.414,-1.000,-1.000,1.000,1.000,1.414,2.236,3.162,4.123,5.831,5.000,4.243,3.606,2.828,2.236,1.414,1.000,-1.000,-1.000,-1.414,-2.000,-1.414,-1.000,-1.000,-1.000,1.000,1.000,1.414,2.000,2.236,2.828,3.606,4.472,6.403,5.657,5.000,4.243,3.606,2.828,2.236,1.414,1.000,1.000,-1.000,-1.000,-1.000,1.000,1.000,1.000,1.414,2.000,2.236,2.828,3.162,3.606,4.243,5.000,7.071,6.403,5.657,5.000,4.243,3.606,2.828,2.236,2.000,1.414,1.000,1.000,1.000,1.414,2.000,2.000,2.236,2.828,3.162,3.606,4.123,4.472,5.000,5.657,7.810,7.071,6.403,5.657,5.000,4.243,3.606,3.162,2.828,2.236,2.000,2.000,2.000,2.236,2.828,3.000,3.162,3.606,4.123,4.472,5.000,5.385,5.831,6.403,8.485,7.810,7.071,6.403,5.657,5.000,4.472,4.123,3.606,3.162,3.000,3.000,3.000,3.162,3.606,4.000,4.123,4.472,5.000,5.385,5.831,6.325,6.708,7.211,9.220,8.485,7.810,7.071,6.403,5.831,5.385,5.000,4.472,4.123,4.000,4.000,4.000,4.123,4.472,5.000,5.099,5.385,5.831,6.325,6.708,7.211,7.616,8.062,9.899,9.220,8.485,7.810,7.211,6.708,6.325,5.831,5.385,5.099,5.000,5.000,5.000,5.099,5.385,5.831,6.083,6.325,6.708,7.211,7.616,8.062,8.544,8.944,10.630,9.899,9.220,8.602,8.062,7.616,7.211,6.708,6.325,6.083,6.000,6.000,6.000,6.083,6.325,6.708,7.071,7.280,7.616,8.062,8.544,8.944,9.434,9.849,0.8515,-0.3049
3.606,3.162,3.000,3.000,3.000,3.000,3.000,3.000,3.000,3.000,3.000,3.000,3.000,3.000,3.000,3.000,3.000,3.000,3.000,3.000,3.000,3.000,3.162,3.606,2.828,2.236,2.000,2.000,2.000,2.000,2.000,2.000,2.000,2.000,2.000,2.000,2.000,2.000,2.000,2.000,2.000,2.000,2.000,2.000,2.000,2.000,2.236,2.828,2.236,1.414,1.000,1.000,1.000,1.000,1.000,1.000,1.000,1.000,1.000,1.000,1.000,1.000,1.000,1.000,1.000,1.000,1.000,1.000,1.000,1.000,1.414,2.236,2.000,1.000,-1.000,-1.000,-1.000,-1.000,-1.000,-1.000,-1.000,-1.000,-1.000,-1.000,-1.000,-1.000,-1.000,-1.000,-1.000,-1.000,-1.000,-1.000,-1.000,-1.000,1.000,2.000,2.236,1.414,1.000,-1.000,-1.000,-1.414,-2.000,-2.000,-2.000,-2.000,-2.000,-2.000,-2.000,-2.000,-2.000,-2.000,-2.000,-2.000,-2.000,-2.000,-2.000,-1.000,1.000,2.000,2.828,2.236,1.414,1.000,1.000,-1.000,-1.414,-2.000,-2.236,-2.828,-3.000,-3.000,-3.000,-3.000,-2.828,-2.236,-2.000,-2.000,-2.000,-1.414,-1.000,-1.000,1.000,2.000,3.606,2.828,2.236,2.000,1.414,1.000,-1.000,-1.000,-1.414,-2.236,-2.828,-3.162,-2.828,-2.236,-2.000,-1.414,-1.000,-1.000,-1.000,-1.000,1.000,1.000,1.414,2.236,4.243,3.606,3.162,2.828,2.236,1.414,1.000,1.000,-1.000,-1.414,-2.000,-2.236,-2.000,-1.414,-1.000,-1.000,1.000,1.000,1.000,1.000,1.414,2.000,2.236,2.828,5.000,4.472,4.123,3.606,2.828,2.236,2.000,1.414,1.000,-1.000,-1.000,-1.414,-1.000,-1.000,1.000,1.000,1.414,2.000,2.000,2.000,2.236,2.828,3.162,3.606,5.831,5.385,5.000,4.243,3.606,3.162,2.828,2.236,1.414,1.000,1.000,-1.000,1.000,1.000,1.414,2.000,2.236,2.828,3.000,3.000,3.162,3.606,4.123,4.472,6.708,6.325,5.657,5.000,4.472,4.123,3.606,2.828,2.236,2.000,1.414,1.000,1.414,2.000,2.236,2.828,3.162,3.606,4.000,4.000,4.123,4.472,5.000,5.385,7.616,7.071,6.403,5.831,5.385,5.000,4.243,3.606,3.162,2.828,2.236,2.000,2.236,2.828,3.162,3.606,4.123,4.472,5.000,5.000,5.099,5.385,5.831,6.325,8.485,7.810,7.211,6.708,6.325,5.657,5.000,4.472,4.123,3.606,3.162,3.000,3.162,3.606,4.123,4.472,5.000,5.385,5.831,6.000,6.083,6.325,6.708,7.211,9.220,8.602,8.062,7.616,7.071,6.403,5.831,5.385,5.000,4.472,4.123,4.000,4.123,4.472,5.000,5.385,5.831,6.325,6.708,7.000,7.071,7.280,7.616,8.062,10.000,9.434,8.944,8.485,7.810,7.211,6.708,6.325,5.831,5.385,5.099,5.000,5.099,5.385,5.831,6.325,6.708,7.211,7.616,8.000,8.062,8.246,8.544,8.944,10.817,10.296,9.849,9.220,8.602,8.062,7.616,7.211,6.708,6.325,6.083,6.000,6.083,6.325,6.708,7.211,7.616,8.062,8.544,8.944,9.055,9.220,9.487,9.849,0.7339,-0.1200
5.000,4.243,3.606,3.162,3.000,3.000,3.000,3.000,3.000,3.000,3.000,3.000,3.000,3.000,3.000,3.000,3.000,3.000,3.000,3.000,3.000,3.162,3.606,4.243,4.472,3.606,2.828,2.236,2.000,2.000,2.000,2.000,2.000,2.000,2.000,2.000,2.000,2.000,2.000,2.000,2.000,2.000,2.000,2.000,2.000,2.236,2.828,3.606,4.123,3.162,2.236,1.414,1.000,1.000,1.000,1.000,1.000,1.000,1.000,1.000,1.000,1.000,1.000,1.000,1.000,1.000,1.000,1.000,1.000,1.414,2.236,3.162,4.000,3.000,2.000,1.000,-1.000,-1.000,-1.000,-1.000,-1.000,-1.000,-1.000,-1.000,-1.000,-1.000,-1.000,-1.000,-1.000,-1.000,-1.000,-1.000,-1.000,1.000,2.000,3.000,4.123,3.162,2.236,1.414,1.000,-1.000,-1.000,-1.414,-2.000,-2.000,-2.000,-2.000,-2.000,-2.000,-2.000,-2.000,-2.000,-2.000,-2.000,-1.414,-1.000,1.000,2.000,3.000,4.472,3.606,2.828,2.236,1.414,1.000,1.000,-1.000,-1.414,-2.236,-2.828,-3.000,-2.828,-2.236,-2.000,-1.414,-1.000,-1.000,-1.000,-1.000,1.000,1.414,2.236,3.162,5.000,4.243,3.606,2.828,2.236,2.000,1.414,1.000,-1.000,-1.414,-2.236,-2.828,-2.236,-1.414,-1.000,-1.000,1.000,1.000,1.000,1.000,1.414,2.236,2.828,3.606,5.657,5.000,4.243,3.606,3.162,2.828,2.236,1.414,1.000,-1.000,-2.000,-2.236,-1.414,-1.000,1.000,1.000,1.414,2.000,2.000,2.000,2.236,2.828,3.606,4.243,6.403,5.657,5.000,4.472,4.123,3.606,2.828,2.000,1.000,-1.000,-1.414,-1.414,-1.000,1.000,1.414,2.000,2.236,2.828,3.000,3.000,3.162,3.606,4.243,5.000,7.071,6.403,5.831,5.385,5.000,4.123,3.162,2.236,1.414,1.000,-1.000,-1.000,1.000,1.414,2.236,2.828,3.162,3.606,4.000,4.000,4.123,4.472,5.000,5.657,7.810,7.211,6.708,6.325,5.385,4.472,3.606,2.828,2.236,1.414,1.000,1.000,1.414,2.236,2.828,3.606,4.123,4.472,5.000,5.000,5.099,5.385,5.831,6.403,8.602,8.062,7.616,6.708,5.831,5.000,4.243,3.606,2.828,2.236,2.000,2.000,2.236,2.828,3.606,4.243,5.000,5.385,5.831,6.000,6.083,6.325,6.708,7.211,9.434,8.944,8.062,7.211,6.403,5.657,5.000,4.243,3.606,3.162,3.000,3.000,3.162,3.606,4.243,5.000,5.657,6.325,6.708,7.000,7.071,7.280,7.616,8.062,10.296,9.434,8.602,7.810,7.071,6.403,5.657,5.000,4.472,4.123,4.000,4.000,4.123,4.472,5.000,5.657,6.403,7.071,7.616,8.000,8.062,8.246,8.544,8.944,10.817,10.000,9.220,8.485,7.810,7.071,6.403,5.831,5.385,5.099,5.000,5.000,5.099,5.385,5.831,6.403,7.071,7.810,8.485,8.944,9.055,9.220,9.487,9.849,11.402,10.630,9.899,9.220,8.485,7.810,7.211,6.708,6.325,6.083,6.000,6.000,6.083,6.325,6.708,7.211,7.810,8.485,9.220,9.849,10.050,10.198,10.440,10.770,0.8280,-0.2036
7.211,6.403,5.657,5.000,4.472,4.123,4.000,4.000,4.000,4.000,4.000,4.000,4.000,4.000,4.000,4.000,4.000,4.000,4.000,4.123,4.472,5.000,5.657,6.403,6.708,5.831,5.000,4.243,3.606,3.162,3.000,3.000,3.000,3.000,3.000,3.000,3.000,3.000,3.000,3.000,3.000,3.000,3.000,3.162,3.606,4.243,5.000,5.831,6.325,5.385,4.472,3.606,2.828,2.236,2.000,2.000,2.000,2.000,2.000,2.000,2.000,2.000,2.000,2.000,2.000,2.000,2.000,2.236,2.828,3.606,4.472,5.385,6.083,5.099,4.123,3.162,2.236,1.414,1.000,1.000,1.000,1.000,1.000,1.000,1.000,1.000,1.000,1.000,1.000,1.000,1.000,1.414,2.236,3.162,4.123,5.099,6.000,5.000,4.000,3.000,2.000,1.000,-1.000,-1.000,-1.000,-1.000,-1.000,-1.000,-1.000,-1.000,-1.000,-1.000,-1.000,-1.000,-1.000,1.000,2.000,3.000,4.000,5.000,6.083,5.099,4.123,3.162,2.236,1.414,1.000,1.000,-1.000,-1.414,-2.000,-2.000,-2.000,-2.000,-2.000,-2.000,-2.000,-2.000,-1.000,1.000,2.000,3.000,4.000,5.000,6.325,5.385,4.472,3.606,2.828,2.236,2.000,1.414,1.000,-1.000,-1.414,-2.236,-2.828,-2.236,-2.000,-2.000,-2.000,-2.000,-1.000,1.000,2.000,3.000,4.000,5.000,6.708,5.831,5.000,4.243,3.606,3.162,2.828,2.236,1.414,1.000,-1.000,-1.414,-2.000,-1.414,-1.000,-1.000,-1.000,-1.000,-1.000,1.000,2.000,3.000,4.000,5.000,7.211,6.403,5.657,5.000,4.472,4.123,3.606,2.828,2.236,1.414,1.000,-1.000,-1.000,-1.000,1.000,1.000,1.000,1.000,1.000,1.414,2.236,3.162,4.123,5.099,7.810,7.071,6.403,5.831,5.385,5.000,4.243,3.606,2.828,2.236,1.414,1.000,1.000,1.000,1.414,2.000,2.000,2.000,2.000,2.236,2.828,3.606,4.472,5.385,8.485,7.810,7.211,6.708,6.325,5.657,5.000,4.243,3.606,2.828,2.236,2.000,2.000,2.000,2.236,2.828,3.000,3.000,3.000,3.162,3.606,4.243,5.000,5.831,9.220,8.602,8.062,7.616,7.071,6.403,5.657,5.000,4.243,3.606,3.162,3.000,3.000,3.000,3.162,3.606,4.000,4.000,4.000,4.123,4.472,5.000,5.657,6.403,10.000,9.434,8.944,8.485,7.810,7.071,6.403,5.657,5.000,4.472,4.123,4.000,4.000,4.000,4.123,4.472,5.000,5.000,5.000,5.099,5.385,5.831,6.403,7.071,10.817,10.296,9.849,9.220,8.485,7.810,7.071,6.403,5.831,5.385,5.099,5.000,5.000,5.000,5.099,5.385,5.831,6.000,6.000,6.083,6.325,6.708,7.211,7.810,11.662,11.180,10.630,9.899,9.220,8.485,7.810,7.211,6.708,6.325,6.083,6.000,6.000,6.000,6.083,6.325,6.708,7.000,7.000,7.071,7.280,7.616,8.062,8.602,12.530,12.042,11.314,10.630,9.899,9.220,8.602,8.062,7.616,7.280,7.071,7.000,7.000,7.000,7.071,7.280,7.616,8.000,8.000,8.062,8.246,8.544,8.944,9.434,0.9126,-0.0574
7.810,7.211,6.708,6.325,6.083,6.000,6.000,6.000,6.000,6.000,6.000,6.000,6.000,6.000,6.000,6.000,6.000,6.000,6.000,6.083,6.325,6.708,7.211,7.810,7.071,6.403,5.831,5.385,5.099,5.000,5.000,5.000,5.000,5.000,5.000,5.000,5.000,5.000,5.000,5.000,5.000,5.000,5.000,5.099,5.385,5.831,6.403,7.071,6.403,5.657,5.000,4.472,4.123,4.000,4.000,4.000,4.000,4.000,4.000,4.000,4.000,4.000,4.000,4.000,4.000,4.000,4.000,4.123,4.472,5.000,5.657,6.403,5.831,5.000,4.243,3.606,3.162,3.000,3.000,3.000,3.000,3.000,3.000,3.000,3.000,3.000,3.000,3.000,3.000,3.000,3.000,3.162,3.606,4.243,5.000,5.831,5.385,4.472,3.606,2.828,2.236,2.000,2.000,2.000,2.000,2.000,2.000,2.000,2.000,2.000,2.000,2.000,2.000,2.000,2.000,2.236,2.828,3.606,4.472,5.385,5.099,4.123,3.162,2.236,1.414,1.000,1.000,1.000,1.000,1.000,1.000,1.000,1.000,1.000,1.000,1.000,1.000,1.000,1.000,1.414,2.236,3.162,4.123,5.099,5.000,4.000,3.000,2.000,1.000,-1.000,-1.000,-1.000,-1.000,-1.000,-1.000,-1.000,-1.000,-1.000,-1.000,-1.000,-1.000,-1.000,-1.000,1.000,2.000,3.000,4.000,5.000,5.099,4.123,3.162,2.236,1.414,1.000,-1.000,-1.414,-2.000,-2.000,-2.000,-2.000,-2.000,-2.000,-2.000,-2.000,-2.000,-2.000,-1.000,1.000,2.000,3.000,4.000,5.000,5.385,4.472,3.606,2.828,2.236,1.414,1.000,-1.000,-1.414,-2.236,-3.000,-3.000,-3.000,-2.828,-2.236,-2.000,-1.414,-1.000,-1.000,1.000,2.000,3.000,4.000,5.000,5.831,5.000,4.243,3.606,2.828,2.236,1.414,1.000,-1.000,-2.000,-2.828,-3.606,-2.828,-2.236,-1.414,-1.000,-1.000,1.000,1.000,1.414,2.236,3.162,4.123,5.099,6.403,5.657,5.000,4.243,3.606,2.828,2.000,1.000,-1.000,-1.414,-2.236,-2.828,-2.236,-1.414,-1.000,1.000,1.000,1.414,2.000,2.236,2.828,3.606,4.472,5.385,7.071,6.403,5.657,5.000,4.123,3.162,2.236,1.414,1.000,-1.000,-2.000,-2.236,-1.414,-1.000,1.000,1.414,2.000,2.236,2.828,3.162,3.606,4.243,5.000,5.831,7.810,7.071,6.325,5.385,4.472,3.606,2.828,2.000,1.000,-1.000,-1.414,-2.000,-1.000,1.000,1.414,2.236,2.828,3.162,3.606,4.123,4.472,5.000,5.657,6.403,8.485,7.616,6.708,5.831,5.000,4.123,3.162,2.236,1.414,1.000,-1.000,-1.414,-1.000,1.000,2.000,2.828,3.606,4.123,4.472,5.000,5.385,5.831,6.403,7.071,8.944,8.062,7.211,6.325,5.385,4.472,3.606,2.828,2.236,1.414,1.000,-1.000,1.000,1.414,2.236,3.162,4.123,5.000,5.385,5.831,6.325,6.708,7.211,7.810,9.434,8.544,7.616,6.708,5.831,5.000,4.243,3.606,2.828,2.236,1.414,1.000,1.414,2.236,2.828,3.606,4.472,5.385,6.325,6.708,7.211,7.616,8.062,8.602,0.9526,0.1054
7.810,7.071,6.403,5.831,5.385,5.099,5.000,5.000,5.000,5.000,5.000,5.000,5.000,5.000,5.000,5.000,5.000,5.000,5.099,5.385,5.831,6.403,7.071,7.810,7.211,6.403,5.657,5.000,4.472,4.123,4.000,4.000,4.000,4.000,4.000,4.000,4.000,4.000,4.000,4.000,4.000,4.000,4.123,4.472,5.000,5.657,6.403,7.211,6.708,5.831,5.000,4.243,3.606,3.162,3.000,3.000,3.000,3.000,3.000,3.000,3.000,3.000,3.000,3.000,3.000,3.000,3.162,3.606,4.243,5.000,5.831,6.708,6.325,5.385,4.472,3.606,2.828,2.236,2.000,2.000,2.000,2.000,2.000,2.000,2.000,2.000,2.000,2.000,2.000,2.000,2.236,2.828,3.606,4.472,5.385,6.325,6.083,5.099,4.123,3.162,2.236,1.414,1.000,1.000,1.000,1.000,1.000,1.000,1.000,1.000,1.000,1.000,1.000,1.000,1.414,2.236,3.162,4.123,5.099,6.083,6.000,5.000,4.000,3.000,2.000,1.000,-1.000,-1.000,-1.000,-1.000,-1.000,-1.000,-1.000,-1.000,-1.000,-1.000,-1.000,-1.000,1.000,2.000,3.000,4.000,5.000,6.000,6.083,5.099,4.123,3.162,2.236,1.414,1.000,-1.000,-1.000,-1.414,-2.000,-2.000,-2.000,-1.414,-1.000,-1.000,1.000,1.000,1.414,2.236,3.162,4.123,5.099,6.083,6.325,5.385,4.472,3.606,2.828,2.236,1.414,1.000,1.000,-1.000,-1.414,-2.000,-1.414,-1.000,1.000,1.000,1.414,2.000,2.236,2.828,3.606,4.472,5.385,6.325,6.708,5.831,5.000,4.243,3.606,2.828,2.236,2.000,1.414,1.000,-1.000,-1.000,-1.000,1.000,1.414,2.000,2.236,2.828,3.162,3.606,4.243,5.000,5.831,6.708,7.211,6.403,5.657,5.000,4.243,3.606,3.162,2.828,2.236,1.414,1.000,1.000,1.000,1.414,2.236,2.828,3.162,3.606,4.123,4.472,5.000,5.657,6.403,7.211,7.810,7.071,6.403,5.657,5.000,4.472,4.123,3.606,2.828,2.236,2.000,2.000,2.000,2.236,2.828,3.606,4.123,4.472,5.000,5.385,5.831,6.403,7.071,7.810,8.485,7.810,7.071,6.403,5.831,5.385,5.000,4.243,3.606,3.162,3.000,3.000,3.000,3.162,3.606,4.243,5.000,5.385,5.831,6.325,6.708,7.211,7.810,8.485,9.220,8.485,7.810,7.211,6.708,6.325,5.657,5.000,4.472,4.123,4.000,4.000,4.000,4.123,4.472,5.000,5.657,6.325,6.708,7.211,7.616,8.062,8.602,9.220,9.899,9.220,8.602,8.062,7.616,7.071,6.403,5.831,5.385,5.099,5.000,5.000,5.000,5.099,5.385,5.831,6.403,7.071,7.616,8.062,8.544,8.944,9.434,10.000,10.630,10.000,9.434,8.944,8.485,7.810,7.211,6.708,6.325,6.083,6.000,6.000,6.000,6.083,6.325,6.708,7.211,7.810,8.485,8.944,9.434,9.849,10.296,10.817,11.402,10.817,10.296,9.849,9.220,8.602,8.062,7.616,7.280,7.071,7.000,7.000,7.000,7.071,7.280,7.616,8.062,8.602,9.220,9.849,10.296,10.770,11.180,11.662,0.5249,-0.0576
8.485,7.810,7.211,6.708,6.325,6.083,6.000,6.000,6.000,6.000,6.000,6.000,6.000,6.000,6.000,6.000,6.000,6.000,6.000,6.083,6.325,6.708,7.211,7.810,7.810,7.071,6.403,5.831,5.385,5.099,5.000,5.000,5.000,5.000,5.000,5.000,5.000,5.000,5.000,5.000,5.000,5.000,5.000,5.099,5.385,5.831,6.403,7.071,7.211,6.403,5.657,5.000,4.472,4.123,4.000,4.000,4.000,4.000,4.000,4.000,4.000,4.000,4.000,4.000,4.000,4.000,4.000,4.123,4.472,5.000,5.657,6.403,6.708,5.831,5.000,4.243,3.606,3.162,3.000,3.000,3.000,3.000,3.000,3.000,3.000,3.000,3.000,3.000,3.000,3.000,3.000,3.162,3.606,4.243,5.000,5.831,6.325,5.385,4.472,3.606,2.828,2.236,2.000,2.000,2.000,2.000,2.000,2.000,2.000,2.000,2.000,2.000,2.000,2.000,2.000,2.236,2.828,3.606,4.472,5.385,6.083,5.099,4.123,3.162,2.236,1.414,1.000,1.000,1.000,1.000,1.000,1.000,1.000,1.000,1.000,1.000,1.000,1.000,1.000,1.414,2.236,3.162,4.123,5.099,6.000,5.000,4.000,3.000,2.000,1.000,-1.000,-1.000,-1.000,-1.000,-1.000,-1.000,-1.000,-1.000,-1.000,-1.000,-1.000,-1.000,-1.000,1.000,2.000,3.000,4.000,5.000,6.083,5.099,4.123,3.162,2.236,1.414,1.000,1.000,-1.000,-1.414,-2.000,-2.000,-2.000,-1.414,-1.000,-1.000,1.000,1.000,1.000,1.414,2.236,3.162,4.123,5.099,6.325,5.385,4.472,3.606,2.828,2.236,2.000,1.414,1.000,-1.000,-1.414,-1.414,-1.000,-1.000,1.000,1.000,1.414,2.000,2.000,2.236,2.828,3.606,4.472,5.385,6.708,5.831,5.000,4.243,3.606,3.162,2.828,2.236,1.414,1.000,-1.000,-1.000,1.000,1.000,1.414,2.000,2.236,2.828,3.000,3.162,3.606,4.243,5.000,5.831,7.211,6.403,5.657,5.000,4.472,4.123,3.606,2.828,2.236,1.414,1.000,1.000,1.414,2.000,2.236,2.828,3.162,3.606,4.000,4.123,4.472,5.000,5.657,6.403,7.810,7.071,6.403,5.831,5.385,5.000,4.243,3.606,2.828,2.236,2.000,2.000,2.236,2.828,3.162,3.606,4.123,4.472,5.000,5.099,5.385,5.831,6.403,7.071,8.485,7.810,7.211,6.708,6.325,5.657,5.000,4.243,3.606,3.162,3.000,3.000,3.162,3.606,4.123,4.472,5.000,5.385,5.831,6.083,6.325,6.708,7.211,7.810,9.220,8.602,8.062,7.616,7.071,6.403,5.657,5.000,4.472,4.123,4.000,4.000,4.123,4.472,5.000,5.385,5.831,6.325,6.708,7.071,7.280,7.616,8.062,8.602,10.000,9.434,8.944,8.485,7.810,7.071,6.403,5.831,5.385,5.099,5.000,5.000,5.099,5.385,5.831,6.325,6.708,7.211,7.616,8.062,8.246,8.544,8.944,9.434,10.817,10.296,9.849,9.220,8.485,7.810,7.211,6.708,6.325,6.083,6.000,6.000,6.083,6.325,6.708,7.211,7.616,8.062,8.544,8.944,9.220,9.487,9.849,10.296,0.5474,0.0198
5.000,4.472,4.123,4.000,4.000,4.000,4.000,4.000,4.000,4.000,4.000,4.000,4.000,4.000,4.000,4.000,4.000,4.000,4.000,4.000,4.000,4.000,4.000,4.123,4.243,3.606,3.162,3.000,3.000,3.000,3.000,3.000,3.000,3.000,3.000,3.000,3.000,3.000,3.000,3.000,3.000,3.000,3.000,3.000,3.000,3.000,3.000,3.162,3.606,2.828,2.236,2.000,2.000,2.000,2.000,2.000,2.000,2.000,2.000,2.000,2.000,2.000,2.000,2.000,2.000,2.000,2.000,2.000,2.000,2.000,2.000,2.236,3.162,2.236,1.414,1.000,1.000,1.000,1.000,1.000,1.000,1.000,1.000,1.000,1.000,1.000,1.000,1.000,1.000,1.000,1.000,1.000,1.000,1.000,1.000,1.414,3.000,2.000,1.000,-1.000,-1.000,-1.000,-1.000,-1.000,-1.000,-1.000,-1.000,-1.000,-1.000,-1.000,-1.000,-1.000,-1.000,-1.000,-1.000,-1.000,-1.000,-1.000,-1.000,1.000,3.162,2.236,1.414,1.000,-1.000,-1.000,-1.414,-2.000,-2.000,-2.000,-2.000,-2.000,-2.000,-2.000,-2.000,-2.000,-2.000,-2.000,-2.000,-1.414,-1.000,-1.000,-1.000,1.000,3.606,2.828,2.236,1.414,1.000,1.000,-1.000,-1.000,-1.414,-2.236,-2.828,-3.000,-2.828,-2.236,-2.000,-1.414,-1.000,-1.000,-1.000,-1.000,1.000,1.000,1.000,1.414,4.243,3.606,2.828,2.236,2.000,1.414,1.000,1.000,-1.000,-1.414,-2.000,-2.000,-2.000,-1.414,-1.000,-1.000,1.000,1.000,1.000,1.000,1.414,2.000,2.000,2.236,5.000,4.243,3.606,3.162,2.828,2.236,2.000,1.414,1.000,-1.000,-1.000,-1.000,-1.000,-1.000,1.000,1.000,1.414,2.000,2.000,2.000,2.236,2.828,3.000,3.162,5.657,5.000,4.472,4.123,3.606,3.162,2.828,2.236,1.414,1.000,1.000,1.000,1.000,1.000,1.414,2.000,2.236,2.828,3.000,3.000,3.162,3.606,4.000,4.123,6.403,5.831,5.385,5.000,4.472,4.123,3.606,2.828,2.236,2.000,2.000,2.000,2.000,2.000,2.236,2.828,3.162,3.606,4.000,4.000,4.123,4.472,5.000,5.099,7.211,6.708,6.325,5.831,5.385,5.000,4.243,3.606,3.162,3.000,3.000,3.000,3.000,3.000,3.162,3.606,4.123,4.472,5.000,5.000,5.099,5.385,5.831,6.083,8.062,7.616,7.211,6.708,6.325,5.657,5.000,4.472,4.123,4.000,4.000,4.000,4.000,4.000,4.123,4.472,5.000,5.385,5.831,6.000,6.083,6.325,6.708,7.071,8.944,8.544,8.062,7.616,7.071,6.403,5.831,5.385,5.099,5.000,5.000,5.000,5.000,5.000,5.099,5.385,5.831,6.325,6.708,7.000,7.071,7.280,7.616,8.062,9.849,9.434,8.944,8.485,7.810,7.211,6.708,6.325,6.083,6.000,6.000,6.000,6.000,6.000,6.083,6.325,6.708,7.211,7.616,8.000,8.062,8.246,8.544,8.944,10.770,10.296,9.849,9.220,8.602,8.062,7.616,7.280,7.071,7.000,7.000,7.000,7.000,7.000,7.071,7.280,7.616,8.062,8.544,8.944,9.055,9.220,9.487,9.849,0.6631,-0.1073
6.403,5.657,5.000,4.472,4.123,4.000,4.000,4.000,4.000,4.000,4.000,4.000,4.000,4.000,4.000,4.000,4.000,4.000,4.000,4.123,4.472,5.000,5.657,6.403,5.831,5.000,4.243,3.606,3.162,3.000,3.000,3.000,3.000,3.000,3.000,3.000,3.000,3.000,3.000,3.000,3.000,3.000,3.000,3.162,3.606,4.243,5.000,5.831,5.385,4.472,3.606,2.828,2.236,2.000,2.000,2.000,2.000,2.000,2.000,2.000,2.000,2.000,2.000,2.000,2.000,2.000,2.000,2.236,2.828,3.606,4.472,5.385,5.099,4.123,3.162,2.236,1.414,1.000,1.000,1.000,1.000,1.000,1.000,1.000,1.000,1.000,1.000,1.000,1.000,1.000,1.000,1.414,2.236,3.162,4.123,5.099,5.000,4.000,3.000,2.000,1.000,-1.000,-1.000,-1.000,-1.000,-1.000,-1.000,-1.000,-1.000,-1.000,-1.000,-1.000,-1.000,-1.000,-1.000,1.000,2.000,3.000,4.000,5.000,5.099,4.123,3.162,2.236,1.414,1.000,1.000,-1.000,-2.000,-2.000,-2.000,-2.000,-2.000,-2.000,-2.000,-2.000,-2.000,-2.000,-1.000,1.000,2.000,3.000,4.000,5.000,5.385,4.472,3.606,2.828,2.236,2.000,1.000,-1.000,-1.414,-2.236,-2.828,-3.000,-3.000,-3.000,-2.828,-2.236,-2.000,-1.414,-1.000,1.000,2.000,3.000,4.000,5.000,5.831,5.000,4.243,3.606,3.162,2.236,1.414,1.000,-1.000,-1.414,-2.236,-3.162,-2.828,-2.236,-2.000,-1.414,-1.000,-1.000,1.000,1.414,2.236,3.162,4.123,5.099,6.403,5.657,5.000,4.472,3.606,2.828,2.236,1.414,1.000,-1.000,-2.000,-3.000,-2.236,-1.414,-1.000,-1.000,1.000,1.000,1.414,2.236,2.828,3.606,4.472,5.385,7.071,6.403,5.831,5.000,4.243,3.606,2.828,2.000,1.000,-1.000,-2.000,-2.828,-2.000,-1.000,1.000,1.000,1.414,2.000,2.236,2.828,3.606,4.243,5.000,5.831,7.810,7.211,6.403,5.657,5.000,4.000,3.000,2.000,1.000,-1.000,-1.414,-2.236,-1.414,-1.000,1.000,2.000,2.236,2.828,3.162,3.606,4.243,5.000,5.657,6.403,8.602,7.810,7.071,6.083,5.099,4.123,3.162,2.236,1.414,1.000,-1.000,-1.414,-1.000,1.000,1.414,2.236,3.162,3.606,4.123,4.472,5.000,5.657,6.403,7.071,9.220,8.246,7.280,6.325,5.385,4.472,3.606,2.828,2.000,1.000,-1.000,-1.000,1.000,1.414,2.236,2.828,3.606,4.472,5.000,5.385,5.831,6.403,7.071,7.810,9.487,8.544,7.616,6.708,5.831,5.000,4.123,3.162,2.236,1.414,1.000,1.000,1.414,2.236,2.828,3.606,4.243,5.000,5.831,6.325,6.708,7.211,7.810,8.485,9.849,8.944,8.062,7.211,6.325,5.385,4.472,3.606,2.828,2.236,2.000,2.000,2.236,2.828,3.606,4.243,5.000,5.657,6.403,7.211,7.616,8.062,8.602,9.220,10.296,9.434,8.544,7.616,6.708,5.831,5.000,4.243,3.606,3.162,3.000,3.000,3.162,3.606,4.243,5.000,5.657,6.403,7.071,7.810,8.544,8.944,9.434,10.000,0.9859,-0.0002
5.385,5.099,5.000,5.000,5.000,5.000,5.000,5.000,5.000,5.000,5.000,5.000,5.000,5.000,5.000,5.000,5.000,5.000,5.000,5.000,5.000,5.000,5.000,5.099,4.472,4.123,4.000,4.000,4.000,4.000,4.000,4.000,4.000,4.000,4.000,4.000,4.000,4.000,4.000,4.000,4.000,4.000,4.000,4.000,4.000,4.000,4.000,4.123,3.606,3.162,3.000,3.000,3.000,3.000,3.000,3.000,3.000,3.000,3.000,3.000,3.000,3.000,3.000,3.000,3.000,3.000,3.000,3.000,3.000,3.000,3.000,3.162,2.828,2.236,2.000,2.000,2.000,2.000,2.000,2.000,2.000,2.000,2.000,2.000,2.000,2.000,2.000,2.000,2.000,2.000,2.000,2.000,2.000,2.000,2.000,2.236,2.236,1.414,1.000,1.000,1.000,1.000,1.000,1.000,1.000,1.000,1.000,1.000,1.000,1.000,1.000,1.000,1.000,1.000,1.000,1.000,1.000,1.000,1.000,1.414,2.000,1.000,-1.000,-1.000,-1.000,-1.000,-1.000,-1.000,-1.000,-1.000,-1.000,-1.000,-1.000,-1.000,-1.000,-1.000,-1.000,-1.000,-1.000,-1.000,-1.000,-1.000,-1.000,1.000,2.236,1.414,1.000,1.000,-1.000,-1.000,-1.414,-2.000,-2.000,-2.000,-2.000,-2.000,-2.000,-2.000,-2.000,-2.000,-2.000,-2.000,-2.000,-2.000,-2.000,-2.000,-1.000,1.000,2.828,2.236,2.000,1.414,1.000,1.000,-1.000,-1.414,-2.236,-2.828,-3.000,-3.000,-3.000,-3.000,-3.000,-3.000,-3.000,-2.828,-2.236,-2.000,-2.000,-2.000,-1.000,1.000,3.606,3.162,2.828,2.236,2.000,1.414,1.000,-1.000,-1.414,-2.236,-2.828,-3.000,-2.828,-2.236,-2.000,-2.000,-2.000,-2.000,-1.414,-1.000,-1.000,-1.000,-1.000,1.000,4.472,4.123,3.606,3.162,2.828,2.236,1.414,1.000,-1.000,-1.414,-2.000,-2.000,-2.000,-1.414,-1.000,-1.000,-1.000,-1.000,-1.000,1.000,1.000,1.000,1.000,1.414,5.385,5.000,4.472,4.123,3.606,2.828,2.236,1.414,1.000,-1.000,-1.000,-1.000,-1.000,-1.000,1.000,1.000,1.000,1.000,1.000,1.414,2.000,2.000,2.000,2.236,6.325,5.831,5.385,5.000,4.243,3.606,2.828,2.236,1.414,1.000,1.000,1.000,1.000,1.000,1.414,2.000,2.000,2.000,2.000,2.236,2.828,3.000,3.000,3.162,7.211,6.708,6.325,5.657,5.000,4.243,3.606,2.828,2.236,2.000,2.000,2.000,2.000,2.000,2.236,2.828,3.000,3.000,3.000,3.162,3.606,4.000,4.000,4.123,8.062,7.616,7.071,6.403,5.657,5.000,4.243,3.606,3.162,3.000,3.000,3.000,3.000,3.000,3.162,3.606,4.000,4.000,4.000,4.123,4.472,5.000,5.000,5.099,8.944,8.485,7.810,7.071,6.403,5.657,5.000,4.472,4.123,4.000,4.000,4.000,4.000,4.000,4.123,4.472,5.000,5.000,5.000,5.099,5.385,5.831,6.000,6.083,9.849,9.220,8.485,7.810,7.071,6.403,5.831,5.385,5.099,5.000,5.000,5.000,5.000,5.000,5.099,5.385,5.831,6.000,6.000,6.083,6.325,6.708,7.000,7.071,0.8045,0.0795
6.325,6.083,6.000,6.000,6.000,6.000,6.000,6.000,6.000,6.000,6.000,6.000,6.000,6.000,6.000,6.000,6.000,6.000,6.000,6.000,6.000,6.000,6.083,6.325,5.385,5.099,5.000,5.000,5.000,5.000,5.000,5.000,5.000,5.000,5.000,5.000,5.000,5.000,5.000,5.000,5.000,5.000,5.000,5.000,5.000,5.000,5.099,5.385,4.472,4.123,4.000,4.000,4.000,4.000,4.000,4.000,4.000,4.000,4.000,4.000,4.000,4.000,4.000,4.000,4.000,4.000,4.000,4.000,4.000,4.000,4.123,4.472,3.606,3.162,3.000,3.000,3.000,3.000,3.000,3.000,3.000,3.000,3.000,3.000,3.000,3.000,3.000,3.000,3.000,3.000,3.000,3.000,3.000,3.000,3.162,3.606,2.828,2.236,2.000,2.000,2.000,2.000,2.000,2.000,2.000,2.000,2.000,2.000,2.000,2.000,2.000,2.000,2.000,2.000,2.000,2.000,2.000,2.000,2.236,2.828,2.236,1.414,1.000,1.000,1.000,1.000,1.000,1.000,1.000,1.000,1.000,1.000,1.000,1.000,1.000,1.000,1.000,1.000,1.000,1.000,1.000,1.000,1.414,2.236,2.000,1.000,-1.000,-1.000,-1.000,-1.000,-1.000,-1.000,-1.000,-1.000,-1.000,-1.000,-1.000,-1.000,-1.000,-1.000,-1.000,-1.000,-1.000,-1.000,-1.000,-1.000,1.000,2.000,2.236,1.414,1.000,-1.000,-1.414,-2.000,-2.000,-2.000,-2.000,-2.000,-2.000,-2.000,-2.000,-2.000,-2.000,-2.000,-2.000,-2.000,-2.000,-2.000,-1.414,-1.000,1.000,2.000,2.828,2.236,1.414,1.000,-1.000,-1.414,-2.236,-2.828,-3.000,-3.000,-3.000,-3.000,-3.000,-3.000,-2.828,-2.236,-2.000,-1.414,-1.000,-1.000,-1.000,1.000,1.414,2.236,3.606,2.828,2.236,1.414,1.000,-1.000,-1.414,-2.236,-2.828,-3.162,-3.606,-4.000,-3.606,-2.828,-2.236,-1.414,-1.000,-1.000,1.000,1.000,1.000,1.414,2.236,2.828,4.243,3.606,2.828,2.236,1.414,1.000,-1.000,-1.414,-2.000,-2.236,-2.828,-3.162,-2.828,-2.236,-1.414,-1.000,1.000,1.000,1.414,2.000,2.000,2.236,2.828,3.606,5.000,4.243,3.606,2.828,2.236,1.414,1.000,-1.000,-1.000,-1.414,-2.236,-2.236,-2.000,-1.414,-1.000,1.000,1.414,2.000,2.236,2.828,3.000,3.162,3.606,4.243,5.657,5.000,4.243,3.606,2.828,2.236,1.414,1.000,1.000,-1.000,-1.414,-1.414,-1.000,-1.000,1.000,1.414,2.236,2.828,3.162,3.606,4.000,4.123,4.472,5.000,6.403,5.657,5.000,4.243,3.606,2.828,2.236,2.000,1.414,1.000,-1.000,-1.000,1.000,1.000,1.414,2.236,2.828,3.606,4.123,4.472,5.000,5.099,5.385,5.831,7.071,6.403,5.657,5.000,4.243,3.606,3.162,2.828,2.236,1.414,1.000,1.000,1.414,2.000,2.236,2.828,3.606,4.243,5.000,5.385,5.831,6.083,6.325,6.708,7.810,7.071,6.403,5.657,5.000,4.472,4.123,3.606,2.828,2.236,2.000,2.000,2.236,2.828,3.162,3.606,4.243,5.000,5.657,6.325,6.708,7.071,7.280,7.616,0.6948,-0.0079
5.000,4.472,4.123,4.000,4.000,4.000,4.000,4.000,4.000,4.000,4.000,4.000,4.000,4.000,4.000,4.000,4.000,4.000,4.000,4.000,4.000,4.000,4.123,4.472,4.243,3.606,3.162,3.000,3.000,3.000,3.000,3.000,3.000,3.000,3.000,3.000,3.000,3.000,3.000,3.000,3.000,3.000,3.000,3.000,3.000,3.000,3.162,3.606,3.606,2.828,2.236,2.000,2.000,2.000,2.000,2.000,2.000,2.000,2.000,2.000,2.000,2.000,2.000,2.000,2.000,2.000,2.000,2.000,2.000,2.000,2.236,2.828,3.162,2.236,1.414,1.000,1.000,1.000,1.000,1.000,1.000,1.000,1.000,1.000,1.000,1.000,1.000,1.000,1.000,1.000,1.000,1.000,1.000,1.000,1.414,2.236,3.000,2.000,1.000,-1.000,-1.000,-1.000,-1.000,-1.000,-1.000,-1.000,-1.000,-1.000,-1.000,-1.000,-1.000,-1.000,-1.000,-1.000,-1.000,-1.000,-1.000,-1.000,1.000,2.000,3.000,2.000,1.000,-1.000,-1.414,-2.000,-2.000,-2.000,-2.000,-2.000,-2.000,-2.000,-2.000,-2.000,-2.000,-2.000,-2.000,-2.000,-2.000,-2.000,-2.000,-1.000,1.000,2.000,3.162,2.236,1.414,1.000,-1.000,-1.414,-2.236,-2.828,-3.000,-3.000,-3.000,-3.000,-3.000,-3.000,-3.000,-3.000,-3.000,-3.000,-3.000,-3.000,-2.000,-1.000,1.000,2.000,3.606,2.828,2.236,1.414,1.000,-1.000,-1.414,-2.236,-2.828,-3.606,-4.000,-4.000,-4.000,-4.000,-4.000,-4.000,-4.000,-4.000,-4.000,-3.000,-2.000,-1.000,1.000,2.000,4.243,3.606,2.828,2.236,1.414,1.000,-1.000,-1.414,-2.236,-2.828,-3.606,-4.000,-4.123,-4.472,-4.472,-4.123,-4.000,-4.000,-4.000,-3.000,-2.000,-1.000,1.000,2.000,5.000,4.243,3.606,2.828,2.236,1.414,1.000,-1.000,-1.414,-2.236,-2.828,-3.000,-3.162,-3.606,-3.606,-3.162,-3.000,-3.000,-3.000,-3.000,-2.000,-1.000,1.000,2.000,5.657,5.000,4.243,3.606,2.828,2.236,1.414,1.000,-1.000,-1.414,-2.000,-2.000,-2.236,-2.828,-2.828,-2.236,-2.000,-2.000,-2.000,-2.000,-2.000,-1.000,1.000,2.000,6.403,5.657,5.000,4.243,3.606,2.828,2.236,1.414,1.000,-1.000,-1.000,-1.000,-1.414,-2.000,-2.000,-1.414,-1.000,-1.000,-1.000,-1.000,-1.000,-1.000,1.000,2.000,7.071,6.403,5.657,5.000,4.243,3.606,2.828,2.236,1.414,1.000,1.000,1.000,-1.000,-1.000,-1.000,-1.000,1.000,1.000,1.000,1.000,1.000,1.000,1.414,2.236,7.810,7.071,6.403,5.657,5.000,4.243,3.606,2.828,2.236,2.000,2.000,1.414,1.000,1.000,1.000,1.000,1.414,2.000,2.000,2.000,2.000,2.000,2.236,2.828,8.485,7.810,7.071,6.403,5.657,5.000,4.243,3.606,3.162,3.000,2.828,2.236,2.000,2.000,2.000,2.000,2.236,2.828,3.000,3.000,3.000,3.000,3.162,3.606,9.220,8.485,7.810,7.071,6.403,5.657,5.000,4.472,4.123,4.000,3.606,3.162,3.000,3.000,3.000,3.000,3.162,3.606,4.000,4.000,4.000,4.000,4.123,4.472,1.0080,-0.0591
8.485,7.810,7.211,6.708,6.325,6.083,6.000,6.000,6.000,6.000,6.000,6.000,6.000,6.000,6.000,6.000,6.000,6.000,6.000,6.083,6.325,6.708,7.211,7.810,7.810,7.071,6.403,5.831,5.385,5.099,5.000,5.000,5.000,5.000,5.000,5.000,5.000,5.000,5.000,5.000,5.000,5.000,5.000,5.099,5.385,5.831,6.403,7.071,7.211,6.403,5.657,5.000,4.472,4.123,4.000,4.000,4.000,4.000,4.000,4.000,4.000,4.000,4.000,4.000,4.000,4.000,4.000,4.123,4.472,5.000,5.657,6.403,6.708,5.831,5.000,4.243,3.606,3.162,3.000,3.000,3.000,3.000,3.000,3.000,3.000,3.000,3.000,3.000,3.000,3.000,3.000,3.162,3.606,4.243,5.000,5.831,6.325,5.385,4.472,3.606,2.828,2.236,2.000,2.000,2.000,2.000,2.000,2.000,2.000,2.000,2.000,2.000,2.000,2.000,2.000,2.236,2.828,3.606,4.472,5.385,6.083,5.099,4.123,3.162,2.236,1.414,1.000,1.000,1.000,1.000,1.000,1.000,1.000,1.000,1.000,1.000,1.000,1.000,1.000,1.414,2.236,3.162,4.123,5.099,6.000,5.000,4.000,3.000,2.000,1.000,-1.000,-1.000,-1.000,-1.000,-1.000,-1.000,-1.000,-1.000,-1.000,-1.000,-1.000,-1.000,-1.000,1.000,2.000,3.000,4.000,5.000,6.083,5.099,4.123,3.162,2.236,1.414,1.000,-1.000,-1.414,-2.000,-2.000,-2.000,-2.000,-2.000,-2.000,-2.000,-2.000,-2.000,-1.000,1.000,2.000,3.000,4.000,5.000,6.325,5.385,4.472,3.606,2.828,2.236,1.414,1.000,-1.000,-1.414,-2.000,-2.236,-2.828,-3.000,-2.828,-2.236,-2.000,-2.000,-1.000,1.000,2.000,3.000,4.000,5.000,6.708,5.831,5.000,4.243,3.606,2.828,2.236,1.414,1.000,-1.000,-1.000,-1.414,-2.000,-2.000,-2.000,-1.414,-1.000,-1.000,-1.000,1.000,2.000,3.000,4.000,5.000,7.211,6.403,5.657,5.000,4.243,3.606,2.828,2.236,1.414,1.000,1.000,-1.000,-1.000,-1.000,-1.000,-1.000,1.000,1.000,1.000,1.414,2.236,3.162,4.123,5.099,7.810,7.071,6.403,5.657,5.000,4.243,3.606,2.828,2.236,2.000,1.414,1.000,1.000,1.000,1.000,1.000,1.414,2.000,2.000,2.236,2.828,3.606,4.472,5.385,8.485,7.810,7.071,6.403,5.657,5.000,4.243,3.606,3.162,2.828,2.236,2.000,2.000,2.000,2.000,2.000,2.236,2.828,3.000,3.162,3.606,4.243,5.000,5.831,9.220,8.485,7.810,7.071,6.403,5.657,5.000,4.472,4.123,3.606,3.162,3.000,3.000,3.000,3.000,3.000,3.162,3.606,4.000,4.123,4.472,5.000,5.657,6.403,9.899,9.220,8.485,7.810,7.071,6.403,5.831,5.385,5.000,4.472,4.123,4.000,4.000,4.000,4.000,4.000,4.123,4.472,5.000,5.099,5.385,5.831,6.403,7.071,10.630,9.899,9.220,8.485,7.810,7.211,6.708,6.325,5.831,5.385,5.099,5.000,5.000,5.000,5.000,5.000,5.099,5.385,5.831,6.083,6.325,6.708,7.211,7.810,0.7876,-0.0183
6.325,6.083,6.000,6.000,6.000,6.000,6.000,6.000,6.000,6.000,6.000,6.000,6.000,6.000,6.000,6.000,6.000,6.000,6.000,6.000,6.000,6.000,6.000,6.083,5.385,5.099,5.000,5.000,5.000,5.000,5.000,5.000,5.000,5.000,5.000,5.000,5.000,5.000,5.000,5.000,5.000,5.000,5.000,5.000,5.000,5.000,5.000,5.099,4.472,4.123,4.000,4.000,4.000,4.000,4.000,4.000,4.000,4.000,4.000,4.000,4.000,4.000,4.000,4.000,4.000,4.000,4.000,4.000,4.000,4.000,4.000,4.123,3.606,3.162,3.000,3.000,3.000,3.000,3.000,3.000,3.000,3.000,3.000,3.000,3.000,3.000,3.000,3.000,3.000,3.000,3.000,3.000,3.000,3.000,3.000,3.162,2.828,2.236,2.000,2.000,2.000,2.000,2.000,2.000,2.000,2.000,2.000,2.000,2.000,2.000,2.000,2.000,2.000,2.000,2.000,2.000,2.000,2.000,2.000,2.236,2.236,1.414,1.000,1.000,1.000,1.000,1.000,1.000,1.000,1.000,1.000,1.000,1.000,1.000,1.000,1.000,1.000,1.000,1.000,1.000,1.000,1.000,1.000,1.414,2.000,1.000,-1.000,-1.000,-1.000,-1.000,-1.000,-1.000,-1.000,-1.000,-1.000,-1.000,-1.000,-1.000,-1.000,-1.000,-1.000,-1.000,-1.000,-1.000,-1.000,-1.000,-1.000,1.000,2.236,1.414,1.000,-1.000,-1.414,-2.000,-2.000,-2.000,-2.000,-2.000,-2.000,-2.000,-2.000,-2.000,-2.000,-2.000,-2.000,-2.000,-2.000,-2.000,-2.000,-2.000,-1.000,1.000,2.828,2.236,1.414,1.000,-1.000,-1.000,-1.414,-2.236,-3.000,-3.000,-3.000,-3.000,-3.000,-3.000,-3.000,-3.000,-3.000,-3.000,-2.828,-2.236,-2.000,-2.000,-1.000,1.000,3.606,2.828,2.236,1.414,1.000,1.000,-1.000,-2.000,-2.828,-3.606,-4.000,-4.000,-4.000,-3.606,-3.162,-2.828,-2.236,-2.000,-2.000,-1.414,-1.000,-1.000,-1.000,1.000,4.243,3.606,2.828,2.236,2.000,1.000,-1.000,-1.414,-2.236,-2.828,-3.606,-4.123,-3.606,-2.828,-2.236,-2.000,-1.414,-1.000,-1.000,-1.000,1.000,1.000,1.000,1.414,5.000,4.243,3.606,3.162,2.236,1.414,1.000,-1.000,-1.414,-2.236,-2.828,-3.162,-2.828,-2.236,-1.414,-1.000,-1.000,1.000,1.000,1.000,1.414,2.000,2.000,2.236,5.657,5.000,4.472,3.606,2.828,2.236,1.414,1.000,-1.000,-1.414,-2.236,-2.236,-2.000,-1.414,-1.000,1.000,1.000,1.414,2.000,2.000,2.236,2.828,3.000,3.162,6.403,5.831,5.000,4.243,3.606,2.828,2.236,1.414,1.000,-1.000,-1.414,-1.414,-1.000,-1.000,1.000,1.414,2.000,2.236,2.828,3.000,3.162,3.606,4.000,4.123,7.211,6.403,5.657,5.000,4.243,3.606,2.828,2.236,1.414,1.000,-1.000,-1.000,1.000,1.000,1.414,2.236,2.828,3.162,3.606,4.000,4.123,4.472,5.000,5.099,7.810,7.071,6.403,5.657,5.000,4.243,3.606,2.828,2.236,1.414,1.000,1.000,1.414,2.000,2.236,2.828,3.606,4.123,4.472,5.000,5.099,5.385,5.831,6.083,0.9139,0.0308
3.606,3.162,3.000,3.000,3.000,3.000,3.000,3.000,3.000,3.000,3.000,3.000,3.000,3.000,3.000,3.000,3.000,3.000,3.000,3.000,3.000,3.000,3.162,3.606,2.828,2.236,2.000,2.000,2.000,2.000,2.000,2.000,2.000,2.000,2.000,2.000,2.000,2.000,2.000,2.000,2.000,2.000,2.000,2.000,2.000,2.000,2.236,2.828,2.236,1.414,1.000,1.000,1.000,1.000,1.000,1.000,1.000,1.000,1.000,1.000,1.000,1.000,1.000,1.000,1.000,1.000,1.000,1.000,1.000,1.000,1.414,2.236,2.000,1.000,-1.000,-1.000,-1.000,-1.000,-1.000,-1.000,-1.000,-1.000,-1.000,-1.000,-1.000,-1.000,-1.000,-1.000,-1.000,-1.000,-1.000,-1.000,-1.000,-1.000,1.000,2.000,2.236,1.414,1.000,1.000,-1.000,-1.414,-2.000,-2.000,-2.000,-2.000,-2.000,-2.000,-2.000,-2.000,-2.000,-2.000,-2.000,-2.000,-2.000,-2.000,-2.000,-1.000,1.000,2.000,2.828,2.236,2.000,1.414,1.000,-1.000,-1.414,-2.000,-2.236,-2.828,-3.000,-3.000,-3.000,-3.000,-3.000,-3.000,-3.000,-3.000,-2.828,-2.236,-2.000,-1.000,1.000,2.000,3.606,3.162,2.828,2.236,1.414,1.000,-1.000,-1.000,-1.414,-2.236,-2.828,-3.000,-3.000,-3.000,-2.828,-2.236,-2.000,-2.000,-2.000,-1.414,-1.000,-1.000,1.000,2.000,4.472,4.123,3.606,2.828,2.236,1.414,1.000,1.000,-1.000,-1.414,-2.000,-2.000,-2.000,-2.000,-2.000,-1.414,-1.000,-1.000,-1.000,-1.000,1.000,1.000,1.414,2.236,5.385,5.000,4.243,3.606,2.828,2.236,2.000,1.414,1.000,-1.000,-1.000,-1.000,-1.000,-1.000,-1.000,-1.000,1.000,1.000,1.000,1.000,1.414,2.000,2.236,2.828,6.325,5.657,5.000,4.243,3.606,3.162,2.828,2.236,1.414,1.000,1.000,1.000,1.000,1.000,1.000,1.000,1.414,2.000,2.000,2.000,2.236,2.828,3.162,3.606,7.071,6.403,5.657,5.000,4.472,4.123,3.606,2.828,2.236,2.000,2.000,2.000,2.000,2.000,2.000,2.000,2.236,2.828,3.000,3.000,3.162,3.606,4.123,4.472,7.810,7.071,6.403,5.831,5.385,5.000,4.243,3.606,3.162,3.000,3.000,3.000,3.000,3.000,3.000,3.000,3.162,3.606,4.000,4.000,4.123,4.472,5.000,5.385,8.485,7.810,7.211,6.708,6.325,5.657,5.000,4.472,4.123,4.000,4.000,4.000,4.000,4.000,4.000,4.000,4.123,4.472,5.000,5.000,5.099,5.385,5.831,6.325,9.220,8.602,8.062,7.616,7.071,6.403,5.831,5.385,5.099,5.000,5.000,5.000,5.000,5.000,5.000,5.000,5.099,5.385,5.831,6.000,6.083,6.325,6.708,7.211,10.000,9.434,8.944,8.485,7.810,7.211,6.708,6.325,6.083,6.000,6.000,6.000,6.000,6.000,6.000,6.000,6.083,6.325,6.708,7.000,7.071,7.280,7.616,8.062,10.817,10.296,9.849,9.220,8.602,8.062,7.616,7.280,7.071,7.000,7.000,7.000,7.000,7.000,7.000,7.000,7.071,7.280,7.616,8.000,8.062,8.246,8.544,8.944,0.8646,-0.2602
5.657,5.000,4.472,4.123,4.000,4.000,4.000,4.000,4.000,4.000,4.000,4.000,4.000,4.000,4.000,4.000,4.000,4.000,4.000,4.000,4.123,4.472,5.000,5.657,5.000,4.243,3.606,3.162,3.000,3.000,3.000,3.000,3.000,3.000,3.000,3.000,3.000,3.000,3.000,3.000,3.000,3.000,3.000,3.000,3.162,3.606,4.243,5.000,4.472,3.606,2.828,2.236,2.000,2.000,2.000,2.000,2.000,2.000,2.000,2.000,2.000,2.000,2.000,2.000,2.000,2.000,2.000,2.000,2.236,2.828,3.606,4.472,4.123,3.162,2.236,1.414,1.000,1.000,1.000,1.000,1.000,1.000,1.000,1.000,1.000,1.000,1.000,1.000,1.000,1.000,1.000,1.000,1.414,2.236,3.162,4.123,4.000,3.000,2.000,1.000,-1.000,-1.000,-1.000,-1.000,-1.000,-1.000,-1.000,-1.000,-1.000,-1.000,-1.000,-1.000,-1.000,-1.000,-1.000,-1.000,1.000,2.000,3.000,4.000,4.123,3.162,2.236,1.414,1.000,-1.000,-2.000,-2.000,-2.000,-2.000,-2.000,-2.000,-2.000,-2.000,-2.000,-2.000,-2.000,-2.000,-2.000,-1.000,1.000,2.000,3.000,4.000,4.472,3.606,2.828,2.000,1.000,-1.000,-1.414,-2.236,-2.828,-3.000,-3.000,-3.000,-3.000,-3.000,-3.000,-3.000,-3.000,-3.000,-2.000,-1.000,1.000,2.000,3.000,4.000,5.000,4.123,3.162,2.236,1.414,1.000,-1.000,-1.414,-2.236,-2.828,-3.606,-4.000,-4.000,-4.000,-4.000,-4.000,-4.000,-3.000,-2.000,-1.000,1.000,2.000,3.000,4.000,5.385,4.472,3.606,2.828,2.236,1.414,1.000,-1.000,-1.414,-2.236,-2.828,-3.606,-4.000,-3.606,-3.162,-3.000,-3.000,-3.000,-2.000,-1.000,1.000,2.000,3.000,4.000,5.831,5.000,4.243,3.606,2.828,2.236,1.414,1.000,-1.000,-1.414,-2.236,-2.828,-3.000,-2.828,-2.236,-2.000,-2.000,-2.000,-2.000,-1.000,1.000,2.000,3.000,4.000,6.403,5.657,5.000,4.243,3.606,2.828,2.236,1.414,1.000,-1.000,-1.414,-2.236,-2.000,-2.000,-1.414,-1.000,-1.000,-1.000,-1.000,-1.000,1.000,2.000,3.000,4.000,7.071,6.403,5.657,5.000,4.243,3.606,2.828,2.236,1.414,1.000,-1.000,-1.414,-1.000,-1.000,-1.000,1.000,1.000,1.000,1.000,1.000,1.414,2.236,3.162,4.123,7.810,7.071,6.403,5.657,5.000,4.243,3.606,2.828,2.236,1.414,1.000,-1.000,1.000,1.000,1.000,1.414,2.000,2.000,2.000,2.000,2.236,2.828,3.606,4.472,8.485,7.810,7.071,6.403,5.657,5.000,4.243,3.606,2.828,2.236,1.414,1.000,1.414,2.000,2.000,2.236,2.828,3.000,3.000,3.000,3.162,3.606,4.243,5.000,9.220,8.485,7.810,7.071,6.403,5.657,5.000,4.243,3.606,2.828,2.236,2.000,2.236,2.828,3.000,3.162,3.606,4.000,4.000,4.000,4.123,4.472,5.000,5.657,9.899,9.220,8.485,7.810,7.071,6.403,5.657,5.000,4.243,3.606,3.162,3.000,3.162,3.606,4.000,4.123,4.472,5.000,5.000,5.000,5.099,5.385,5.831,6.403,0.9817,-0.0371
7.071,6.403,5.831,5.385,5.099,5.000,5.000,5.000,5.000,5.000,5.000,5.000,5.000,5.000,5.000,5.000,5.000,5.000,5.000,5.099,5.385,5.831,6.403,7.071,6.403,5.657,5.000,4.472,4.123,4.000,4.000,4.000,4.000,4.000,4.000,4.000,4.000,4.000,4.000,4.000,4.000,4.000,4.000,4.123,4.472,5.000,5.657,6.403,5.831,5.000,4.243,3.606,3.162,3.000,3.000,3.000,3.000,3.000,3.000,3.000,3.000,3.000,3.000,3.000,3.000,3.000,3.000,3.162,3.606,4.243,5.000,5.831,5.385,4.472,3.606,2.828,2.236,2.000,2.000,2.000,2.000,2.000,2.000,2.000,2.000,2.000,2.000,2.000,2.000,2.000,2.000,2.236,2.828,3.606,4.472,5.385,5.099,4.123,3.162,2.236,1.414,1.000,1.000,1.000,1.000,1.000,1.000,1.000,1.000,1.000,1.000,1.000,1.000,1.000,1.000,1.414,2.236,3.162,4.123,5.099,5.000,4.000,3.000,2.000,1.000,-1.000,-1.000,-1.000,-1.000,-1.000,-1.000,-1.000,-1.000,-1.000,-1.000,-1.000,-1.000,-1.000,-1.000,1.000,2.000,3.000,4.000,5.000,5.099,4.123,3.162,2.236,1.414,1.000,1.000,-1.000,-1.414,-2.000,-2.000,-2.000,-2.000,-2.000,-2.000,-2.000,-2.000,-2.000,-1.000,1.000,2.000,3.000,4.000,5.000,5.385,4.472,3.606,2.828,2.236,2.000,1.414,1.000,-1.000,-1.414,-2.236,-2.828,-3.000,-2.828,-2.236,-2.000,-2.000,-1.414,-1.000,1.000,2.000,3.000,4.000,5.000,5.831,5.000,4.243,3.606,3.162,2.828,2.236,1.414,1.000,-1.000,-1.414,-2.236,-2.000,-2.000,-1.414,-1.000,-1.000,-1.000,1.000,1.414,2.236,3.162,4.123,5.099,6.403,5.657,5.000,4.472,4.123,3.606,2.828,2.236,1.414,1.000,-1.000,-1.414,-1.000,-1.000,-1.000,1.000,1.000,1.000,1.414,2.236,2.828,3.606,4.472,5.385,7.071,6.403,5.831,5.385,5.000,4.243,3.606,2.828,2.236,1.414,1.000,-1.000,1.000,1.000,1.000,1.414,2.000,2.000,2.236,2.828,3.606,4.243,5.000,5.831,7.810,7.211,6.708,6.325,5.657,5.000,4.243,3.606,2.828,2.236,1.414,1.000,1.414,2.000,2.000,2.236,2.828,3.000,3.162,3.606,4.243,5.000,5.657,6.403,8.602,8.062,7.616,7.071,6.403,5.657,5.000,4.243,3.606,2.828,2.236,2.000,2.236,2.828,3.000,3.162,3.606,4.000,4.123,4.472,5.000,5.657,6.403,7.071,9.434,8.944,8.485,7.810,7.071,6.403,5.657,5.000,4.243,3.606,3.162,3.000,3.162,3.606,4.000,4.123,4.472,5.000,5.099,5.385,5.831,6.403,7.071,7.810,10.296,9.849,9.220,8.485,7.810,7.071,6.403,5.657,5.000,4.472,4.123,4.000,4.123,4.472,5.000,5.099,5.385,5.831,6.083,6.325,6.708,7.211,7.810,8.485,11.180,10.630,9.899,9.220,8.485,7.810,7.071,6.403,5.831,5.385,5.099,5.000,5.099,5.385,5.831,6.083,6.325,6.708,7.071,7.280,7.616,8.062,8.602,9.220,0.8044,-0.0274
7.810,7.071,6.403,5.831,5.385,5.099,5.000,5.000,5.000,5.000,5.000,5.000,5.000,5.000,5.000,5.000,5.000,5.000,5.000,5.099,5.385,5.831,6.403,7.071,7.211,6.403,5.657,5.000,4.472,4.123,4.000,4.000,4.000,4.000,4.000,4.000,4.000,4.000,4.000,4.000,4.000,4.000,4.000,4.123,4.472,5.000,5.657,6.403,6.708,5.831,5.000,4.243,3.606,3.162,3.000,3.000,3.000,3.000,3.000,3.000,3.000,3.000,3.000,3.000,3.000,3.000,3.000,3.162,3.606,4.243,5.000,5.831,6.325,5.385,4.472,3.606,2.828,2.236,2.000,2.000,2.000,2.000,2.000,2.000,2.000,2.000,2.000,2.000,2.000,2.000,2.000,2.236,2.828,3.606,4.472,5.385,6.083,5.099,4.123,3.162,2.236,1.414,1.000,1.000,1.000,1.000,1.000,1.000,1.000,1.000,1.000,1.000,1.000,1.000,1.000,1.414,2.236,3.162,4.123,5.099,6.000,5.000,4.000,3.000,2.000,1.000,-1.000,-1.000,-1.000,-1.000,-1.000,-1.000,-1.000,-1.000,-1.000,-1.000,-1.000,-1.000,-1.000,1.000,2.000,3.000,4.000,5.000,6.083,5.099,4.123,3.162,2.236,1.414,1.000,-1.000,-1.414,-2.000,-2.000,-2.000,-2.000,-2.000,-2.000,-2.000,-2.000,-2.000,-1.000,1.000,2.000,3.000,4.000,5.000,6.325,5.385,4.472,3.606,2.828,2.236,1.414,1.000,-1.000,-1.414,-2.236,-2.828,-2.236,-2.000,-1.414,-1.000,-1.000,-1.000,-1.000,1.000,2.000,3.000,4.000,5.000,6.708,5.831,5.000,4.243,3.606,2.828,2.236,1.414,1.000,-1.000,-1.414,-2.236,-1.414,-1.000,-1.000,1.000,1.000,1.000,1.000,1.414,2.236,3.162,4.123,5.099,7.211,6.403,5.657,5.000,4.243,3.606,2.828,2.236,1.414,1.000,-1.000,-1.414,-1.000,1.000,1.000,1.414,2.000,2.000,2.000,2.236,2.828,3.606,4.472,5.385,7.810,7.071,6.403,5.657,5.000,4.243,3.606,2.828,2.236,1.414,1.000,-1.000,1.000,1.414,2.000,2.236,2.828,3.000,3.000,3.162,3.606,4.243,5.000,5.831,8.485,7.810,7.071,6.403,5.657,5.000,4.243,3.606,2.828,2.236,1.414,1.000,1.414,2.236,2.828,3.162,3.606,4.000,4.000,4.123,4.472,5.000,5.657,6.403,9.220,8.485,7.810,7.071,6.403,5.657,5.000,4.243,3.606,2.828,2.236,2.000,2.236,2.828,3.606,4.123,4.472,5.000,5.000,5.099,5.385,5.831,6.403,7.071,9.899,9.220,8.485,7.810,7.071,6.403,5.657,5.000,4.243,3.606,3.162,3.000,3.162,3.606,4.243,5.000,5.385,5.831,6.000,6.083,6.325,6.708,7.211,7.810,10.630,9.899,9.220,8.485,7.810,7.071,6.403,5.657,5.000,4.472,4.123,4.000,4.123,4.472,5.000,5.657,6.325,6.708,7.000,7.071,7.280,7.616,8.062,8.602,11.314,10.630,9.899,9.220,8.485,7.810,7.071,6.403,5.831,5.385,5.099,5.000,5.099,5.385,5.831,6.403,7.071,7.616,8.000,8.062,8.246,8.544,8.944,9.434,0.8222,0.0576
6.403,5.831,5.385,5.099,5.000,5.000,5.000,5.000,5.000,5.000,5.000,5.000,5.000,5.000,5.000,5.000,5.000,5.000,5.000,5.000,5.099,5.385,5.831,6.403,5.657,5.000,4.472,4.123,4.000,4.000,4.000,4.000,4.000,4.000,4.000,4.000,4.000,4.000,4.000,4.000,4.000,4.000,4.000,4.000,4.123,4.472,5.000,5.657,5.000,4.243,3.606,3.162,3.000,3.000,3.000,3.000,3.000,3.000,3.000,3.000,3.000,3.000,3.000,3.000,3.000,3.000,3.000,3.000,3.162,3.606,4.243,5.000,4.472,3.606,2.828,2.236,2.000,2.000,2.000,2.000,2.000,2.000,2.000,2.000,2.000,2.000,2.000,2.000,2.000,2.000,2.000,2.000,2.236,2.828,3.606,4.472,4.123,3.162,2.236,1.414,1.000,1.000,1.000,1.000,1.000,1.000,1.000,1.000,1.000,1.000,1.000,1.000,1.000,1.000,1.000,1.000,1.414,2.236,3.162,4.123,4.000,3.000,2.000,1.000,-1.000,-1.000,-1.000,-1.000,-1.000,-1.000,-1.000,-1.000,-1.000,-1.000,-1.000,-1.000,-1.000,-1.000,-1.000,-1.000,1.000,2.000,3.000,4.000,4.123,3.162,2.236,1.414,1.000,-1.000,-1.414,-2.000,-2.000,-2.000,-2.000,-2.000,-2.000,-2.000,-2.000,-2.000,-2.000,-2.000,-2.000,-1.000,1.000,2.000,3.000,4.000,4.472,3.606,2.828,2.236,1.414,1.000,-1.000,-1.414,-2.236,-2.828,-3.000,-3.000,-3.000,-3.000,-3.000,-3.000,-3.000,-3.000,-2.000,-1.000,1.000,2.000,3.000,4.000,5.000,4.243,3.606,2.828,2.236,1.414,1.000,-1.000,-1.414,-2.236,-3.162,-4.000,-4.000,-3.606,-3.162,-3.000,-2.828,-2.236,-2.000,-1.000,1.000,2.000,3.000,4.000,5.657,5.000,4.243,3.606,2.828,2.236,1.414,1.000,-1.000,-2.000,-2.828,-3.606,-3.606,-2.828,-2.236,-2.000,-2.000,-1.414,-1.000,-1.000,1.000,2.000,3.000,4.000,6.403,5.657,5.000,4.243,3.606,2.828,2.000,1.000,-1.000,-1.414,-2.236,-3.162,-2.828,-2.236,-1.414,-1.000,-1.000,-1.000,1.000,1.000,1.414,2.236,3.162,4.123,7.071,6.403,5.657,5.000,4.123,3.162,2.236,1.414,1.000,-1.000,-2.000,-2.828,-2.236,-1.414,-1.000,1.000,1.000,1.000,1.414,2.000,2.236,2.828,3.606,4.472,7.810,7.071,6.325,5.385,4.472,3.606,2.828,2.000,1.000,-1.000,-1.414,-2.236,-2.000,-1.000,1.000,1.414,2.000,2.000,2.236,2.828,3.162,3.606,4.243,5.000,8.485,7.616,6.708,5.831,5.000,4.123,3.162,2.236,1.414,1.000,-1.000,-2.000,-1.414,-1.000,1.000,2.000,2.828,3.000,3.162,3.606,4.123,4.472,5.000,5.657,8.944,8.062,7.211,6.325,5.385,4.472,3.606,2.828,2.000,1.000,-1.000,-1.414,-1.000,1.000,1.414,2.236,3.162,4.000,4.123,4.472,5.000,5.385,5.831,6.403,9.434,8.544,7.616,6.708,5.831,5.000,4.123,3.162,2.236,1.414,1.000,-1.000,1.000,1.414,2.236,2.828,3.606,4.472,5.099,5.385,5.831,6.325,6.708,7.211,1.0486,0.1364
5.385,5.099,5.000,5.000,5.000,5.000,5.000,5.000,5.000,5.000,5.000,5.000,5.000,5.000,5.000,5.000,5.000,5.000,5.000,5.000,5.000,5.000,5.000,5.099,4.472,4.123,4.000,4.000,4.000,4.000,4.000,4.000,4.000,4.000,4.000,4.000,4.000,4.000,4.000,4.000,4.000,4.000,4.000,4.000,4.000,4.000,4.000,4.123,3.606,3.162,3.000,3.000,3.000,3.000,3.000,3.000,3.000,3.000,3.000,3.000,3.000,3.000,3.000,3.000,3.000,3.000,3.000,3.000,3.000,3.000,3.000,3.162,2.828,2.236,2.000,2.000,2.000,2.000,2.000,2.000,2.000,2.000,2.000,2.000,2.000,2.000,2.000,2.000,2.000,2.000,2.000,2.000,2.000,2.000,2.000,2.236,2.236,1.414,1.000,1.000,1.000,1.000,1.000,1.000,1.000,1.000,1.000,1.000,1.000,1.000,1.000,1.000,1.000,1.000,1.000,1.000,1.000,1.000,1.000,1.414,2.000,1.000,-1.000,-1.000,-1.000,-1.000,-1.000,-1.000,-1.000,-1.000,-1.000,-1.000,-1.000,-1.000,-1.000,-1.000,-1.000,-1.000,-1.000,-1.000,-1.000,-1.000,-1.000,1.000,2.236,1.414,1.000,-1.000,-1.000,-1.414,-2.000,-2.000,-2.000,-2.000,-2.000,-2.000,-2.000,-2.000,-2.000,-2.000,-2.000,-2.000,-2.000,-1.414,-1.000,-1.000,1.000,1.414,2.828,2.236,1.414,1.000,1.000,-1.000,-1.414,-2.236,-2.828,-3.000,-3.000,-3.000,-3.000,-2.828,-2.236,-2.000,-1.414,-1.000,-1.000,-1.000,1.000,1.000,1.414,2.236,3.606,2.828,2.236,2.000,1.414,1.000,-1.000,-1.414,-2.236,-2.828,-3.606,-3.606,-2.828,-2.236,-1.414,-1.000,-1.000,1.000,1.000,1.000,1.414,2.000,2.236,2.828,4.243,3.606,3.162,2.828,2.236,1.414,1.000,-1.000,-1.414,-2.236,-2.828,-2.828,-2.236,-1.414,-1.000,1.000,1.000,1.414,2.000,2.000,2.236,2.828,3.162,3.606,5.000,4.472,4.123,3.606,2.828,2.236,1.414,1.000,-1.000,-1.414,-2.236,-2.236,-1.414,-1.000,1.000,1.414,2.000,2.236,2.828,3.000,3.162,3.606,4.123,4.472,5.831,5.385,5.000,4.243,3.606,2.828,2.236,1.414,1.000,-1.000,-1.414,-1.414,-1.000,1.000,1.414,2.236,2.828,3.162,3.606,4.000,4.123,4.472,5.000,5.385,6.708,6.325,5.657,5.000,4.243,3.606,2.828,2.236,1.414,1.000,-1.000,-1.000,1.000,1.414,2.236,2.828,3.606,4.123,4.472,5.000,5.099,5.385,5.831,6.325,7.616,7.071,6.403,5.657,5.000,4.243,3.606,2.828,2.236,1.414,1.000,1.000,1.414,2.236,2.828,3.606,4.243,5.000,5.385,5.831,6.083,6.325,6.708,7.211,8.485,7.810,7.071,6.403,5.657,5.000,4.243,3.606,2.828,2.236,2.000,2.000,2.236,2.828,3.606,4.243,5.000,5.657,6.325,6.708,7.071,7.280,7.616,8.062,9.220,8.485,7.810,7.071,6.403,5.657,5.000,4.243,3.606,3.162,3.000,3.000,3.162,3.606,4.243,5.000,5.657,6.403,7.071,7.616,8.062,8.246,8.544,8.944,0.7348,0.0230
5.000,4.472,4.123,4.000,4.000,4.000,4.000,4.000,4.000,4.000,4.000,4.000,4.000,4.000,4.000,4.000,4.000,4.000,4.000,4.000,4.000,4.000,4.123,4.472,4.243,3.606,3.162,3.000,3.000,3.000,3.000,3.000,3.000,3.000,3.000,3.000,3.000,3.000,3.000,3.000,3.000,3.000,3.000,3.000,3.000,3.000,3.162,3.606,3.606,2.828,2.236,2.000,2.000,2.000,2.000,2.000,2.000,2.000,2.000,2.000,2.000,2.000,2.000,2.000,2.000,2.000,2.000,2.000,2.000,2.000,2.236,2.828,3.162,2.236,1.414,1.000,1.000,1.000,1.000,1.000,1.000,1.000,1.000,1.000,1.000,1.000,1.000,1.000,1.000,1.000,1.000,1.000,1.000,1.000,1.414,2.236,3.000,2.000,1.000,-1.000,-1.000,-1.000,-1.000,-1.000,-1.000,-1.000,-1.000,-1.000,-1.000,-1.000,-1.000,-1.000,-1.000,-1.000,-1.000,-1.000,-1.000,-1.000,1.000,2.000,3.162,2.236,1.414,1.000,-1.000,-1.414,-2.000,-2.000,-2.000,-2.000,-2.000,-2.000,-2.000,-2.000,-2.000,-2.000,-2.000,-2.000,-2.000,-2.000,-2.000,-1.000,1.000,2.000,3.606,2.828,2.236,1.414,1.000,-1.000,-1.414,-2.236,-2.828,-3.000,-3.000,-3.000,-3.000,-3.000,-3.000,-3.000,-3.000,-2.828,-2.236,-2.000,-2.000,-1.000,1.000,2.000,4.243,3.606,2.828,2.236,1.414,1.000,-1.000,-1.414,-2.236,-2.828,-3.606,-4.000,-3.606,-3.162,-2.828,-2.236,-2.000,-2.000,-1.414,-1.000,-1.000,-1.000,1.000,2.000,5.000,4.243,3.606,2.828,2.236,1.414,1.000,-1.000,-1.414,-2.236,-2.828,-3.162,-2.828,-2.236,-2.000,-1.414,-1.000,-1.000,-1.000,1.000,1.000,1.000,1.414,2.236,5.657,5.000,4.243,3.606,2.828,2.236,1.414,1.000,-1.000,-1.414,-2.000,-2.236,-2.000,-1.414,-1.000,-1.000,1.000,1.000,1.000,1.414,2.000,2.000,2.236,2.828,6.403,5.657,5.000,4.243,3.606,2.828,2.236,1.414,1.000,-1.000,-1.000,-1.414,-1.000,-1.000,1.000,1.000,1.414,2.000,2.000,2.236,2.828,3.000,3.162,3.606,7.071,6.403,5.657,5.000,4.243,3.606,2.828,2.236,1.414,1.000,1.000,-1.000,1.000,1.000,1.414,2.000,2.236,2.828,3.000,3.162,3.606,4.000,4.123,4.472,7.810,7.071,6.403,5.657,5.000,4.243,3.606,2.828,2.236,2.000,1.414,1.000,1.414,2.000,2.236,2.828,3.162,3.606,4.000,4.123,4.472,5.000,5.099,5.385,8.485,7.810,7.071,6.403,5.657,5.000,4.243,3.606,3.162,2.828,2.236,2.000,2.236,2.828,3.162,3.606,4.123,4.472,5.000,5.099,5.385,5.831,6.083,6.325,9.220,8.485,7.810,7.071,6.403,5.657,5.000,4.472,4.123,3.606,3.162,3.000,3.162,3.606,4.123,4.472,5.000,5.385,5.831,6.083,6.325,6.708,7.071,7.280,9.899,9.220,8.485,7.810,7.071,6.403,5.831,5.385,5.000,4.472,4.123,4.000,4.123,4.472,5.000,5.385,5.831,6.325,6.708,7.071,7.280,7.616,8.062,8.246,0.8510,-0.0809
6.325,6.083,6.000,6.000,6.000,6.000,6.000,6.000,6.000,6.000,6.000,6.000,6.000,6.000,6.000,6.000,6.000,6.000,6.000,6.000,6.000,6.000,6.000,6.083,5.385,5.099,5.000,5.000,5.000,5.000,5.000,5.000,5.000,5.000,5.000,5.000,5.000,5.000,5.000,5.000,5.000,5.000,5.000,5.000,5.000,5.000,5.000,5.099,4.472,4.123,4.000,4.000,4.000,4.000,4.000,4.000,4.000,4.000,4.000,4.000,4.000,4.000,4.000,4.000,4.000,4.000,4.000,4.000,4.000,4.000,4.000,4.123,3.606,3.162,3.000,3.000,3.000,3.000,3.000,3.000,3.000,3.000,3.000,3.000,3.000,3.000,3.000,3.000,3.000,3.000,3.000,3.000,3.000,3.000,3.000,3.162,2.828,2.236,2.000,2.000,2.000,2.000,2.000,2.000,2.000,2.000,2.000,2.000,2.000,2.000,2.000,2.000,2.000,2.000,2.000,2.000,2.000,2.000,2.000,2.236,2.236,1.414,1.000,1.000,1.000,1.000,1.000,1.000,1.000,1.000,1.000,1.000,1.000,1.000,1.000,1.000,1.000,1.000,1.000,1.000,1.000,1.000,1.000,1.414,2.000,1.000,-1.000,-1.000,-1.000,-1.000,-1.000,-1.000,-1.000,-1.000,-1.000,-1.000,-1.000,-1.000,-1.000,-1.000,-1.000,-1.000,-1.000,-1.000,-1.000,-1.000,-1.000,1.000,2.236,1.414,1.000,1.000,-1.000,-1.000,-1.414,-2.000,-2.000,-2.000,-2.000,-2.000,-2.000,-2.000,-2.000,-2.000,-2.000,-2.000,-2.000,-2.000,-2.000,-2.000,-1.000,1.000,2.828,2.236,2.000,1.414,1.000,1.000,-1.000,-1.414,-2.000,-2.000,-2.236,-2.828,-3.000,-3.000,-3.000,-3.000,-3.000,-3.000,-3.000,-3.000,-3.000,-2.000,-1.000,1.000,3.606,3.162,2.828,2.236,2.000,1.414,1.000,-1.000,-1.000,-1.000,-1.414,-2.000,-2.000,-2.000,-2.000,-2.000,-2.000,-2.236,-2.828,-2.828,-2.236,-2.000,-1.000,1.000,4.472,4.123,3.606,3.162,2.828,2.236,1.414,1.000,1.000,1.000,-1.000,-1.000,-1.000,-1.000,-1.000,-1.000,-1.000,-1.414,-2.000,-2.000,-1.414,-1.000,-1.000,1.000,5.385,5.000,4.472,4.123,3.606,2.828,2.236,2.000,2.000,1.414,1.000,1.000,1.000,1.000,1.000,1.000,1.000,-1.000,-1.000,-1.000,-1.000,1.000,1.000,1.414,6.325,5.831,5.385,5.000,4.243,3.606,3.162,3.000,2.828,2.236,2.000,2.000,2.000,2.000,2.000,2.000,1.414,1.000,1.000,1.000,1.000,1.414,2.000,2.236,7.211,6.708,6.325,5.657,5.000,4.472,4.123,4.000,3.606,3.162,3.000,3.000,3.000,3.000,3.000,2.828,2.236,2.000,2.000,2.000,2.000,2.236,2.828,3.162,8.062,7.616,7.071,6.403,5.831,5.385,5.099,5.000,4.472,4.123,4.000,4.000,4.000,4.000,4.000,3.606,3.162,3.000,3.000,3.000,3.000,3.162,3.606,4.123,8.944,8.485,7.810,7.211,6.708,6.325,6.083,5.831,5.385,5.099,5.000,5.000,5.000,5.000,5.000,4.472,4.123,4.000,4.000,4.000,4.000,4.123,4.472,5.000,0.8780,0.0350
3.606,3.162,3.000,3.000,3.000,3.000,3.000,3.000,3.000,3.000,3.000,3.000,3.000,3.000,3.000,3.000,3.000,3.000,3.000,3.000,3.000,3.000,3.000,3.162,2.828,2.236,2.000,2.000,2.000,2.000,2.000,2.000,2.000,2.000,2.000,2.000,2.000,2.000,2.000,2.000,2.000,2.000,2.000,2.000,2.000,2.000,2.000,2.236,2.236,1.414,1.000,1.000,1.000,1.000,1.000,1.000,1.000,1.000,1.000,1.000,1.000,1.000,1.000,1.000,1.000,1.000,1.000,1.000,1.000,1.000,1.000,1.414,2.000,1.000,-1.000,-1.000,-1.000,-1.000,-1.000,-1.000,-1.000,-1.000,-1.000,-1.000,-1.000,-1.000,-1.000,-1.000,-1.000,-1.000,-1.000,-1.000,-1.000,-1.000,-1.000,1.000,2.236,1.414,1.000,-1.000,-1.000,-1.414,-2.000,-2.000,-2.000,-2.000,-2.000,-2.000,-2.000,-2.000,-2.000,-2.000,-2.000,-2.000,-2.000,-2.000,-2.000,-2.000,-1.000,1.000,2.828,2.236,1.414,1.000,1.000,-1.000,-1.414,-2.236,-3.000,-3.000,-3.000,-3.000,-3.000,-3.000,-3.000,-3.000,-3.000,-3.000,-3.000,-3.000,-3.000,-2.000,-1.000,1.000,3.606,2.828,2.236,2.000,1.414,1.000,-1.000,-2.000,-2.828,-3.606,-4.000,-4.000,-4.000,-4.000,-4.000,-4.000,-4.000,-4.000,-3.606,-3.162,-3.000,-2.000,-1.000,1.000,4.243,3.606,3.162,2.828,2.000,1.000,-1.000,-1.414,-2.236,-2.828,-3.606,-4.472,-5.000,-4.243,-3.606,-3.162,-3.000,-3.000,-2.828,-2.236,-2.000,-2.000,-1.000,1.000,5.000,4.472,4.123,3.162,2.236,1.414,1.000,-1.000,-1.414,-2.236,-3.162,-4.123,-4.243,-3.606,-2.828,-2.236,-2.000,-2.000,-2.000,-1.414,-1.000,-1.000,-1.000,1.000,5.831,5.385,4.472,3.606,2.828,2.236,1.414,1.000,-1.000,-2.000,-2.828,-3.606,-3.606,-2.828,-2.236,-1.414,-1.000,-1.000,-1.000,-1.000,1.000,1.000,1.000,1.414,6.708,5.831,5.000,4.243,3.606,2.828,2.000,1.000,-1.000,-1.414,-2.236,-3.162,-2.828,-2.236,-1.414,-1.000,1.000,1.000,1.000,1.000,1.414,2.000,2.000,2.236,7.211,6.403,5.657,5.000,4.123,3.162,2.236,1.414,1.000,-1.000,-2.000,-2.828,-2.236,-1.414,-1.000,1.000,1.414,2.000,2.000,2.000,2.236,2.828,3.000,3.162,7.810,7.071,6.325,5.385,4.472,3.606,2.828,2.000,1.000,-1.000,-1.414,-2.236,-1.414,-1.000,1.000,1.414,2.236,2.828,3.000,3.000,3.162,3.606,4.000,4.123,8.485,7.616,6.708,5.831,5.000,4.123,3.162,2.236,1.414,1.000,-1.000,-1.414,-1.000,1.000,1.414,2.236,2.828,3.606,4.000,4.000,4.123,4.472,5.000,5.099,8.944,8.062,7.211,6.325,5.385,4.472,3.606,2.828,2.236,1.414,1.000,-1.000,1.000,1.414,2.236,2.828,3.606,4.243,5.000,5.000,5.099,5.385,5.831,6.083,9.434,8.544,7.616,6.708,5.831,5.000,4.243,3.606,2.828,2.236,1.414,1.000,1.414,2.236,2.828,3.606,4.243,5.000,5.657,6.000,6.083,6.325,6.708,7.071,1.1306,-0.0923
4.472,4.123,4.000,4.000,4.000,4.000,4.000,4.000,4.000,4.000,4.000,4.000,4.000,4.000,4.000,4.000,4.000,4.000,4.000,4.000,4.000,4.000,4.000,4.123,3.606,3.162,3.000,3.000,3.000,3.000,3.000,3.000,3.000,3.000,3.000,3.000,3.000,3.000,3.000,3.000,3.000,3.000,3.000,3.000,3.000,3.000,3.000,3.162,2.828,2.236,2.000,2.000,2.000,2.000,2.000,2.000,2.000,2.000,2.000,2.000,2.000,2.000,2.000,2.000,2.000,2.000,2.000,2.000,2.000,2.000,2.000,2.236,2.236,1.414,1.000,1.000,1.000,1.000,1.000,1.000,1.000,1.000,1.000,1.000,1.000,1.000,1.000,1.000,1.000,1.000,1.000,1.000,1.000,1.000,1.000,1.414,2.000,1.000,-1.000,-1.000,-1.000,-1.000,-1.000,-1.000,-1.000,-1.000,-1.000,-1.000,-1.000,-1.000,-1.000,-1.000,-1.000,-1.000,-1.000,-1.000,-1.000,-1.000,-1.000,1.000,2.000,1.000,-1.000,-1.414,-2.000,-2.000,-2.000,-2.000,-2.000,-2.000,-2.000,-2.000,-2.000,-2.000,-2.000,-2.000,-2.000,-2.000,-2.000,-2.000,-2.000,-2.000,-1.000,1.000,2.236,1.414,1.000,-1.000,-1.414,-2.236,-2.828,-3.000,-3.000,-3.000,-3.000,-3.000,-3.000,-3.000,-3.000,-3.000,-3.000,-3.000,-3.000,-3.000,-3.000,-2.000,-1.000,1.000,2.828,2.236,1.414,1.000,-1.000,-1.414,-2.236,-2.828,-3.606,-4.000,-4.000,-4.000,-4.000,-4.000,-4.000,-4.000,-4.000,-4.000,-4.000,-4.000,-3.000,-2.000,-1.000,1.000,3.606,2.828,2.236,1.414,1.000,-1.000,-1.414,-2.236,-2.828,-3.606,-4.243,-5.000,-5.000,-4.472,-4.123,-4.000,-4.000,-3.606,-3.162,-3.000,-3.000,-2.000,-1.000,1.000,4.243,3.606,2.828,2.236,1.414,1.000,-1.000,-1.414,-2.236,-2.828,-3.606,-4.472,-4.243,-3.606,-3.162,-3.000,-3.000,-2.828,-2.236,-2.000,-2.000,-2.000,-1.000,1.000,5.000,4.243,3.606,2.828,2.236,1.414,1.000,-1.000,-1.414,-2.236,-3.162,-4.123,-3.606,-2.828,-2.236,-2.000,-2.000,-2.000,-1.414,-1.000,-1.000,-1.000,-1.000,1.000,5.657,5.000,4.243,3.606,2.828,2.236,1.414,1.000,-1.000,-2.000,-2.828,-3.162,-2.828,-2.236,-1.414,-1.000,-1.000,-1.000,-1.000,1.000,1.000,1.000,1.000,1.414,6.403,5.657,5.000,4.243,3.606,2.828,2.000,1.000,-1.000,-1.414,-2.236,-2.236,-2.000,-1.414,-1.000,1.000,1.000,1.000,1.000,1.414,2.000,2.000,2.000,2.236,7.071,6.403,5.657,5.000,4.123,3.162,2.236,1.414,1.000,-1.000,-1.414,-1.414,-1.000,-1.000,1.000,1.414,2.000,2.000,2.000,2.236,2.828,3.000,3.000,3.162,7.810,7.071,6.325,5.385,4.472,3.606,2.828,2.236,1.414,1.000,-1.000,-1.000,1.000,1.000,1.414,2.236,2.828,3.000,3.000,3.162,3.606,4.000,4.000,4.123,8.485,7.616,6.708,5.831,5.000,4.243,3.606,2.828,2.236,1.414,1.000,1.000,1.414,2.000,2.236,2.828,3.606,4.000,4.000,4.123,4.472,5.000,5.000,5.099,1.0620,-0.0360
5.657,5.000,4.472,4.123,4.000,4.000,4.000,4.000,4.000,4.000,4.000,4.000,4.000,4.000,4.000,4.000,4.000,4.000,4.000,4.000,4.000,4.123,4.472,5.000,5.000,4.243,3.606,3.162,3.000,3.000,3.000,3.000,3.000,3.000,3.000,3.000,3.000,3.000,3.000,3.000,3.000,3.000,3.000,3.000,3.000,3.162,3.606,4.243,4.472,3.606,2.828,2.236,2.000,2.000,2.000,2.000,2.000,2.000,2.000,2.000,2.000,2.000,2.000,2.000,2.000,2.000,2.000,2.000,2.000,2.236,2.828,3.606,4.123,3.162,2.236,1.414,1.000,1.000,1.000,1.000,1.000,1.000,1.000,1.000,1.000,1.000,1.000,1.000,1.000,1.000,1.000,1.000,1.000,1.414,2.236,3.162,4.000,3.000,2.000,1.000,-1.000,-1.000,-1.000,-1.000,-1.000,-1.000,-1.000,-1.000,-1.000,-1.000,-1.000,-1.000,-1.000,-1.000,-1.000,-1.000,-1.000,1.000,2.000,3.000,4.123,3.162,2.236,1.414,1.000,-1.000,-1.414,-2.000,-2.000,-2.000,-2.000,-2.000,-2.000,-2.000,-2.000,-2.000,-2.000,-2.000,-2.000,-2.000,-1.000,1.000,2.000,3.000,4.472,3.606,2.828,2.236,1.414,1.000,-1.000,-1.000,-1.414,-2.236,-2.828,-3.000,-2.828,-2.236,-2.000,-2.000,-1.414,-1.000,-1.000,-1.000,-1.000,1.000,2.000,3.000,5.000,4.243,3.606,2.828,2.236,1.414,1.000,1.000,-1.000,-1.414,-2.236,-2.828,-2.236,-1.414,-1.000,-1.000,-1.000,1.000,1.000,1.000,1.000,1.414,2.236,3.162,5.657,5.000,4.243,3.606,2.828,2.236,2.000,1.414,1.000,-1.000,-1.414,-2.000,-1.414,-1.000,1.000,1.000,1.000,1.414,2.000,2.000,2.000,2.236,2.828,3.606,6.403,5.657,5.000,4.243,3.606,3.162,2.828,2.236,1.414,1.000,-1.000,-1.000,-1.000,1.000,1.414,2.000,2.000,2.236,2.828,3.000,3.000,3.162,3.606,4.243,7.071,6.403,5.657,5.000,4.472,4.123,3.606,2.828,2.236,1.414,1.000,1.000,1.000,1.414,2.236,2.828,3.000,3.162,3.606,4.000,4.000,4.123,4.472,5.000,7.810,7.071,6.403,5.831,5.385,5.000,4.243,3.606,2.828,2.236,2.000,2.000,2.000,2.236,2.828,3.606,4.000,4.123,4.472,5.000,5.000,5.099,5.385,5.831,8.485,7.810,7.211,6.708,6.325,5.657,5.000,4.243,3.606,3.162,3.000,3.000,3.000,3.162,3.606,4.243,5.000,5.099,5.385,5.831,6.000,6.083,6.325,6.708,9.220,8.602,8.062,7.616,7.071,6.403,5.657,5.000,4.472,4.123,4.000,4.000,4.000,4.123,4.472,5.000,5.657,6.083,6.325,6.708,7.000,7.071,7.280,7.616,10.000,9.434,8.944,8.485,7.810,7.071,6.403,5.831,5.385,5.099,5.000,5.000,5.000,5.099,5.385,5.831,6.403,7.071,7.280,7.616,8.000,8.062,8.246,8.544,10.817,10.296,9.849,9.220,8.485,7.810,7.211,6.708,6.325,6.083,6.000,6.000,6.000,6.083,6.325,6.708,7.211,7.810,8.246,8.544,8.944,9.055,9.220,9.487,0.7978,-0.0902
4.472,4.123,4.000,4.000,4.000,4.000,4.000,4.000,4.000,4.000,4.000,4.000,4.000,4.000,4.000,4.000,4.000,4.000,4.000,4.000,4.000,4.123,4.472,5.000,3.606,3.162,3.000,3.000,3.000,3.000,3.000,3.000,3.000,3.000,3.000,3.000,3.000,3.000,3.000,3.000,3.000,3.000,3.000,3.000,3.000,3.162,3.606,4.243,2.828,2.236,2.000,2.000,2.000,2.000,2.000,2.000,2.000,2.000,2.000,2.000,2.000,2.000,2.000,2.000,2.000,2.000,2.000,2.000,2.000,2.236,2.828,3.606,2.236,1.414,1.000,1.000,1.000,1.000,1.000,1.000,1.000,1.000,1.000,1.000,1.000,1.000,1.000,1.000,1.000,1.000,1.000,1.000,1.000,1.414,2.236,3.162,2.000,1.000,-1.000,-1.000,-1.000,-1.000,-1.000,-1.000,-1.000,-1.000,-1.000,-1.000,-1.000,-1.000,-1.000,-1.000,-1.000,-1.000,-1.000,-1.000,-1.000,1.000,2.000,3.000,2.236,1.414,1.000,-1.000,-1.000,-1.414,-2.000,-2.000,-2.000,-2.000,-2.000,-2.000,-2.000,-2.000,-2.000,-2.000,-1.414,-1.000,-1.000,1.000,1.000,1.414,2.236,3.162,2.828,2.236,1.414,1.000,1.000,-1.000,-1.414,-2.236,-2.828,-3.000,-3.000,-3.000,-2.828,-2.236,-1.414,-1.000,-1.000,1.000,1.000,1.414,2.000,2.236,2.828,3.606,3.606,2.828,2.236,2.000,1.414,1.000,-1.000,-1.414,-2.000,-2.236,-2.828,-2.828,-2.236,-1.414,-1.000,1.000,1.000,1.414,2.000,2.236,2.828,3.162,3.606,4.243,4.243,3.606,3.162,2.828,2.236,1.414,1.000,-1.000,-1.000,-1.414,-2.000,-2.000,-1.414,-1.000,1.000,1.414,2.000,2.236,2.828,3.162,3.606,4.123,4.472,5.000,5.000,4.472,4.123,3.606,2.828,2.236,1.414,1.000,1.000,-1.000,-1.000,-1.000,-1.000,1.000,1.414,2.236,2.828,3.162,3.606,4.123,4.472,5.000,5.385,5.831,5.831,5.385,5.000,4.243,3.606,2.828,2.236,2.000,1.414,1.000,1.000,1.000,1.000,1.414,2.236,2.828,3.606,4.123,4.472,5.000,5.385,5.831,6.325,6.708,6.708,6.325,5.657,5.000,4.243,3.606,3.162,2.828,2.236,2.000,2.000,2.000,2.000,2.236,2.828,3.606,4.243,5.000,5.385,5.831,6.325,6.708,7.211,7.616,7.616,7.071,6.403,5.657,5.000,4.472,4.123,3.606,3.162,3.000,3.000,3.000,3.000,3.162,3.606,4.243,5.000,5.657,6.325,6.708,7.211,7.616,8.062,8.544,8.485,7.810,7.071,6.403,5.831,5.385,5.000,4.472,4.123,4.000,4.000,4.000,4.000,4.123,4.472,5.000,5.657,6.403,7.071,7.616,8.062,8.544,8.944,9.434,9.220,8.485,7.810,7.211,6.708,6.325,5.831,5.385,5.099,5.000,5.000,5.000,5.000,5.099,5.385,5.831,6.403,7.071,7.810,8.485,8.944,9.434,9.849,10.296,9.899,9.220,8.602,8.062,7.616,7.211,6.708,6.325,6.083,6.000,6.000,6.000,6.000,6.083,6.325,6.708,7.211,7.810,8.485,9.220,9.849,10.296,10.770,11.180,0.5687,-0.1740
5.099,5.000,5.000,5.000,5.000,5.000,5.000,5.000,5.000,5.000,5.000,5.000,5.000,5.000,5.000,5.000,5.000,5.000,5.000,5.000,5.000,5.000,5.000,5.099,4.123,4.000,4.000,4.000,4.000,4.000,4.000,4.000,4.000,4.000,4.000,4.000,4.000,4.000,4.000,4.000,4.000,4.000,4.000,4.000,4.000,4.000,4.000,4.123,3.162,3.000,3.000,3.000,3.000,3.000,3.000,3.000,3.000,3.000,3.000,3.000,3.000,3.000,3.000,3.000,3.000,3.000,3.000,3.000,3.000,3.000,3.000,3.162,2.236,2.000,2.000,2.000,2.000,2.000,2.000,2.000,2.000,2.000,2.000,2.000,2.000,2.000,2.000,2.000,2.000,2.000,2.000,2.000,2.000,2.000,2.000,2.236,1.414,1.000,1.000,1.000,1.000,1.000,1.000,1.000,1.000,1.000,1.000,1.000,1.000,1.000,1.000,1.000,1.000,1.000,1.000,1.000,1.000,1.000,1.000,1.414,1.000,-1.000,-1.000,-1.000,-1.000,-1.000,-1.000,-1.000,-1.000,-1.000,-1.000,-1.000,-1.000,-1.000,-1.000,-1.000,-1.000,-1.000,-1.000,-1.000,-1.000,-1.000,-1.000,1.000,1.414,1.000,-1.000,-1.414,-2.000,-2.000,-2.000,-2.000,-2.000,-2.000,-2.000,-2.000,-2.000,-2.000,-2.000,-2.000,-2.000,-2.000,-2.000,-2.000,-2.000,-2.000,-1.000,1.000,2.236,1.414,1.000,-1.000,-1.414,-2.236,-3.000,-3.000,-3.000,-3.000,-3.000,-3.000,-3.000,-3.000,-3.000,-3.000,-3.000,-3.000,-3.000,-3.000,-3.000,-2.000,-1.000,1.000,2.828,2.236,1.414,1.000,-1.000,-2.000,-2.236,-2.828,-3.606,-4.000,-4.000,-4.000,-4.000,-4.000,-4.000,-4.000,-4.000,-4.000,-4.000,-4.000,-3.000,-2.000,-1.000,1.000,3.606,2.828,2.000,1.000,-1.000,-1.000,-1.414,-2.236,-2.828,-3.606,-4.243,-5.000,-5.000,-5.000,-4.472,-4.123,-4.000,-4.000,-4.000,-4.000,-3.000,-2.000,-1.000,1.000,4.123,3.162,2.236,1.414,1.000,1.000,-1.000,-1.414,-2.236,-2.828,-3.606,-4.123,-4.123,-4.000,-3.606,-3.162,-3.000,-3.000,-3.000,-3.000,-3.000,-2.000,-1.000,1.000,4.472,3.606,2.828,2.236,2.000,1.414,1.000,-1.000,-1.414,-2.236,-2.828,-3.162,-3.162,-3.000,-2.828,-2.236,-2.000,-2.000,-2.000,-2.000,-2.000,-2.000,-1.000,1.000,5.000,4.243,3.606,3.162,2.828,2.236,1.414,1.000,-1.000,-1.414,-2.000,-2.236,-2.236,-2.000,-2.000,-1.414,-1.000,-1.000,-1.000,-1.000,-1.000,-1.000,-1.000,1.000,5.657,5.000,4.472,4.123,3.606,2.828,2.236,1.414,1.000,-1.000,-1.000,-1.414,-1.414,-1.000,-1.000,-1.000,1.000,1.000,1.000,1.000,1.000,1.000,1.000,1.414,6.403,5.831,5.385,5.000,4.243,3.606,2.828,2.236,1.414,1.000,1.000,-1.000,-1.000,1.000,1.000,1.000,1.414,2.000,2.000,2.000,2.000,2.000,2.000,2.236,7.211,6.708,6.325,5.657,5.000,4.243,3.606,2.828,2.236,2.000,1.414,1.000,1.000,1.414,2.000,2.000,2.236,2.828,3.000,3.000,3.000,3.000,3.000,3.162,1.0471,-0.0082
5.831,5.000,4.243,3.606,3.162,3.000,3.000,3.000,3.000,3.000,3.000,3.000,3.000,3.000,3.000,3.000,3.000,3.000,3.000,3.162,3.606,4.243,5.000,5.831,5.385,4.472,3.606,2.828,2.236,2.000,2.000,2.000,2.000,2.000,2.000,2.000,2.000,2.000,2.000,2.000,2.000,2.000,2.000,2.236,2.828,3.606,4.472,5.385,5.099,4.123,3.162,2.236,1.414,1.000,1.000,1.000,1.000,1.000,1.000,1.000,1.000,1.000,1.000,1.000,1.000,1.000,1.000,1.414,2.236,3.162,4.123,5.099,5.000,4.000,3.000,2.000,1.000,-1.000,-1.000,-1.000,-1.000,-1.000,-1.000,-1.000,-1.000,-1.000,-1.000,-1.000,-1.000,-1.000,-1.000,1.000,2.000,3.000,4.000,5.000,5.000,4.000,3.000,2.000,1.000,-1.000,-1.414,-2.000,-2.000,-2.000,-2.000,-2.000,-2.000,-2.000,-2.000,-2.000,-2.000,-2.000,-1.000,1.000,2.000,3.000,4.000,5.000,5.099,4.123,3.162,2.236,1.414,1.000,-1.000,-2.000,-2.828,-3.000,-3.000,-3.000,-3.000,-3.000,-3.000,-3.000,-3.000,-2.000,-1.000,1.000,2.000,3.000,4.000,5.000,5.385,4.472,3.606,2.828,2.000,1.000,-1.000,-1.414,-2.236,-3.162,-4.000,-4.000,-4.000,-4.000,-4.000,-4.000,-3.000,-2.000,-1.000,1.000,2.000,3.000,4.000,5.000,5.831,5.000,4.123,3.162,2.236,1.414,1.000,-1.000,-2.000,-2.828,-3.606,-4.472,-5.000,-4.472,-4.123,-3.606,-3.000,-2.000,-1.000,1.000,2.000,3.000,4.000,5.000,6.325,5.385,4.472,3.606,2.828,2.000,1.000,-1.000,-1.414,-2.236,-3.162,-4.123,-4.243,-3.606,-3.162,-2.828,-2.236,-2.000,-1.000,1.000,2.000,3.000,4.000,5.000,6.708,5.831,5.000,4.123,3.162,2.236,1.414,1.000,-1.000,-2.000,-2.828,-3.606,-3.606,-2.828,-2.236,-2.000,-1.414,-1.000,-1.000,1.000,2.000,3.000,4.000,5.000,7.211,6.325,5.385,4.472,3.606,2.828,2.000,1.000,-1.000,-1.414,-2.236,-3.162,-2.828,-2.236,-1.414,-1.000,-1.000,1.000,1.000,1.414,2.236,3.162,4.123,5.099,7.616,6.708,5.831,5.000,4.123,3.162,2.236,1.414,1.000,-1.000,-2.000,-3.000,-2.236,-1.414,-1.000,1.000,1.000,1.414,2.000,2.236,2.828,3.606,4.472,5.385,8.062,7.211,6.325,5.385,4.472,3.606,2.828,2.000,1.000,-1.000,-2.000,-2.828,-2.000,-1.000,1.000,1.414,2.000,2.236,2.828,3.162,3.606,4.243,5.000,5.831,8.544,7.616,6.708,5.831,5.000,4.000,3.000,2.000,1.000,-1.000,-1.414,-2.236,-1.414,-1.000,1.000,2.000,2.828,3.162,3.606,4.123,4.472,5.000,5.657,6.403,8.944,8.062,7.071,6.083,5.099,4.123,3.162,2.236,1.414,1.000,-1.000,-2.000,-1.000,1.000,1.414,2.236,3.162,4.123,4.472,5.000,5.385,5.831,6.403,7.071,9.220,8.246,7.280,6.325,5.385,4.472,3.606,2.828,2.000,1.000,-1.000,-2.000,-1.000,1.000,2.000,2.828,3.606,4.472,5.385,5.831,6.325,6.708,7.211,7.810,1.2323,-0.0329
5.000,4.243,3.606,3.162,3.000,3.000,3.000,3.000,3.000,3.000,3.000,3.000,3.000,3.000,3.000,3.000,3.000,3.000,3.000,3.000,3.000,3.162,3.606,4.243,4.472,3.606,2.828,2.236,2.000,2.000,2.000,2.000,2.000,2.000,2.000,2.000,2.000,2.000,2.000,2.000,2.000,2.000,2.000,2.000,2.000,2.236,2.828,3.606,4.123,3.162,2.236,1.414,1.000,1.000,1.000,1.000,1.000,1.000,1.000,1.000,1.000,1.000,1.000,1.000,1.000,1.000,1.000,1.000,1.000,1.414,2.236,3.162,4.000,3.000,2.000,1.000,-1.000,-1.000,-1.000,-1.000,-1.000,-1.000,-1.000,-1.000,-1.000,-1.000,-1.000,-1.000,-1.000,-1.000,-1.000,-1.000,-1.000,1.000,2.000,3.000,4.123,3.162,2.236,1.414,1.000,-1.000,-1.414,-2.000,-2.000,-2.000,-2.000,-2.000,-2.000,-2.000,-2.000,-2.000,-2.000,-2.000,-2.000,-2.000,-1.000,1.000,2.000,3.000,4.472,3.606,2.828,2.236,1.414,1.000,-1.000,-1.414,-2.236,-2.828,-3.000,-3.000,-3.000,-3.000,-3.000,-3.000,-3.000,-3.000,-3.000,-2.000,-1.000,1.000,2.000,3.000,5.000,4.243,3.606,2.828,2.236,1.414,1.000,-1.000,-1.414,-2.236,-3.162,-4.000,-4.000,-4.000,-4.000,-3.606,-3.162,-2.828,-2.236,-2.000,-1.000,1.000,2.000,3.000,5.657,5.000,4.243,3.606,2.828,2.236,1.414,1.000,-1.000,-2.000,-2.828,-3.606,-3.606,-3.162,-3.000,-2.828,-2.236,-2.000,-1.414,-1.000,-1.000,1.000,2.000,3.000,6.403,5.657,5.000,4.243,3.606,2.828,2.000,1.000,-1.000,-1.414,-2.236,-2.828,-2.828,-2.236,-2.000,-2.000,-1.414,-1.000,-1.000,1.000,1.000,1.414,2.236,3.162,7.071,6.403,5.657,5.000,4.123,3.162,2.236,1.414,1.000,-1.000,-1.414,-2.236,-2.236,-1.414,-1.000,-1.000,-1.000,1.000,1.000,1.414,2.000,2.236,2.828,3.606,7.810,7.071,6.325,5.385,4.472,3.606,2.828,2.236,1.414,1.000,-1.000,-2.000,-1.414,-1.000,1.000,1.000,1.000,1.414,2.000,2.236,2.828,3.162,3.606,4.243,8.485,7.616,6.708,5.831,5.000,4.243,3.606,2.828,2.000,1.000,-1.000,-1.000,-1.000,1.000,1.414,2.000,2.000,2.236,2.828,3.162,3.606,4.123,4.472,5.000,8.944,8.062,7.211,6.403,5.657,5.000,4.123,3.162,2.236,1.414,1.000,1.000,1.000,1.414,2.236,2.828,3.000,3.162,3.606,4.123,4.472,5.000,5.385,5.831,9.434,8.602,7.810,7.071,6.325,5.385,4.472,3.606,2.828,2.236,2.000,2.000,2.000,2.236,2.828,3.606,4.000,4.123,4.472,5.000,5.385,5.831,6.325,6.708,10.000,9.220,8.485,7.616,6.708,5.831,5.000,4.243,3.606,3.162,3.000,3.000,3.000,3.162,3.606,4.243,5.000,5.099,5.385,5.831,6.325,6.708,7.211,7.616,10.630,9.849,8.944,8.062,7.211,6.403,5.657,5.000,4.472,4.123,4.000,4.000,4.000,4.123,4.472,5.000,5.657,6.083,6.325,6.708,7.211,7.616,8.062,8.544,1.0343,-0.2708
7.810,7.211,6.708,6.325,6.083,6.000,6.000,6.000,6.000,6.000,6.000,6.000,6.000,6.000,6.000,6.000,6.000,6.000,6.000,6.000,6.083,6.325,6.708,7.211,7.071,6.403,5.831,5.385,5.099,5.000,5.000,5.000,5.000,5.000,5.000,5.000,5.000,5.000,5.000,5.000,5.000,5.000,5.000,5.000,5.099,5.385,5.831,6.403,6.403,5.657,5.000,4.472,4.123,4.000,4.000,4.000,4.000,4.000,4.000,4.000,4.000,4.000,4.000,4.000,4.000,4.000,4.000,4.000,4.123,4.472,5.000,5.657,5.831,5.000,4.243,3.606,3.162,3.000,3.000,3.000,3.000,3.000,3.000,3.000,3.000,3.000,3.000,3.000,3.000,3.000,3.000,3.000,3.162,3.606,4.243,5.000,5.385,4.472,3.606,2.828,2.236,2.000,2.000,2.000,2.000,2.000,2.000,2.000,2.000,2.000,2.000,2.000,2.000,2.000,2.000,2.000,2.236,2.828,3.606,4.472,5.099,4.123,3.162,2.236,1.414,1.000,1.000,1.000,1.000,1.000,1.000,1.000,1.000,1.000,1.000,1.000,1.000,1.000,1.000,1.000,1.414,2.236,3.162,4.123,5.000,4.000,3.000,2.000,1.000,-1.000,-1.000,-1.000,-1.000,-1.000,-1.000,-1.000,-1.000,-1.000,-1.000,-1.000,-1.000,-1.000,-1.000,-1.000,1.000,2.000,3.000,4.000,5.000,4.000,3.000,2.000,1.000,-1.000,-1.414,-2.000,-2.000,-2.000,-2.000,-2.000,-2.000,-2.000,-2.000,-2.000,-2.000,-2.000,-2.000,-1.000,1.000,2.000,3.000,4.000,5.099,4.123,3.162,2.236,1.414,1.000,-1.000,-1.414,-2.236,-3.000,-3.000,-3.000,-3.000,-3.000,-3.000,-3.000,-3.000,-3.000,-2.000,-1.000,1.000,2.000,3.000,4.000,5.385,4.472,3.606,2.828,2.236,1.414,1.000,-1.000,-2.000,-2.828,-3.606,-4.000,-4.000,-4.000,-4.000,-4.000,-4.000,-3.000,-2.000,-1.000,1.000,2.000,3.000,4.000,5.831,5.000,4.243,3.606,2.828,2.000,1.000,-1.000,-1.414,-2.236,-3.162,-4.123,-5.000,-5.000,-5.000,-5.000,-4.000,-3.000,-2.000,-1.000,1.000,2.000,3.000,4.000,6.403,5.657,5.000,4.123,3.162,2.236,1.414,1.000,-1.000,-2.000,-3.000,-4.000,-5.000,-5.000,-4.472,-4.123,-4.000,-3.000,-2.000,-1.000,1.000,2.000,3.000,4.000,7.071,6.325,5.385,4.472,3.606,2.828,2.000,1.000,-1.000,-2.000,-2.828,-3.606,-4.472,-4.243,-3.606,-3.162,-3.000,-3.000,-2.000,-1.000,1.000,2.000,3.000,4.000,7.616,6.708,5.831,5.000,4.000,3.000,2.000,1.000,-1.000,-1.414,-2.236,-3.162,-4.123,-3.606,-2.828,-2.236,-2.000,-2.000,-2.000,-1.000,1.000,2.000,3.000,4.000,8.062,7.071,6.083,5.099,4.123,3.162,2.236,1.414,1.000,-1.000,-2.000,-3.000,-4.000,-3.162,-2.236,-1.414,-1.000,-1.000,-1.000,-1.000,1.000,2.000,3.000,4.000,8.246,7.280,6.325,5.385,4.472,3.606,2.828,2.000,1.000,-1.000,-2.000,-3.000,-4.000,-3.000,-2.000,-1.000,1.000,1.000,1.000,1.000,1.414,2.236,3.162,4.123,1.2729,0.1521
7.071,6.403,5.831,5.385,5.099,5.000,5.000,5.000,5.000,5.000,5.000,5.000,5.000,5.000,5.000,5.000,5.000,5.000,5.000,5.099,5.385,5.831,6.403,7.071,6.403,5.657,5.000,4.472,4.123,4.000,4.000,4.000,4.000,4.000,4.000,4.000,4.000,4.000,4.000,4.000,4.000,4.000,4.000,4.123,4.472,5.000,5.657,6.403,5.831,5.000,4.243,3.606,3.162,3.000,3.000,3.000,3.000,3.000,3.000,3.000,3.000,3.000,3.000,3.000,3.000,3.000,3.000,3.162,3.606,4.243,5.000,5.831,5.385,4.472,3.606,2.828,2.236,2.000,2.000,2.000,2.000,2.000,2.000,2.000,2.000,2.000,2.000,2.000,2.000,2.000,2.000,2.236,2.828,3.606,4.472,5.385,5.099,4.123,3.162,2.236,1.414,1.000,1.000,1.000,1.000,1.000,1.000,1.000,1.000,1.000,1.000,1.000,1.000,1.000,1.000,1.414,2.236,3.162,4.123,5.099,5.000,4.000,3.000,2.000,1.000,-1.000,-1.000,-1.000,-1.000,-1.000,-1.000,-1.000,-1.000,-1.000,-1.000,-1.000,-1.000,-1.000,-1.000,1.000,2.000,3.000,4.000,5.000,5.099,4.123,3.162,2.236,1.414,1.000,-1.000,-1.414,-2.000,-2.000,-2.000,-2.000,-2.000,-2.000,-2.000,-2.000,-2.000,-1.414,-1.000,1.000,2.000,3.000,4.000,5.000,5.385,4.472,3.606,2.828,2.236,1.414,1.000,-1.000,-1.414,-2.000,-2.236,-2.828,-2.236,-2.000,-2.000,-1.414,-1.000,-1.000,1.000,1.414,2.236,3.162,4.123,5.099,5.831,5.000,4.243,3.606,2.828,2.236,1.414,1.000,-1.000,-1.000,-1.414,-2.000,-1.414,-1.000,-1.000,-1.000,1.000,1.000,1.414,2.236,2.828,3.606,4.472,5.385,6.403,5.657,5.000,4.243,3.606,2.828,2.236,1.414,1.000,1.000,-1.000,-1.000,-1.000,1.000,1.000,1.000,1.414,2.000,2.236,2.828,3.606,4.243,5.000,5.831,7.071,6.403,5.657,5.000,4.243,3.606,2.828,2.236,2.000,1.414,1.000,1.000,1.000,1.414,2.000,2.000,2.236,2.828,3.162,3.606,4.243,5.000,5.657,6.403,7.810,7.071,6.403,5.657,5.000,4.243,3.606,3.162,2.828,2.236,2.000,2.000,2.000,2.236,2.828,3.000,3.162,3.606,4.123,4.472,5.000,5.657,6.403,7.071,8.485,7.810,7.071,6.403,5.657,5.000,4.472,4.123,3.606,3.162,3.000,3.000,3.000,3.162,3.606,4.000,4.123,4.472,5.000,5.385,5.831,6.403,7.071,7.810,9.220,8.485,7.810,7.071,6.403,5.831,5.385,5.000,4.472,4.123,4.000,4.000,4.000,4.123,4.472,5.000,5.099,5.385,5.831,6.325,6.708,7.211,7.810,8.485,9.899,9.220,8.485,7.810,7.211,6.708,6.325,5.831,5.385,5.099,5.000,5.000,5.000,5.099,5.385,5.831,6.083,6.325,6.708,7.211,7.616,8.062,8.602,9.220,10.630,9.899,9.220,8.602,8.062,7.616,7.211,6.708,6.325,6.083,6.000,6.000,6.000,6.083,6.325,6.708,7.071,7.280,7.616,8.062,8.544,8.944,9.434,10.000,0.5979,-0.0813
7.810,7.071,6.403,5.831,5.385,5.099,5.000,5.000,5.000,5.000,5.000,5.000,5.000,5.000,5.000,5.000,5.000,5.000,5.000,5.099,5.385,5.831,6.403,7.071,7.211,6.403,5.657,5.000,4.472,4.123,4.000,4.000,4.000,4.000,4.000,4.000,4.000,4.000,4.000,4.000,4.000,4.000,4.000,4.123,4.472,5.000,5.657,6.403,6.708,5.831,5.000,4.243,3.606,3.162,3.000,3.000,3.000,3.000,3.000,3.000,3.000,3.000,3.000,3.000,3.000,3.000,3.000,3.162,3.606,4.243,5.000,5.831,6.325,5.385,4.472,3.606,2.828,2.236,2.000,2.000,2.000,2.000,2.000,2.000,2.000,2.000,2.000,2.000,2.000,2.000,2.000,2.236,2.828,3.606,4.472,5.385,6.083,5.099,4.123,3.162,2.236,1.414,1.000,1.000,1.000,1.000,1.000,1.000,1.000,1.000,1.000,1.000,1.000,1.000,1.000,1.414,2.236,3.162,4.123,5.099,6.000,5.000,4.000,3.000,2.000,1.000,-1.000,-1.000,-1.000,-1.000,-1.000,-1.000,-1.000,-1.000,-1.000,-1.000,-1.000,-1.000,-1.000,1.000,2.000,3.000,4.000,5.000,6.083,5.099,4.123,3.162,2.236,1.414,1.000,-1.000,-1.414,-2.000,-2.000,-2.000,-2.000,-2.000,-2.000,-2.000,-1.414,-1.000,-1.000,1.000,2.000,3.000,4.000,5.000,6.325,5.385,4.472,3.606,2.828,2.236,1.414,1.000,-1.000,-2.000,-2.828,-3.000,-2.828,-2.236,-1.414,-1.000,-1.000,1.000,1.000,1.414,2.236,3.162,4.123,5.099,6.708,5.831,5.000,4.243,3.606,2.828,2.000,1.000,-1.000,-1.414,-2.236,-2.828,-2.236,-1.414,-1.000,1.000,1.000,1.414,2.000,2.236,2.828,3.606,4.472,5.385,7.211,6.403,5.657,5.000,4.123,3.162,2.236,1.414,1.000,-1.000,-1.414,-2.236,-1.414,-1.000,1.000,1.414,2.000,2.236,2.828,3.162,3.606,4.243,5.000,5.831,7.810,7.071,6.325,5.385,4.472,3.606,2.828,2.236,1.414,1.000,-1.000,-1.414,-1.000,1.000,1.414,2.236,2.828,3.162,3.606,4.123,4.472,5.000,5.657,6.403,8.485,7.616,6.708,5.831,5.000,4.243,3.606,2.828,2.236,1.414,1.000,-1.000,1.000,1.414,2.236,2.828,3.606,4.123,4.472,5.000,5.385,5.831,6.403,7.071,8.944,8.062,7.211,6.403,5.657,5.000,4.243,3.606,2.828,2.236,1.414,1.000,1.414,2.236,2.828,3.606,4.243,5.000,5.385,5.831,6.325,6.708,7.211,7.810,9.434,8.602,7.810,7.071,6.403,5.657,5.000,4.243,3.606,2.828,2.236,2.000,2.236,2.828,3.606,4.243,5.000,5.657,6.325,6.708,7.211,7.616,8.062,8.602,10.000,9.220,8.485,7.810,7.071,6.403,5.657,5.000,4.243,3.606,3.162,3.000,3.162,3.606,4.243,5.000,5.657,6.403,7.071,7.616,8.062,8.544,8.944,9.434,10.630,9.899,9.220,8.485,7.810,7.071,6.403,5.657,5.000,4.472,4.123,4.000,4.123,4.472,5.000,5.657,6.403,7.071,7.810,8.485,8.944,9.434,9.849,10.296,0.8255,0.0203
5.831,5.000,4.243,3.606,3.162,3.000,3.000,3.000,3.000,3.000,3.000,3.000,3.000,3.000,3.000,3.000,3.000,3.000,3.000,3.000,3.162,3.606,4.243,5.000,5.385,4.472,3.606,2.828,2.236,2.000,2.000,2.000,2.000,2.000,2.000,2.000,2.000,2.000,2.000,2.000,2.000,2.000,2.000,2.000,2.236,2.828,3.606,4.472,5.099,4.123,3.162,2.236,1.414,1.000,1.000,1.000,1.000,1.000,1.000,1.000,1.000,1.000,1.000,1.000,1.000,1.000,1.000,1.000,1.414,2.236,3.162,4.123,5.000,4.000,3.000,2.000,1.000,-1.000,-1.000,-1.000,-1.000,-1.000,-1.000,-1.000,-1.000,-1.000,-1.000,-1.000,-1.000,-1.000,-1.000,-1.000,1.000,2.000,3.000,4.000,5.099,4.123,3.162,2.236,1.414,1.000,1.000,-1.000,-1.000,-1.414,-2.000,-2.000,-2.000,-1.414,-1.000,-1.000,-1.000,1.000,1.000,1.000,1.414,2.236,3.162,4.123,5.385,4.472,3.606,2.828,2.236,2.000,1.414,1.000,1.000,-1.000,-1.414,-1.414,-1.000,-1.000,1.000,1.000,1.000,1.414,2.000,2.000,2.236,2.828,3.606,4.472,5.831,5.000,4.243,3.606,3.162,2.828,2.236,2.000,1.414,1.000,-1.000,-1.000,1.000,1.000,1.414,2.000,2.000,2.236,2.828,3.000,3.162,3.606,4.243,5.000,6.403,5.657,5.000,4.472,4.123,3.606,3.162,2.828,2.236,1.414,1.000,1.000,1.414,2.000,2.236,2.828,3.000,3.162,3.606,4.000,4.123,4.472,5.000,5.657,7.071,6.403,5.831,5.385,5.000,4.472,4.123,3.606,2.828,2.236,2.000,2.000,2.236,2.828,3.162,3.606,4.000,4.123,4.472,5.000,5.099,5.385,5.831,6.403,7.810,7.211,6.708,6.325,5.831,5.385,5.000,4.243,3.606,3.162,3.000,3.000,3.162,3.606,4.123,4.472,5.000,5.099,5.385,5.831,6.083,6.325,6.708,7.211,8.602,8.062,7.616,7.211,6.708,6.325,5.657,5.000,4.472,4.123,4.000,4.000,4.123,4.472,5.000,5.385,5.831,6.083,6.325,6.708,7.071,7.280,7.616,8.062,9.434,8.944,8.544,8.062,7.616,7.071,6.403,5.831,5.385,5.099,5.000,5.000,5.099,5.385,5.831,6.325,6.708,7.071,7.280,7.616,8.062,8.246,8.544,8.944,10.296,9.849,9.434,8.944,8.485,7.810,7.211,6.708,6.325,6.083,6.000,6.000,6.083,6.325,6.708,7.211,7.616,8.062,8.246,8.544,8.944,9.220,9.487,9.849,11.180,10.770,10.296,9.849,9.220,8.602,8.062,7.616,7.280,7.071,7.000,7.000,7.071,7.280,7.616,8.062,8.544,8.944,9.220,9.487,9.849,10.198,10.440,10.770,12.083,11.662,11.180,10.630,10.000,9.434,8.944,8.544,8.246,8.062,8.000,8.000,8.062,8.246,8.544,8.944,9.434,9.849,10.198,10.440,10.770,11.180,11.402,11.705,13.000,12.530,12.042,11.402,10.817,10.296,9.849,9.487,9.220,9.055,9.000,9.000,9.055,9.220,9.487,9.849,10.296,10.770,11.180,11.402,11.705,12.083,12.369,12.649,0.5495,-0.2440
7.810,7.071,6.403,5.831,5.385,5.099,5.000,5.000,5.000,5.000,5.000,5.000,5.000,5.000,5.000,5.000,5.000,5.000,5.000,5.099,5.385,5.831,6.403,7.071,7.211,6.403,5.657,5.000,4.472,4.123,4.000,4.000,4.000,4.000,4.000,4.000,4.000,4.000,4.000,4.000,4.000,4.000,4.000,4.123,4.472,5.000,5.657,6.403,6.708,5.831,5.000,4.243,3.606,3.162,3.000,3.000,3.000,3.000,3.000,3.000,3.000,3.000,3.000,3.000,3.000,3.000,3.000,3.162,3.606,4.243,5.000,5.831,6.325,5.385,4.472,3.606,2.828,2.236,2.000,2.000,2.000,2.000,2.000,2.000,2.000,2.000,2.000,2.000,2.000,2.000,2.000,2.236,2.828,3.606,4.472,5.385,6.083,5.099,4.123,3.162,2.236,1.414,1.000,1.000,1.000,1.000,1.000,1.000,1.000,1.000,1.000,1.000,1.000,1.000,1.000,1.414,2.236,3.162,4.123,5.099,6.000,5.000,4.000,3.000,2.000,1.000,-1.000,-1.000,-1.000,-1.000,-1.000,-1.000,-1.000,-1.000,-1.000,-1.000,-1.000,-1.000,-1.000,1.000,2.000,3.000,4.000,5.000,6.083,5.099,4.123,3.162,2.236,1.414,1.000,-1.000,-1.414,-2.000,-2.000,-2.000,-2.000,-2.000,-2.000,-2.000,-2.000,-2.000,-1.000,1.000,2.000,3.000,4.000,5.000,6.325,5.385,4.472,3.606,2.828,2.236,1.414,1.000,-1.000,-1.414,-2.236,-3.000,-3.000,-3.000,-3.000,-3.000,-3.000,-2.000,-1.000,1.000,2.000,3.000,4.000,5.000,6.708,5.831,5.000,4.243,3.606,2.828,2.236,1.414,1.000,-1.000,-2.000,-2.828,-3.606,-3.162,-3.000,-3.000,-3.000,-2.000,-1.000,1.000,2.000,3.000,4.000,5.000,7.211,6.403,5.657,5.000,4.243,3.606,2.828,2.000,1.000,-1.000,-1.414,-2.236,-2.828,-2.236,-2.000,-2.000,-2.000,-2.000,-1.000,1.000,2.000,3.000,4.000,5.000,7.810,7.071,6.403,5.657,5.000,4.123,3.162,2.236,1.414,1.000,-1.000,-2.000,-2.000,-1.414,-1.000,-1.000,-1.000,-1.000,-1.000,1.000,2.000,3.000,4.000,5.000,8.485,7.810,7.071,6.325,5.385,4.472,3.606,2.828,2.000,1.000,-1.000,-1.000,-1.000,-1.000,1.000,1.000,1.000,1.000,1.000,1.414,2.236,3.162,4.123,5.099,9.220,8.485,7.616,6.708,5.831,5.000,4.123,3.162,2.236,1.414,1.000,1.000,1.000,1.000,1.414,2.000,2.000,2.000,2.000,2.236,2.828,3.606,4.472,5.385,9.849,8.944,8.062,7.211,6.325,5.385,4.472,3.606,2.828,2.236,2.000,2.000,2.000,2.000,2.236,2.828,3.000,3.000,3.000,3.162,3.606,4.243,5.000,5.831,10.296,9.434,8.544,7.616,6.708,5.831,5.000,4.243,3.606,3.162,3.000,3.000,3.000,3.000,3.162,3.606,4.000,4.000,4.000,4.123,4.472,5.000,5.657,6.403,10.770,9.849,8.944,8.062,7.211,6.403,5.657,5.000,4.472,4.123,4.000,4.000,4.000,4.000,4.123,4.472,5.000,5.000,5.000,5.099,5.385,5.831,6.403,7.071,0.9754,0.0477
4.472,4.123,4.000,4.000,4.000,4.000,4.000,4.000,4.000,4.000,4.000,4.000,4.000,4.000,4.000,4.000,4.000,4.000,4.000,4.000,4.000,4.000,4.123,4.472,3.606,3.162,3.000,3.000,3.000,3.000,3.000,3.000,3.000,3.000,3.000,3.000,3.000,3.000,3.000,3.000,3.000,3.000,3.000,3.000,3.000,3.000,3.162,3.606,2.828,2.236,2.000,2.000,2.000,2.000,2.000,2.000,2.000,2.000,2.000,2.000,2.000,2.000,2.000,2.000,2.000,2.000,2.000,2.000,2.000,2.000,2.236,2.828,2.236,1.414,1.000,1.000,1.000,1.000,1.000,1.000,1.000,1.000,1.000,1.000,1.000,1.000,1.000,1.000,1.000,1.000,1.000,1.000,1.000,1.000,1.414,2.236,2.000,1.000,-1.000,-1.000,-1.000,-1.000,-1.000,-1.000,-1.000,-1.000,-1.000,-1.000,-1.000,-1.000,-1.000,-1.000,-1.000,-1.000,-1.000,-1.000,-1.000,-1.000,1.000,2.000,2.236,1.414,1.000,1.000,-1.000,-1.414,-2.000,-2.000,-2.000,-2.000,-2.000,-2.000,-2.000,-2.000,-2.000,-2.000,-2.000,-2.000,-2.000,-2.000,-2.000,-1.000,1.000,2.000,2.828,2.236,2.000,1.414,1.000,-1.000,-1.000,-1.414,-2.236,-2.828,-3.000,-3.000,-3.000,-2.828,-2.236,-2.000,-2.000,-2.000,-2.000,-2.000,-2.000,-1.000,1.000,2.000,3.606,3.162,2.828,2.236,1.414,1.000,1.000,-1.000,-1.414,-2.000,-2.236,-2.236,-2.000,-2.000,-1.414,-1.000,-1.000,-1.000,-1.000,-1.000,-1.000,-1.000,1.000,2.000,4.472,4.123,3.606,2.828,2.236,2.000,1.414,1.000,-1.000,-1.000,-1.414,-1.414,-1.000,-1.000,-1.000,1.000,1.000,1.000,1.000,1.000,1.000,1.000,1.414,2.236,5.385,5.000,4.243,3.606,3.162,2.828,2.236,1.414,1.000,1.000,-1.000,-1.000,1.000,1.000,1.000,1.414,2.000,2.000,2.000,2.000,2.000,2.000,2.236,2.828,6.325,5.657,5.000,4.472,4.123,3.606,2.828,2.236,2.000,1.414,1.000,1.000,1.414,2.000,2.000,2.236,2.828,3.000,3.000,3.000,3.000,3.000,3.162,3.606,7.071,6.403,5.831,5.385,5.000,4.243,3.606,3.162,2.828,2.236,2.000,2.000,2.236,2.828,3.000,3.162,3.606,4.000,4.000,4.000,4.000,4.000,4.123,4.472,7.810,7.211,6.708,6.325,5.657,5.000,4.472,4.123,3.606,3.162,3.000,3.000,3.162,3.606,4.000,4.123,4.472,5.000,5.000,5.000,5.000,5.000,5.099,5.385,8.602,8.062,7.616,7.071,6.403,5.831,5.385,5.000,4.472,4.123,4.000,4.000,4.123,4.472,5.000,5.099,5.385,5.831,6.000,6.000,6.000,6.000,6.083,6.325,9.434,8.944,8.485,7.810,7.211,6.708,6.325,5.831,5.385,5.099,5.000,5.000,5.099,5.385,5.831,6.083,6.325,6.708,7.000,7.000,7.000,7.000,7.071,7.280,10.296,9.849,9.220,8.602,8.062,7.616,7.211,6.708,6.325,6.083,6.000,6.000,6.083,6.325,6.708,7.071,7.280,7.616,8.000,8.000,8.000,8.000,8.062,8.246,0.8027,0.0202
4.472,3.606,2.828,2.236,2.000,2.000,2.000,2.000,2.000,2.000,2.000,2.000,2.000,2.000,2.000,2.000,2.000,2.000,2.000,2.000,2.236,2.828,3.606,4.472,4.123,3.162,2.236,1.414,1.000,1.000,1.000,1.000,1.000,1.000,1.000,1.000,1.000,1.000,1.000,1.000,1.000,1.000,1.000,1.000,1.414,2.236,3.162,4.123,4.000,3.000,2.000,1.000,-1.000,-1.000,-1.000,-1.000,-1.000,-1.000,-1.000,-1.000,-1.000,-1.000,-1.000,-1.000,-1.000,-1.000,-1.000,-1.000,1.000,2.000,3.000,4.000,4.000,3.000,2.000,1.000,-1.000,-1.414,-2.000,-2.000,-2.000,-2.000,-2.000,-2.000,-2.000,-2.000,-2.000,-2.000,-2.000,-1.414,-1.000,1.000,1.414,2.236,3.162,4.123,4.123,3.162,2.236,1.414,1.000,-1.000,-1.414,-2.000,-2.236,-2.828,-3.000,-3.000,-3.000,-2.828,-2.236,-1.414,-1.000,-1.000,1.000,1.414,2.236,2.828,3.606,4.472,4.472,3.606,2.828,2.236,1.414,1.000,-1.000,-1.000,-1.414,-2.236,-2.828,-2.828,-2.236,-2.000,-1.414,-1.000,1.000,1.000,1.414,2.236,2.828,3.606,4.243,5.000,5.000,4.243,3.606,2.828,2.236,1.414,1.000,1.000,-1.000,-1.414,-2.000,-2.000,-1.414,-1.000,-1.000,1.000,1.414,2.000,2.236,2.828,3.606,4.243,5.000,5.657,5.657,5.000,4.243,3.606,2.828,2.236,2.000,1.414,1.000,-1.000,-1.000,-1.000,-1.000,1.000,1.000,1.414,2.236,2.828,3.162,3.606,4.243,5.000,5.657,6.403,6.403,5.657,5.000,4.243,3.606,3.162,2.828,2.236,1.414,1.000,1.000,1.000,1.000,1.414,2.000,2.236,2.828,3.606,4.123,4.472,5.000,5.657,6.403,7.071,7.071,6.403,5.657,5.000,4.472,4.123,3.606,2.828,2.236,2.000,2.000,2.000,2.000,2.236,2.828,3.162,3.606,4.243,5.000,5.385,5.831,6.403,7.071,7.810,7.810,7.071,6.403,5.831,5.385,5.000,4.243,3.606,3.162,3.000,3.000,3.000,3.000,3.162,3.606,4.123,4.472,5.000,5.657,6.325,6.708,7.211,7.810,8.485,8.485,7.810,7.211,6.708,6.325,5.657,5.000,4.472,4.123,4.000,4.000,4.000,4.000,4.123,4.472,5.000,5.385,5.831,6.403,7.071,7.616,8.062,8.602,9.220,9.220,8.602,8.062,7.616,7.071,6.403,5.831,5.385,5.099,5.000,5.000,5.000,5.000,5.099,5.385,5.831,6.325,6.708,7.211,7.810,8.485,8.944,9.434,10.000,10.000,9.434,8.944,8.485,7.810,7.211,6.708,6.325,6.083,6.000,6.000,6.000,6.000,6.083,6.325,6.708,7.211,7.616,8.062,8.602,9.220,9.849,10.296,10.817,10.817,10.296,9.849,9.220,8.602,8.062,7.616,7.280,7.071,7.000,7.000,7.000,7.000,7.071,7.280,7.616,8.062,8.544,8.944,9.434,10.000,10.630,11.180,11.662,11.662,11.180,10.630,10.000,9.434,8.944,8.544,8.246,8.062,8.000,8.000,8.000,8.000,8.062,8.246,8.544,8.944,9.434,9.849,10.296,10.817,11.402,12.042,12.530,0.6230,-0.3916
4.243,3.606,3.162,3.000,3.000,3.000,3.000,3.000,3.000,3.000,3.000,3.000,3.000,3.000,3.000,3.000,3.000,3.000,3.000,3.000,3.000,3.000,3.162,3.606,3.606,2.828,2.236,2.000,2.000,2.000,2.000,2.000,2.000,2.000,2.000,2.000,2.000,2.000,2.000,2.000,2.000,2.000,2.000,2.000,2.000,2.000,2.236,2.828,3.162,2.236,1.414,1.000,1.000,1.000,1.000,1.000,1.000,1.000,1.000,1.000,1.000,1.000,1.000,1.000,1.000,1.000,1.000,1.000,1.000,1.000,1.414,2.236,3.000,2.000,1.000,-1.000,-1.000,-1.000,-1.000,-1.000,-1.000,-1.000,-1.000,-1.000,-1.000,-1.000,-1.000,-1.000,-1.000,-1.000,-1.000,-1.000,-1.000,-1.000,1.000,2.000,3.000,2.000,1.000,-1.000,-1.414,-2.000,-2.000,-2.000,-2.000,-2.000,-2.000,-2.000,-2.000,-2.000,-2.000,-2.000,-2.000,-2.000,-2.000,-1.414,-1.000,-1.000,1.000,2.000,3.162,2.236,1.414,1.000,-1.000,-1.414,-2.236,-2.828,-3.000,-3.000,-3.000,-3.000,-3.000,-3.000,-2.828,-2.236,-2.000,-1.414,-1.000,-1.000,1.000,1.000,1.414,2.236,3.606,2.828,2.236,1.414,1.000,-1.000,-1.414,-2.000,-2.236,-2.828,-3.606,-3.606,-3.162,-2.828,-2.236,-1.414,-1.000,-1.000,1.000,1.000,1.414,2.000,2.236,2.828,4.243,3.606,2.828,2.236,1.414,1.000,-1.000,-1.000,-1.414,-2.236,-2.828,-2.828,-2.236,-2.000,-1.414,-1.000,1.000,1.000,1.414,2.000,2.236,2.828,3.162,3.606,5.000,4.243,3.606,2.828,2.236,1.414,1.000,1.000,-1.000,-1.414,-2.236,-2.236,-1.414,-1.000,-1.000,1.000,1.414,2.000,2.236,2.828,3.162,3.606,4.123,4.472,5.657,5.000,4.243,3.606,2.828,2.236,2.000,1.414,1.000,-1.000,-1.414,-1.414,-1.000,1.000,1.000,1.414,2.236,2.828,3.162,3.606,4.123,4.472,5.000,5.385,6.403,5.657,5.000,4.243,3.606,3.162,2.828,2.236,1.414,1.000,-1.000,-1.000,1.000,1.414,2.000,2.236,2.828,3.606,4.123,4.472,5.000,5.385,5.831,6.325,7.071,6.403,5.657,5.000,4.472,4.123,3.606,2.828,2.236,1.414,1.000,1.000,1.414,2.236,2.828,3.162,3.606,4.243,5.000,5.385,5.831,6.325,6.708,7.211,7.810,7.071,6.403,5.831,5.385,5.000,4.243,3.606,2.828,2.236,2.000,2.000,2.236,2.828,3.606,4.123,4.472,5.000,5.657,6.325,6.708,7.211,7.616,8.062,8.485,7.810,7.211,6.708,6.325,5.657,5.000,4.243,3.606,3.162,3.000,3.000,3.162,3.606,4.243,5.000,5.385,5.831,6.403,7.071,7.616,8.062,8.544,8.944,9.220,8.602,8.062,7.616,7.071,6.403,5.657,5.000,4.472,4.123,4.000,4.000,4.123,4.472,5.000,5.657,6.325,6.708,7.211,7.810,8.485,8.944,9.434,9.849,10.000,9.434,8.944,8.485,7.810,7.071,6.403,5.831,5.385,5.099,5.000,5.000,5.099,5.385,5.831,6.403,7.071,7.616,8.062,8.602,9.220,9.849,10.296,10.770,0.7611,-0.3156
7.810,7.211,6.708,6.325,6.083,6.000,6.000,6.000,6.000,6.000,6.000,6.000,6.000,6.000,6.000,6.000,6.000,6.000,6.000,6.083,6.325,6.708,7.211,7.810,7.071,6.403,5.831,5.385,5.099,5.000,5.000,5.000,5.000,5.000,5.000,5.000,5.000,5.000,5.000,5.000,5.000,5.000,5.000,5.099,5.385,5.831,6.403,7.071,6.403,5.657,5.000,4.472,4.123,4.000,4.000,4.000,4.000,4.000,4.000,4.000,4.000,4.000,4.000,4.000,4.000,4.000,4.000,4.123,4.472,5.000,5.657,6.403,5.831,5.000,4.243,3.606,3.162,3.000,3.000,3.000,3.000,3.000,3.000,3.000,3.000,3.000,3.000,3.000,3.000,3.000,3.000,3.162,3.606,4.243,5.000,5.831,5.385,4.472,3.606,2.828,2.236,2.000,2.000,2.000,2.000,2.000,2.000,2.000,2.000,2.000,2.000,2.000,2.000,2.000,2.000,2.236,2.828,3.606,4.472,5.385,5.099,4.123,3.162,2.236,1.414,1.000,1.000,1.000,1.000,1.000,1.000,1.000,1.000,1.000,1.000,1.000,1.000,1.000,1.000,1.414,2.236,3.162,4.123,5.099,5.000,4.000,3.000,2.000,1.000,-1.000,-1.000,-1.000,-1.000,-1.000,-1.000,-1.000,-1.000,-1.000,-1.000,-1.000,-1.000,-1.000,-1.000,1.000,2.000,3.000,4.000,5.000,5.099,4.123,3.162,2.236,1.414,1.000,-1.000,-2.000,-2.000,-2.000,-2.000,-2.000,-2.000,-2.000,-2.000,-2.000,-2.000,-2.000,-1.000,1.000,2.000,3.000,4.000,5.000,5.385,4.472,3.606,2.828,2.000,1.000,-1.000,-1.414,-2.236,-2.828,-3.000,-3.000,-3.000,-3.000,-2.828,-2.236,-2.000,-1.414,-1.000,1.000,2.000,3.000,4.000,5.000,5.831,5.000,4.123,3.162,2.236,1.414,1.000,-1.000,-1.414,-2.236,-3.162,-4.000,-3.606,-2.828,-2.236,-1.414,-1.000,-1.000,1.000,1.414,2.236,3.162,4.123,5.099,6.325,5.385,4.472,3.606,2.828,2.236,1.414,1.000,-1.000,-2.000,-2.828,-3.606,-2.828,-2.236,-1.414,-1.000,1.000,1.000,1.414,2.236,2.828,3.606,4.472,5.385,6.708,5.831,5.000,4.243,3.606,2.828,2.000,1.000,-1.000,-1.414,-2.236,-3.162,-2.236,-1.414,-1.000,1.000,1.414,2.000,2.236,2.828,3.606,4.243,5.000,5.831,7.211,6.403,5.657,5.000,4.123,3.162,2.236,1.414,1.000,-1.000,-2.000,-2.828,-2.000,-1.000,1.000,1.414,2.236,2.828,3.162,3.606,4.243,5.000,5.657,6.403,7.810,7.071,6.325,5.385,4.472,3.606,2.828,2.000,1.000,-1.000,-1.414,-2.236,-1.414,-1.000,1.000,2.000,2.828,3.606,4.123,4.472,5.000,5.657,6.403,7.071,8.485,7.616,6.708,5.831,5.000,4.123,3.162,2.236,1.414,1.000,-1.000,-2.000,-1.000,1.000,1.414,2.236,3.162,4.123,5.000,5.385,5.831,6.403,7.071,7.810,8.944,8.062,7.211,6.325,5.385,4.472,3.606,2.828,2.000,1.000,-1.000,-2.000,-1.000,1.000,2.000,2.828,3.606,4.472,5.385,6.325,6.708,7.211,7.810,8.485,0.9900,0.0438
7.211,6.708,6.325,6.083,6.000,6.000,6.000,6.000,6.000,6.000,6.000,6.000,6.000,6.000,6.000,6.000,6.000,6.000,6.000,6.000,6.000,6.083,6.325,6.708,6.403,5.831,5.385,5.099,5.000,5.000,5.000,5.000,5.000,5.000,5.000,5.000,5.000,5.000,5.000,5.000,5.000,5.000,5.000,5.000,5.000,5.099,5.385,5.831,5.657,5.000,4.472,4.123,4.000,4.000,4.000,4.000,4.000,4.000,4.000,4.000,4.000,4.000,4.000,4.000,4.000,4.000,4.000,4.000,4.000,4.123,4.472,5.000,5.000,4.243,3.606,3.162,3.000,3.000,3.000,3.000,3.000,3.000,3.000,3.000,3.000,3.000,3.000,3.000,3.000,3.000,3.000,3.000,3.000,3.162,3.606,4.243,4.472,3.606,2.828,2.236,2.000,2.000,2.000,2.000,2.000,2.000,2.000,2.000,2.000,2.000,2.000,2.000,2.000,2.000,2.000,2.000,2.000,2.236,2.828,3.606,4.123,3.162,2.236,1.414,1.000,1.000,1.000,1.000,1.000,1.000,1.000,1.000,1.000,1.000,1.000,1.000,1.000,1.000,1.000,1.000,1.000,1.414,2.236,3.162,4.000,3.000,2.000,1.000,-1.000,-1.000,-1.000,-1.000,-1.000,-1.000,-1.000,-1.000,-1.000,-1.000,-1.000,-1.000,-1.000,-1.000,-1.000,-1.000,-1.000,1.000,2.000,3.000,4.123,3.162,2.236,1.414,1.000,1.000,-1.000,-1.000,-1.414,-2.000,-2.000,-2.000,-2.000,-2.000,-2.000,-2.000,-2.000,-2.000,-2.000,-2.000,-1.000,1.000,2.000,3.000,4.472,3.606,2.828,2.236,2.000,1.414,1.000,1.000,-1.000,-1.000,-1.000,-1.414,-2.000,-2.000,-2.000,-2.000,-2.000,-2.000,-2.000,-2.000,-1.000,1.000,2.000,3.000,5.000,4.243,3.606,3.162,2.828,2.236,2.000,1.414,1.000,1.000,1.000,-1.000,-1.000,-1.000,-1.000,-1.000,-1.000,-1.000,-1.000,-1.000,-1.000,1.000,2.000,3.000,5.657,5.000,4.472,4.123,3.606,3.162,2.828,2.236,2.000,2.000,1.414,1.000,1.000,1.000,1.000,1.000,1.000,1.000,1.000,1.000,1.000,1.414,2.236,3.162,6.403,5.831,5.385,5.000,4.472,4.123,3.606,3.162,3.000,2.828,2.236,2.000,2.000,2.000,2.000,2.000,2.000,2.000,2.000,2.000,2.000,2.236,2.828,3.606,7.211,6.708,6.325,5.831,5.385,5.000,4.472,4.123,4.000,3.606,3.162,3.000,3.000,3.000,3.000,3.000,3.000,3.000,3.000,3.000,3.000,3.162,3.606,4.243,8.062,7.616,7.211,6.708,6.325,5.831,5.385,5.099,5.000,4.472,4.123,4.000,4.000,4.000,4.000,4.000,4.000,4.000,4.000,4.000,4.000,4.123,4.472,5.000,8.944,8.544,8.062,7.616,7.211,6.708,6.325,6.083,5.831,5.385,5.099,5.000,5.000,5.000,5.000,5.000,5.000,5.000,5.000,5.000,5.000,5.099,5.385,5.831,9.849,9.434,8.944,8.544,8.062,7.616,7.280,7.071,6.708,6.325,6.083,6.000,6.000,6.000,6.000,6.000,6.000,6.000,6.000,6.000,6.000,6.083,6.325,6.708,0.7258,0.0239
7.211,6.708,6.325,6.083,6.000,6.000,6.000,6.000,6.000,6.000,6.000,6.000,6.000,6.000,6.000,6.000,6.000,6.000,6.000,6.000,6.000,6.083,6.325,6.708,6.403,5.831,5.385,5.099,5.000,5.000,5.000,5.000,5.000,5.000,5.000,5.000,5.000,5.000,5.000,5.000,5.000,5.000,5.000,5.000,5.000,5.099,5.385,5.831,5.657,5.000,4.472,4.123,4.000,4.000,4.000,4.000,4.000,4.000,4.000,4.000,4.000,4.000,4.000,4.000,4.000,4.000,4.000,4.000,4.000,4.123,4.472,5.000,5.000,4.243,3.606,3.162,3.000,3.000,3.000,3.000,3.000,3.000,3.000,3.000,3.000,3.000,3.000,3.000,3.000,3.000,3.000,3.000,3.000,3.162,3.606,4.243,4.472,3.606,2.828,2.236,2.000,2.000,2.000,2.000,2.000,2.000,2.000,2.000,2.000,2.000,2.000,2.000,2.000,2.000,2.000,2.000,2.000,2.236,2.828,3.606,4.123,3.162,2.236,1.414,1.000,1.000,1.000,1.000,1.000,1.000,1.000,1.000,1.000,1.000,1.000,1.000,1.000,1.000,1.000,1.000,1.000,1.414,2.236,3.162,4.000,3.000,2.000,1.000,-1.000,-1.000,-1.000,-1.000,-1.000,-1.000,-1.000,-1.000,-1.000,-1.000,-1.000,-1.000,-1.000,-1.000,-1.000,-1.000,-1.000,1.000,2.000,3.000,4.123,3.162,2.236,1.414,1.000,-1.000,-1.000,-1.414,-2.000,-2.000,-2.000,-2.000,-2.000,-2.000,-2.000,-2.000,-2.000,-2.000,-2.000,-2.000,-1.000,1.000,2.000,3.000,4.472,3.606,2.828,2.236,1.414,1.000,1.000,-1.000,-1.414,-2.236,-2.828,-3.000,-2.828,-2.236,-2.000,-2.000,-2.000,-2.000,-2.000,-2.000,-1.000,1.000,2.000,3.000,5.000,4.243,3.606,2.828,2.236,2.000,1.414,1.000,-1.000,-1.414,-2.000,-2.000,-2.000,-1.414,-1.000,-1.000,-1.000,-1.000,-1.000,-1.000,-1.000,1.000,2.000,3.000,5.657,5.000,4.243,3.606,3.162,2.828,2.236,1.414,1.000,-1.000,-1.000,-1.000,-1.000,-1.000,1.000,1.000,1.000,1.000,1.000,1.000,1.000,1.414,2.236,3.162,6.403,5.657,5.000,4.472,4.123,3.606,2.828,2.236,1.414,1.000,1.000,1.000,1.000,1.000,1.414,2.000,2.000,2.000,2.000,2.000,2.000,2.236,2.828,3.606,7.071,6.403,5.831,5.385,5.000,4.243,3.606,2.828,2.236,2.000,2.000,2.000,2.000,2.000,2.236,2.828,3.000,3.000,3.000,3.000,3.000,3.162,3.606,4.243,7.810,7.211,6.708,6.325,5.657,5.000,4.243,3.606,3.162,3.000,3.000,3.000,3.000,3.000,3.162,3.606,4.000,4.000,4.000,4.000,4.000,4.123,4.472,5.000,8.602,8.062,7.616,7.071,6.403,5.657,5.000,4.472,4.123,4.000,4.000,4.000,4.000,4.000,4.123,4.472,5.000,5.000,5.000,5.000,5.000,5.099,5.385,5.831,9.434,8.944,8.485,7.810,7.071,6.403,5.831,5.385,5.099,5.000,5.000,5.000,5.000,5.000,5.099,5.385,5.831,6.000,6.000,6.000,6.000,6.083,6.325,6.708,0.8114,0.0273
6.403,5.657,5.000,4.472,4.123,4.000,4.000,4.000,4.000,4.000,4.000,4.000,4.000,4.000,4.000,4.000,4.000,4.000,4.000,4.123,4.472,5.000,5.657,6.403,5.831,5.000,4.243,3.606,3.162,3.000,3.000,3.000,3.000,3.000,3.000,3.000,3.000,3.000,3.000,3.000,3.000,3.000,3.000,3.162,3.606,4.243,5.000,5.831,5.385,4.472,3.606,2.828,2.236,2.000,2.000,2.000,2.000,2.000,2.000,2.000,2.000,2.000,2.000,2.000,2.000,2.000,2.000,2.236,2.828,3.606,4.472,5.385,5.099,4.123,3.162,2.236,1.414,1.000,1.000,1.000,1.000,1.000,1.000,1.000,1.000,1.000,1.000,1.000,1.000,1.000,1.000,1.414,2.236,3.162,4.123,5.099,5.000,4.000,3.000,2.000,1.000,-1.000,-1.000,-1.000,-1.000,-1.000,-1.000,-1.000,-1.000,-1.000,-1.000,-1.000,-1.000,-1.000,-1.000,1.000,2.000,3.000,4.000,5.000,5.099,4.123,3.162,2.236,1.414,1.000,-1.000,-1.414,-2.000,-2.000,-2.000,-2.000,-2.000,-2.000,-2.000,-2.000,-1.414,-1.000,-1.000,1.000,2.000,3.000,4.000,5.000,5.385,4.472,3.606,2.828,2.236,1.414,1.000,-1.000,-2.000,-2.828,-3.000,-3.000,-3.000,-2.828,-2.236,-1.414,-1.000,1.000,1.000,1.414,2.236,3.162,4.123,5.099,5.831,5.000,4.243,3.606,2.828,2.000,1.000,-1.000,-1.414,-2.236,-2.828,-3.606,-2.828,-2.236,-1.414,-1.000,1.000,1.414,2.000,2.236,2.828,3.606,4.472,5.385,6.403,5.657,5.000,4.123,3.162,2.236,1.414,1.000,-1.000,-1.414,-2.236,-2.828,-2.236,-1.414,-1.000,1.000,1.414,2.236,2.828,3.162,3.606,4.243,5.000,5.831,7.071,6.325,5.385,4.472,3.606,2.828,2.236,1.414,1.000,-1.000,-2.000,-2.236,-1.414,-1.000,1.000,1.414,2.236,2.828,3.606,4.123,4.472,5.000,5.657,6.403,7.616,6.708,5.831,5.000,4.243,3.606,2.828,2.000,1.000,-1.000,-1.414,-2.000,-1.000,1.000,1.414,2.236,2.828,3.606,4.243,5.000,5.385,5.831,6.403,7.071,8.062,7.211,6.403,5.657,5.000,4.123,3.162,2.236,1.414,1.000,-1.000,-1.414,-1.000,1.000,2.000,2.828,3.606,4.243,5.000,5.657,6.325,6.708,7.211,7.810,8.602,7.810,7.071,6.325,5.385,4.472,3.606,2.828,2.000,1.000,-1.000,-1.000,1.000,1.414,2.236,3.162,4.123,5.000,5.657,6.403,7.071,7.616,8.062,8.602,9.220,8.485,7.616,6.708,5.831,5.000,4.123,3.162,2.236,1.414,1.000,1.000,1.414,2.236,2.828,3.606,4.472,5.385,6.325,7.071,7.810,8.485,8.944,9.434,9.849,8.944,8.062,7.211,6.325,5.385,4.472,3.606,2.828,2.236,2.000,2.000,2.236,2.828,3.606,4.243,5.000,5.831,6.708,7.616,8.485,9.220,9.849,10.296,10.296,9.434,8.544,7.616,6.708,5.831,5.000,4.243,3.606,3.162,3.000,3.000,3.162,3.606,4.243,5.000,5.657,6.403,7.211,8.062,8.944,9.849,10.630,11.180,0.9049,-0.0059
5.000,4.243,3.606,3.162,3.000,3.000,3.000,3.000,3.000,3.000,3.000,3.000,3.000,3.000,3.000,3.000,3.000,3.000,3.000,3.000,3.000,3.162,3.606,4.243,4.472,3.606,2.828,2.236,2.000,2.000,2.000,2.000,2.000,2.000,2.000,2.000,2.000,2.000,2.000,2.000,2.000,2.000,2.000,2.000,2.000,2.236,2.828,3.606,4.123,3.162,2.236,1.414,1.000,1.000,1.000,1.000,1.000,1.000,1.000,1.000,1.000,1.000,1.000,1.000,1.000,1.000,1.000,1.000,1.000,1.414,2.236,3.162,4.000,3.000,2.000,1.000,-1.000,-1.000,-1.000,-1.000,-1.000,-1.000,-1.000,-1.000,-1.000,-1.000,-1.000,-1.000,-1.000,-1.000,-1.000,-1.000,-1.000,1.000,2.000,3.000,4.000,3.000,2.000,1.000,-1.000,-1.414,-2.000,-2.000,-2.000,-2.000,-2.000,-2.000,-2.000,-2.000,-2.000,-2.000,-2.000,-2.000,-2.000,-1.414,-1.000,1.000,2.000,3.000,4.123,3.162,2.236,1.414,1.000,-1.000,-1.414,-2.236,-3.000,-3.000,-3.000,-3.000,-3.000,-3.000,-3.000,-2.828,-2.236,-2.000,-1.414,-1.000,1.000,1.414,2.236,3.162,4.472,3.606,2.828,2.236,1.414,1.000,-1.000,-2.000,-2.828,-3.606,-4.000,-4.000,-4.000,-3.606,-2.828,-2.236,-1.414,-1.000,-1.000,1.000,1.414,2.236,2.828,3.606,5.000,4.243,3.606,2.828,2.000,1.000,-1.000,-1.414,-2.236,-3.162,-4.123,-4.472,-3.606,-2.828,-2.236,-1.414,-1.000,1.000,1.000,1.414,2.236,2.828,3.606,4.243,5.657,5.000,4.123,3.162,2.236,1.414,1.000,-1.000,-2.000,-2.828,-3.606,-4.123,-3.162,-2.236,-1.414,-1.000,1.000,1.414,2.000,2.236,2.828,3.606,4.243,5.000,6.325,5.385,4.472,3.606,2.828,2.000,1.000,-1.000,-1.414,-2.236,-3.162,-3.606,-2.828,-2.000,-1.000,1.000,1.414,2.236,2.828,3.162,3.606,4.243,5.000,5.657,6.708,5.831,5.000,4.123,3.162,2.236,1.414,1.000,-1.000,-2.000,-2.828,-3.162,-2.236,-1.414,-1.000,1.000,2.000,2.828,3.606,4.123,4.472,5.000,5.657,6.403,7.211,6.325,5.385,4.472,3.606,2.828,2.000,1.000,-1.000,-1.414,-2.236,-2.828,-2.000,-1.000,1.000,1.414,2.236,3.162,4.123,5.000,5.385,5.831,6.403,7.071,7.616,6.708,5.831,5.000,4.123,3.162,2.236,1.414,1.000,-1.000,-2.000,-2.236,-1.414,-1.000,1.000,2.000,2.828,3.606,4.472,5.385,6.325,6.708,7.211,7.810,8.062,7.211,6.325,5.385,4.472,3.606,2.828,2.000,1.000,-1.000,-1.414,-2.000,-1.000,1.000,1.414,2.236,3.162,4.123,5.000,5.831,6.708,7.616,8.062,8.602,8.544,7.616,6.708,5.831,5.000,4.123,3.162,2.236,1.414,1.000,-1.000,-1.414,-1.000,1.000,2.000,2.828,3.606,4.472,5.385,6.325,7.211,8.062,8.944,9.434,8.944,8.062,7.211,6.325,5.385,4.472,3.606,2.828,2.236,1.414,1.000,-1.000,1.000,1.414,2.236,3.162,4.123,5.000,5.831,6.708,7.616,8.544,9.434,10.296,1.0208,-0.2149
6.403,5.831,5.385,5.099,5.000,5.000,5.000,5.000,5.000,5.000,5.000,5.000,5.000,5.000,5.000,5.000,5.000,5.000,5.000,5.000,5.000,5.099,5.385,5.831,5.657,5.000,4.472,4.123,4.000,4.000,4.000,4.000,4.000,4.000,4.000,4.000,4.000,4.000,4.000,4.000,4.000,4.000,4.000,4.000,4.000,4.123,4.472,5.000,5.000,4.243,3.606,3.162,3.000,3.000,3.000,3.000,3.000,3.000,3.000,3.000,3.000,3.000,3.000,3.000,3.000,3.000,3.000,3.000,3.000,3.162,3.606,4.243,4.472,3.606,2.828,2.236,2.000,2.000,2.000,2.000,2.000,2.000,2.000,2.000,2.000,2.000,2.000,2.000,2.000,2.000,2.000,2.000,2.000,2.236,2.828,3.606,4.123,3.162,2.236,1.414,1.000,1.000,1.000,1.000,1.000,1.000,1.000,1.000,1.000,1.000,1.000,1.000,1.000,1.000,1.000,1.000,1.000,1.414,2.236,3.162,4.000,3.000,2.000,1.000,-1.000,-1.000,-1.000,-1.000,-1.000,-1.000,-1.000,-1.000,-1.000,-1.000,-1.000,-1.000,-1.000,-1.000,-1.000,-1.000,-1.000,1.000,2.000,3.000,4.123,3.162,2.236,1.414,1.000,1.000,-1.000,-1.000,-1.414,-2.000,-2.000,-2.000,-2.000,-2.000,-2.000,-2.000,-2.000,-2.000,-1.414,-1.000,-1.000,1.000,2.000,3.000,4.472,3.606,2.828,2.236,2.000,1.414,1.000,1.000,-1.000,-1.414,-2.000,-2.000,-2.000,-2.000,-1.414,-1.000,-1.000,-1.000,-1.000,1.000,1.000,1.414,2.236,3.162,5.000,4.243,3.606,3.162,2.828,2.236,2.000,1.414,1.000,-1.000,-1.000,-1.000,-1.000,-1.000,-1.000,1.000,1.000,1.000,1.000,1.414,2.000,2.236,2.828,3.606,5.657,5.000,4.472,4.123,3.606,3.162,2.828,2.236,1.414,1.000,1.000,1.000,1.000,1.000,1.000,1.414,2.000,2.000,2.000,2.236,2.828,3.162,3.606,4.243,6.403,5.831,5.385,5.000,4.472,4.123,3.606,2.828,2.236,2.000,2.000,2.000,2.000,2.000,2.000,2.236,2.828,3.000,3.000,3.162,3.606,4.123,4.472,5.000,7.211,6.708,6.325,5.831,5.385,5.000,4.243,3.606,3.162,3.000,3.000,3.000,3.000,3.000,3.000,3.162,3.606,4.000,4.000,4.123,4.472,5.000,5.385,5.831,8.062,7.616,7.211,6.708,6.325,5.657,5.000,4.472,4.123,4.000,4.000,4.000,4.000,4.000,4.000,4.123,4.472,5.000,5.000,5.099,5.385,5.831,6.325,6.708,8.944,8.544,8.062,7.616,7.071,6.403,5.831,5.385,5.099,5.000,5.000,5.000,5.000,5.000,5.000,5.099,5.385,5.831,6.000,6.083,6.325,6.708,7.211,7.616,9.849,9.434,8.944,8.485,7.810,7.211,6.708,6.325,6.083,6.000,6.000,6.000,6.000,6.000,6.000,6.083,6.325,6.708,7.000,7.071,7.280,7.616,8.062,8.544,10.770,10.296,9.849,9.220,8.602,8.062,7.616,7.280,7.071,7.000,7.000,7.000,7.000,7.000,7.000,7.071,7.280,7.616,8.000,8.062,8.246,8.544,8.944,9.434,0.5948,-0.0452
5.000,4.243,3.606,3.162,3.000,3.000,3.000,3.000,3.000,3.000,3.000,3.000,3.000,3.000,3.000,3.000,3.000,3.000,3.000,3.000,3.162,3.606,4.243,5.000,4.472,3.606,2.828,2.236,2.000,2.000,2.000,2.000,2.000,2.000,2.000,2.000,2.000,2.000,2.000,2.000,2.000,2.000,2.000,2.000,2.236,2.828,3.606,4.472,4.123,3.162,2.236,1.414,1.000,1.000,1.000,1.000,1.000,1.000,1.000,1.000,1.000,1.000,1.000,1.000,1.000,1.000,1.000,1.000,1.414,2.236,3.162,4.123,4.000,3.000,2.000,1.000,-1.000,-1.000,-1.000,-1.000,-1.000,-1.000,-1.000,-1.000,-1.000,-1.000,-1.000,-1.000,-1.000,-1.000,-1.000,-1.000,1.000,2.000,3.000,4.000,4.123,3.162,2.236,1.414,1.000,-1.000,-1.414,-2.000,-2.000,-2.000,-2.000,-2.000,-2.000,-2.000,-2.000,-2.000,-2.000,-2.000,-2.000,-1.000,1.000,2.000,3.000,4.000,4.472,3.606,2.828,2.236,1.414,1.000,-1.000,-1.000,-1.414,-2.236,-2.828,-3.000,-2.828,-2.236,-2.000,-1.414,-1.000,-1.000,-1.000,-1.000,1.000,2.000,3.000,4.000,5.000,4.243,3.606,2.828,2.236,1.414,1.000,1.000,-1.000,-1.414,-2.236,-2.828,-2.236,-1.414,-1.000,-1.000,1.000,1.000,1.000,1.000,1.414,2.236,3.162,4.123,5.657,5.000,4.243,3.606,2.828,2.236,2.000,1.414,1.000,-1.000,-1.414,-2.236,-1.414,-1.000,1.000,1.000,1.414,2.000,2.000,2.000,2.236,2.828,3.606,4.472,6.403,5.657,5.000,4.243,3.606,3.162,2.828,2.236,1.414,1.000,-1.000,-1.414,-1.000,1.000,1.414,2.000,2.236,2.828,3.000,3.000,3.162,3.606,4.243,5.000,7.071,6.403,5.657,5.000,4.472,4.123,3.606,2.828,2.236,1.414,1.000,-1.000,1.000,1.414,2.236,2.828,3.162,3.606,4.000,4.000,4.123,4.472,5.000,5.657,7.810,7.071,6.403,5.831,5.385,5.000,4.243,3.606,2.828,2.236,1.414,1.000,1.414,2.236,2.828,3.606,4.123,4.472,5.000,5.000,5.099,5.385,5.831,6.403,8.485,7.810,7.211,6.708,6.325,5.657,5.000,4.243,3.606,2.828,2.236,2.000,2.236,2.828,3.606,4.243,5.000,5.385,5.831,6.000,6.083,6.325,6.708,7.211,9.220,8.602,8.062,7.616,7.071,6.403,5.657,5.000,4.243,3.606,3.162,3.000,3.162,3.606,4.243,5.000,5.657,6.325,6.708,7.000,7.071,7.280,7.616,8.062,10.000,9.434,8.944,8.485,7.810,7.071,6.403,5.657,5.000,4.472,4.123,4.000,4.123,4.472,5.000,5.657,6.403,7.071,7.616,8.000,8.062,8.246,8.544,8.944,10.817,10.296,9.849,9.220,8.485,7.810,7.071,6.403,5.831,5.385,5.099,5.000,5.099,5.385,5.831,6.403,7.071,7.810,8.485,8.944,9.055,9.220,9.487,9.849,11.662,11.180,10.630,9.899,9.220,8.485,7.810,7.211,6.708,6.325,6.083,6.000,6.083,6.325,6.708,7.211,7.810,8.485,9.220,9.849,10.050,10.198,10.440,10.770,0.8593,0.0106
7.810,7.211,6.708,6.325,6.083,6.000,6.000,6.000,6.000,6.000,6.000,6.000,6.000,6.000,6.000,6.000,6.000,6.000,6.000,6.083,6.325,6.708,7.211,7.810,7.071,6.403,5.831,5.385,5.099,5.000,5.000,5.000,5.000,5.000,5.000,5.000,5.000,5.000,5.000,5.000,5.000,5.000,5.000,5.099,5.385,5.831,6.403,7.071,6.403,5.657,5.000,4.472,4.123,4.000,4.000,4.000,4.000,4.000,4.000,4.000,4.000,4.000,4.000,4.000,4.000,4.000,4.000,4.123,4.472,5.000,5.657,6.403,5.831,5.000,4.243,3.606,3.162,3.000,3.000,3.000,3.000,3.000,3.000,3.000,3.000,3.000,3.000,3.000,3.000,3.000,3.000,3.162,3.606,4.243,5.000,5.831,5.385,4.472,3.606,2.828,2.236,2.000,2.000,2.000,2.000,2.000,2.000,2.000,2.000,2.000,2.000,2.000,2.000,2.000,2.000,2.236,2.828,3.606,4.472,5.385,5.099,4.123,3.162,2.236,1.414,1.000,1.000,1.000,1.000,1.000,1.000,1.000,1.000,1.000,1.000,1.000,1.000,1.000,1.000,1.414,2.236,3.162,4.123,5.099,5.000,4.000,3.000,2.000,1.000,-1.000,-1.000,-1.000,-1.000,-1.000,-1.000,-1.000,-1.000,-1.000,-1.000,-1.000,-1.000,-1.000,-1.000,1.000,2.000,3.000,4.000,5.000,5.099,4.123,3.162,2.236,1.414,1.000,-1.000,-1.414,-2.000,-2.000,-2.000,-2.000,-2.000,-2.000,-2.000,-2.000,-2.000,-1.414,-1.000,1.000,2.000,3.000,4.000,5.000,5.385,4.472,3.606,2.828,2.236,1.414,1.000,-1.000,-2.000,-2.828,-3.000,-3.000,-3.000,-3.000,-2.828,-2.236,-1.414,-1.000,1.000,1.414,2.236,3.162,4.123,5.099,5.831,5.000,4.243,3.606,2.828,2.000,1.000,-1.000,-1.414,-2.236,-2.828,-3.606,-3.606,-2.828,-2.236,-1.414,-1.000,1.000,1.414,2.236,2.828,3.606,4.472,5.385,6.403,5.657,5.000,4.123,3.162,2.236,1.414,1.000,-1.000,-1.414,-2.236,-3.162,-2.828,-2.236,-1.414,-1.000,1.000,1.414,2.236,2.828,3.606,4.243,5.000,5.831,7.071,6.325,5.385,4.472,3.606,2.828,2.236,1.414,1.000,-1.000,-2.000,-2.828,-2.236,-1.414,-1.000,1.000,1.414,2.236,2.828,3.606,4.243,5.000,5.657,6.403,7.616,6.708,5.831,5.000,4.243,3.606,2.828,2.000,1.000,-1.000,-1.414,-2.236,-1.414,-1.000,1.000,1.414,2.236,2.828,3.606,4.243,5.000,5.657,6.403,7.071,8.062,7.211,6.403,5.657,5.000,4.123,3.162,2.236,1.414,1.000,-1.000,-2.000,-1.000,1.000,1.414,2.236,2.828,3.606,4.243,5.000,5.657,6.403,7.071,7.810,8.602,7.810,7.071,6.325,5.385,4.472,3.606,2.828,2.000,1.000,-1.000,-1.414,-1.000,1.000,2.000,2.828,3.606,4.243,5.000,5.657,6.403,7.071,7.810,8.485,9.220,8.485,7.616,6.708,5.831,5.000,4.123,3.162,2.236,1.414,1.000,-1.000,1.000,1.414,2.236,3.162,4.123,5.000,5.657,6.403,7.071,7.810,8.485,9.220,0.8720,0.0576
5.657,5.000,4.472,4.123,4.000,4.000,4.000,4.000,4.000,4.000,4.000,4.000,4.000,4.000,4.000,4.000,4.000,4.000,4.000,4.000,4.000,4.000,4.123,4.472,5.000,4.243,3.606,3.162,3.000,3.000,3.000,3.000,3.000,3.000,3.000,3.000,3.000,3.000,3.000,3.000,3.000,3.000,3.000,3.000,3.000,3.000,3.162,3.606,4.472,3.606,2.828,2.236,2.000,2.000,2.000,2.000,2.000,2.000,2.000,2.000,2.000,2.000,2.000,2.000,2.000,2.000,2.000,2.000,2.000,2.000,2.236,2.828,4.123,3.162,2.236,1.414,1.000,1.000,1.000,1.000,1.000,1.000,1.000,1.000,1.000,1.000,1.000,1.000,1.000,1.000,1.000,1.000,1.000,1.000,1.414,2.236,4.000,3.000,2.000,1.000,-1.000,-1.000,-1.000,-1.000,-1.000,-1.000,-1.000,-1.000,-1.000,-1.000,-1.000,-1.000,-1.000,-1.000,-1.000,-1.000,-1.000,-1.000,1.000,2.000,4.123,3.162,2.236,1.414,1.000,1.000,1.000,-1.000,-1.000,-1.414,-2.000,-2.000,-2.000,-1.414,-1.000,-1.000,-1.000,-1.000,-1.000,1.000,1.000,1.000,1.414,2.236,4.472,3.606,2.828,2.236,2.000,2.000,1.414,1.000,1.000,-1.000,-1.000,-1.000,-1.000,-1.000,1.000,1.000,1.000,1.000,1.000,1.414,2.000,2.000,2.236,2.828,5.000,4.243,3.606,3.162,3.000,2.828,2.236,2.000,1.414,1.000,1.000,1.000,1.000,1.000,1.414,2.000,2.000,2.000,2.000,2.236,2.828,3.000,3.162,3.606,5.657,5.000,4.472,4.123,4.000,3.606,3.162,2.828,2.236,2.000,2.000,2.000,2.000,2.000,2.236,2.828,3.000,3.000,3.000,3.162,3.606,4.000,4.123,4.472,6.403,5.831,5.385,5.099,5.000,4.472,4.123,3.606,3.162,3.000,3.000,3.000,3.000,3.000,3.162,3.606,4.000,4.000,4.000,4.123,4.472,5.000,5.099,5.385,7.211,6.708,6.325,6.083,5.831,5.385,5.000,4.472,4.123,4.000,4.000,4.000,4.000,4.000,4.123,4.472,5.000,5.000,5.000,5.099,5.385,5.831,6.083,6.325,8.062,7.616,7.280,7.071,6.708,6.325,5.831,5.385,5.099,5.000,5.000,5.000,5.000,5.000,5.099,5.385,5.831,6.000,6.000,6.083,6.325,6.708,7.071,7.280,8.944,8.544,8.246,8.062,7.616,7.211,6.708,6.325,6.083,6.000,6.000,6.000,6.000,6.000,6.083,6.325,6.708,7.000,7.000,7.071,7.280,7.616,8.062,8.246,9.849,9.487,9.220,8.944,8.544,8.062,7.616,7.280,7.071,7.000,7.000,7.000,7.000,7.000,7.071,7.280,7.616,8.000,8.000,8.062,8.246,8.544,8.944,9.220,10.770,10.440,10.198,9.849,9.434,8.944,8.544,8.246,8.062,8.000,8.000,8.000,8.000,8.000,8.062,8.246,8.544,8.944,9.000,9.055,9.220,9.487,9.849,10.198,11.705,11.402,11.180,10.770,10.296,9.849,9.487,9.220,9.055,9.000,9.000,9.000,9.000,9.000,9.055,9.220,9.487,9.849,10.000,10.050,10.198,10.440,10.770,11.180,0.3945,-0.1215
5.831,5.385,5.099,5.000,5.000,5.000,5.000,5.000,5.000,5.000,5.000,5.000,5.000,5.000,5.000,5.000,5.000,5.000,5.000,5.000,5.000,5.000,5.099,5.385,5.000,4.472,4.123,4.000,4.000,4.000,4.000,4.000,4.000,4.000,4.000,4.000,4.000,4.000,4.000,4.000,4.000,4.000,4.000,4.000,4.000,4.000,4.123,4.472,4.243,3.606,3.162,3.000,3.000,3.000,3.000,3.000,3.000,3.000,3.000,3.000,3.000,3.000,3.000,3.000,3.000,3.000,3.000,3.000,3.000,3.000,3.162,3.606,3.606,2.828,2.236,2.000,2.000,2.000,2.000,2.000,2.000,2.000,2.000,2.000,2.000,2.000,2.000,2.000,2.000,2.000,2.000,2.000,2.000,2.000,2.236,2.828,3.162,2.236,1.414,1.000,1.000,1.000,1.000,1.000,1.000,1.000,1.000,1.000,1.000,1.000,1.000,1.000,1.000,1.000,1.000,1.000,1.000,1.000,1.414,2.236,3.000,2.000,1.000,-1.000,-1.000,-1.000,-1.000,-1.000,-1.000,-1.000,-1.000,-1.000,-1.000,-1.000,-1.000,-1.000,-1.000,-1.000,-1.000,-1.000,-1.000,-1.000,1.000,2.000,3.162,2.236,1.414,1.000,-1.000,-1.414,-2.000,-2.000,-2.000,-2.000,-2.000,-2.000,-2.000,-2.000,-2.000,-2.000,-2.000,-2.000,-2.000,-2.000,-1.414,-1.000,1.000,2.000,3.606,2.828,2.236,1.414,1.000,-1.000,-2.000,-2.828,-3.000,-3.000,-3.000,-3.000,-3.000,-3.000,-3.000,-3.000,-2.828,-2.236,-2.000,-1.414,-1.000,1.000,1.414,2.236,4.243,3.606,2.828,2.000,1.000,-1.000,-1.414,-2.236,-2.828,-3.606,-4.000,-4.000,-4.000,-3.606,-3.162,-2.828,-2.236,-1.414,-1.000,-1.000,1.000,1.414,2.236,2.828,5.000,4.123,3.162,2.236,1.414,1.000,-1.000,-1.414,-2.236,-2.828,-3.606,-4.472,-3.606,-2.828,-2.236,-2.000,-1.414,-1.000,1.000,1.000,1.414,2.236,2.828,3.606,5.385,4.472,3.606,2.828,2.236,1.414,1.000,-1.000,-1.414,-2.236,-3.162,-4.123,-3.162,-2.236,-1.414,-1.000,-1.000,1.000,1.414,2.000,2.236,2.828,3.606,4.243,5.831,5.000,4.243,3.606,2.828,2.236,1.414,1.000,-1.000,-2.000,-2.828,-3.606,-2.828,-2.000,-1.000,1.000,1.000,1.414,2.236,2.828,3.162,3.606,4.243,5.000,6.403,5.657,5.000,4.243,3.606,2.828,2.000,1.000,-1.000,-1.414,-2.236,-2.828,-2.236,-1.414,-1.000,1.000,2.000,2.236,2.828,3.606,4.123,4.472,5.000,5.657,7.071,6.403,5.657,5.000,4.123,3.162,2.236,1.414,1.000,-1.000,-2.000,-2.236,-1.414,-1.000,1.000,1.414,2.236,3.162,3.606,4.243,5.000,5.385,5.831,6.403,7.810,7.071,6.325,5.385,4.472,3.606,2.828,2.000,1.000,-1.000,-1.414,-1.414,-1.000,1.000,1.414,2.236,2.828,3.606,4.472,5.000,5.657,6.325,6.708,7.211,8.485,7.616,6.708,5.831,5.000,4.123,3.162,2.236,1.414,1.000,-1.000,-1.000,1.000,1.414,2.236,2.828,3.606,4.243,5.000,5.831,6.403,7.071,7.616,8.062,0.9144,-0.0340
7.071,6.403,5.831,5.385,5.099,5.000,5.000,5.000,5.000,5.000,5.000,5.000,5.000,5.000,5.000,5.000,5.000,5.000,5.000,5.000,5.099,5.385,5.831,6.403,6.403,5.657,5.000,4.472,4.123,4.000,4.000,4.000,4.000,4.000,4.000,4.000,4.000,4.000,4.000,4.000,4.000,4.000,4.000,4.000,4.123,4.472,5.000,5.657,5.831,5.000,4.243,3.606,3.162,3.000,3.000,3.000,3.000,3.000,3.000,3.000,3.000,3.000,3.000,3.000,3.000,3.000,3.000,3.000,3.162,3.606,4.243,5.000,5.385,4.472,3.606,2.828,2.236,2.000,2.000,2.000,2.000,2.000,2.000,2.000,2.000,2.000,2.000,2.000,2.000,2.000,2.000,2.000,2.236,2.828,3.606,4.472,5.099,4.123,3.162,2.236,1.414,1.000,1.000,1.000,1.000,1.000,1.000,1.000,1.000,1.000,1.000,1.000,1.000,1.000,1.000,1.000,1.414,2.236,3.162,4.123,5.000,4.000,3.000,2.000,1.000,-1.000,-1.000,-1.000,-1.000,-1.000,-1.000,-1.000,-1.000,-1.000,-1.000,-1.000,-1.000,-1.000,-1.000,-1.000,1.000,2.000,3.000,4.000,5.099,4.123,3.162,2.236,1.414,1.000,1.000,-1.000,-1.414,-2.000,-2.000,-2.000,-2.000,-2.000,-2.000,-1.414,-1.000,-1.000,-1.000,-1.000,1.000,2.000,3.000,4.000,5.385,4.472,3.606,2.828,2.236,2.000,1.414,1.000,-1.000,-1.414,-2.000,-2.000,-2.000,-1.414,-1.000,-1.000,1.000,1.000,1.000,1.000,1.414,2.236,3.162,4.123,5.831,5.000,4.243,3.606,3.162,2.828,2.236,1.414,1.000,-1.000,-1.000,-1.000,-1.000,-1.000,1.000,1.000,1.414,2.000,2.000,2.000,2.236,2.828,3.606,4.472,6.403,5.657,5.000,4.472,4.123,3.606,2.828,2.236,1.414,1.000,1.000,1.000,1.000,1.000,1.414,2.000,2.236,2.828,3.000,3.000,3.162,3.606,4.243,5.000,7.071,6.403,5.831,5.385,5.000,4.243,3.606,2.828,2.236,2.000,2.000,2.000,2.000,2.000,2.236,2.828,3.162,3.606,4.000,4.000,4.123,4.472,5.000,5.657,7.810,7.211,6.708,6.325,5.657,5.000,4.243,3.606,3.162,3.000,3.000,3.000,3.000,3.000,3.162,3.606,4.123,4.472,5.000,5.000,5.099,5.385,5.831,6.403,8.602,8.062,7.616,7.071,6.403,5.657,5.000,4.472,4.123,4.000,4.000,4.000,4.000,4.000,4.123,4.472,5.000,5.385,5.831,6.000,6.083,6.325,6.708,7.211,9.434,8.944,8.485,7.810,7.071,6.403,5.831,5.385,5.099,5.000,5.000,5.000,5.000,5.000,5.099,5.385,5.831,6.325,6.708,7.000,7.071,7.280,7.616,8.062,10.296,9.849,9.220,8.485,7.810,7.211,6.708,6.325,6.083,6.000,6.000,6.000,6.000,6.000,6.083,6.325,6.708,7.211,7.616,8.000,8.062,8.246,8.544,8.944,11.180,10.630,9.899,9.220,8.602,8.062,7.616,7.280,7.071,7.000,7.000,7.000,7.000,7.000,7.071,7.280,7.616,8.062,8.544,8.944,9.055,9.220,9.487,9.849,0.6418,-0.0333
5.000,4.243,3.606,3.162,3.000,3.000,3.000,3.000,3.000,3.000,3.000,3.000,3.000,3.000,3.000,3.000,3.000,3.000,3.000,3.000,3.000,3.162,3.606,4.243,4.472,3.606,2.828,2.236,2.000,2.000,2.000,2.000,2.000,2.000,2.000,2.000,2.000,2.000,2.000,2.000,2.000,2.000,2.000,2.000,2.000,2.236,2.828,3.606,4.123,3.162,2.236,1.414,1.000,1.000,1.000,1.000,1.000,1.000,1.000,1.000,1.000,1.000,1.000,1.000,1.000,1.000,1.000,1.000,1.000,1.414,2.236,3.162,4.000,3.000,2.000,1.000,-1.000,-1.000,-1.000,-1.000,-1.000,-1.000,-1.000,-1.000,-1.000,-1.000,-1.000,-1.000,-1.000,-1.000,-1.000,-1.000,-1.000,1.000,2.000,3.000,4.000,3.000,2.000,1.000,-1.000,-1.414,-2.000,-2.000,-2.000,-2.000,-2.000,-2.000,-2.000,-2.000,-2.000,-2.000,-2.000,-2.000,-1.414,-1.000,1.000,1.414,2.236,3.162,4.123,3.162,2.236,1.414,1.000,-1.000,-1.414,-2.236,-2.828,-3.000,-3.000,-3.000,-3.000,-3.000,-3.000,-2.828,-2.236,-1.414,-1.000,1.000,1.414,2.236,2.828,3.606,4.472,3.606,2.828,2.236,1.414,1.000,-1.000,-1.414,-2.236,-3.162,-4.000,-4.000,-4.000,-3.606,-2.828,-2.236,-1.414,-1.000,1.000,1.414,2.236,2.828,3.606,4.243,5.000,4.243,3.606,2.828,2.236,1.414,1.000,-1.000,-2.000,-2.828,-3.606,-4.243,-3.606,-2.828,-2.236,-1.414,-1.000,1.000,1.414,2.236,2.828,3.606,4.243,5.000,5.657,5.000,4.243,3.606,2.828,2.000,1.000,-1.000,-1.414,-2.236,-2.828,-3.606,-2.828,-2.236,-1.414,-1.000,1.000,1.414,2.236,2.828,3.606,4.243,5.000,5.657,6.403,5.657,5.000,4.123,3.162,2.236,1.414,1.000,-1.000,-1.414,-2.236,-2.828,-2.236,-1.414,-1.000,1.000,1.414,2.236,2.828,3.606,4.243,5.000,5.657,6.403,7.071,6.325,5.385,4.472,3.606,2.828,2.236,1.414,1.000,-1.000,-2.000,-2.236,-1.414,-1.000,1.000,1.414,2.236,2.828,3.606,4.243,5.000,5.657,6.403,7.071,7.616,6.708,5.831,5.000,4.243,3.606,2.828,2.000,1.000,-1.000,-1.414,-2.000,-1.000,1.000,1.414,2.236,2.828,3.606,4.243,5.000,5.657,6.403,7.071,7.810,8.062,7.211,6.403,5.657,5.000,4.123,3.162,2.236,1.414,1.000,-1.000,-1.414,-1.000,1.000,2.000,2.828,3.606,4.243,5.000,5.657,6.403,7.071,7.810,8.485,8.602,7.810,7.071,6.325,5.385,4.472,3.606,2.828,2.236,1.414,1.000,-1.000,1.000,1.414,2.236,3.162,4.123,5.000,5.657,6.403,7.071,7.810,8.485,9.220,9.220,8.485,7.616,6.708,5.831,5.000,4.243,3.606,2.828,2.236,1.414,1.000,1.414,2.236,2.828,3.606,4.472,5.385,6.325,7.071,7.810,8.485,9.220,9.899,9.849,8.944,8.062,7.211,6.403,5.657,5.000,4.243,3.606,2.828,2.236,2.000,2.236,2.828,3.606,4.243,5.000,5.831,6.708,7.616,8.485,9.220,9.899,10.630,0.8808,-0.2529
5.000,4.472,4.123,4.000,4.000,4.000,4.000,4.000,4.000,4.000,4.000,4.000,4.000,4.000,4.000,4.000,4.000,4.000,4.000,4.000,4.000,4.000,4.000,4.123,4.243,3.606,3.162,3.000,3.000,3.000,3.000,3.000,3.000,3.000,3.000,3.000,3.000,3.000,3.000,3.000,3.000,3.000,3.000,3.000,3.000,3.000,3.000,3.162,3.606,2.828,2.236,2.000,2.000,2.000,2.000,2.000,2.000,2.000,2.000,2.000,2.000,2.000,2.000,2.000,2.000,2.000,2.000,2.000,2.000,2.000,2.000,2.236,3.162,2.236,1.414,1.000,1.000,1.000,1.000,1.000,1.000,1.000,1.000,1.000,1.000,1.000,1.000,1.000,1.000,1.000,1.000,1.000,1.000,1.000,1.000,1.414,3.000,2.000,1.000,-1.000,-1.000,-1.000,-1.000,-1.000,-1.000,-1.000,-1.000,-1.000,-1.000,-1.000,-1.000,-1.000,-1.000,-1.000,-1.000,-1.000,-1.000,-1.000,-1.000,1.000,3.162,2.236,1.414,1.000,-1.000,-1.000,-1.414,-2.000,-2.000,-2.000,-2.000,-2.000,-2.000,-2.000,-2.000,-2.000,-2.000,-2.000,-2.000,-2.000,-1.414,-1.000,-1.000,1.000,3.606,2.828,2.236,1.414,1.000,1.000,-1.000,-1.414,-2.236,-3.000,-3.000,-3.000,-3.000,-3.000,-2.828,-2.236,-2.000,-1.414,-1.000,-1.000,-1.000,1.000,1.000,1.414,4.243,3.606,2.828,2.236,2.000,1.414,1.000,-1.000,-2.000,-2.828,-3.606,-3.606,-2.828,-2.236,-2.000,-1.414,-1.000,-1.000,1.000,1.000,1.000,1.414,2.000,2.236,5.000,4.243,3.606,3.162,2.828,2.000,1.000,-1.000,-1.414,-2.236,-2.828,-2.828,-2.236,-1.414,-1.000,-1.000,1.000,1.000,1.414,2.000,2.000,2.236,2.828,3.162,5.657,5.000,4.472,4.123,3.162,2.236,1.414,1.000,-1.000,-1.414,-2.236,-2.236,-1.414,-1.000,1.000,1.000,1.414,2.000,2.236,2.828,3.000,3.162,3.606,4.123,6.403,5.831,5.385,4.472,3.606,2.828,2.236,1.414,1.000,-1.000,-1.414,-1.414,-1.000,1.000,1.414,2.000,2.236,2.828,3.162,3.606,4.000,4.123,4.472,5.000,7.211,6.708,5.831,5.000,4.243,3.606,2.828,2.236,1.414,1.000,-1.000,-1.000,1.000,1.414,2.236,2.828,3.162,3.606,4.123,4.472,5.000,5.099,5.385,5.831,8.062,7.211,6.403,5.657,5.000,4.243,3.606,2.828,2.236,1.414,1.000,1.000,1.414,2.236,2.828,3.606,4.123,4.472,5.000,5.385,5.831,6.083,6.325,6.708,8.602,7.810,7.071,6.403,5.657,5.000,4.243,3.606,2.828,2.236,2.000,2.000,2.236,2.828,3.606,4.243,5.000,5.385,5.831,6.325,6.708,7.071,7.280,7.616,9.220,8.485,7.810,7.071,6.403,5.657,5.000,4.243,3.606,3.162,3.000,3.000,3.162,3.606,4.243,5.000,5.657,6.325,6.708,7.211,7.616,8.062,8.246,8.544,9.899,9.220,8.485,7.810,7.071,6.403,5.657,5.000,4.472,4.123,4.000,4.000,4.123,4.472,5.000,5.657,6.403,7.071,7.616,8.062,8.544,8.944,9.220,9.487,0.8303,-0.0274
5.831,5.385,5.099,5.000,5.000,5.000,5.000,5.000,5.000,5.000,5.000,5.000,5.000,5.000,5.000,5.000,5.000,5.000,5.000,5.000,5.000,5.099,5.385,5.831,5.000,4.472,4.123,4.000,4.000,4.000,4.000,4.000,4.000,4.000,4.000,4.000,4.000,4.000,4.000,4.000,4.000,4.000,4.000,4.000,4.000,4.123,4.472,5.000,4.243,3.606,3.162,3.000,3.000,3.000,3.000,3.000,3.000,3.000,3.000,3.000,3.000,3.000,3.000,3.000,3.000,3.000,3.000,3.000,3.000,3.162,3.606,4.243,3.606,2.828,2.236,2.000,2.000,2.000,2.000,2.000,2.000,2.000,2.000,2.000,2.000,2.000,2.000,2.000,2.000,2.000,2.000,2.000,2.000,2.236,2.828,3.606,3.162,2.236,1.414,1.000,1.000,1.000,1.000,1.000,1.000,1.000,1.000,1.000,1.000,1.000,1.000,1.000,1.000,1.000,1.000,1.000,1.000,1.414,2.236,3.162,3.000,2.000,1.000,-1.000,-1.000,-1.000,-1.000,-1.000,-1.000,-1.000,-1.000,-1.000,-1.000,-1.000,-1.000,-1.000,-1.000,-1.000,-1.000,-1.000,-1.000,1.000,2.000,3.000,3.162,2.236,1.414,1.000,-1.000,-2.000,-2.000,-2.000,-2.000,-2.000,-2.000,-2.000,-2.000,-2.000,-2.000,-2.000,-2.000,-2.000,-2.000,-2.000,-1.000,1.000,2.000,3.000,3.606,2.828,2.000,1.000,-1.000,-1.414,-2.236,-3.000,-3.000,-3.000,-3.000,-3.000,-3.000,-3.000,-3.000,-3.000,-3.000,-2.828,-2.236,-1.414,-1.000,1.000,2.000,3.000,4.123,3.162,2.236,1.414,1.000,-1.000,-2.000,-2.828,-3.606,-4.000,-4.000,-4.000,-4.000,-4.000,-3.606,-2.828,-2.236,-2.000,-1.414,-1.000,1.000,1.414,2.236,3.162,4.472,3.606,2.828,2.000,1.000,-1.000,-1.414,-2.236,-2.828,-3.606,-4.472,-5.000,-4.243,-3.606,-2.828,-2.236,-1.414,-1.000,-1.000,1.000,1.414,2.236,2.828,3.606,5.000,4.123,3.162,2.236,1.414,1.000,-1.000,-1.414,-2.236,-3.162,-4.123,-4.472,-3.606,-2.828,-2.236,-1.414,-1.000,1.000,1.000,1.414,2.236,2.828,3.606,4.243,5.385,4.472,3.606,2.828,2.236,1.414,1.000,-1.000,-2.000,-2.828,-3.606,-4.123,-3.162,-2.236,-1.414,-1.000,1.000,1.414,2.000,2.236,2.828,3.606,4.243,5.000,5.831,5.000,4.243,3.606,2.828,2.000,1.000,-1.000,-1.414,-2.236,-3.162,-3.606,-2.828,-2.000,-1.000,1.000,1.414,2.236,2.828,3.162,3.606,4.243,5.000,5.657,6.403,5.657,5.000,4.123,3.162,2.236,1.414,1.000,-1.000,-2.000,-3.000,-3.162,-2.236,-1.414,-1.000,1.000,2.000,2.828,3.606,4.123,4.472,5.000,5.657,6.403,7.071,6.325,5.385,4.472,3.606,2.828,2.000,1.000,-1.000,-2.000,-3.000,-3.000,-2.000,-1.000,1.000,1.414,2.236,3.162,4.123,5.000,5.385,5.831,6.403,7.071,7.616,6.708,5.831,5.000,4.000,3.000,2.000,1.000,-1.000,-2.000,-3.000,-3.000,-2.000,-1.000,1.000,2.000,2.828,3.606,4.472,5.385,6.325,6.708,7.211,7.810,1.1542,0.0543
7.810,7.071,6.403,5.831,5.385,5.099,5.000,5.000,5.000,5.000,5.000,5.000,5.000,5.000,5.000,5.000,5.000,5.000,5.000,5.099,5.385,5.831,6.403,7.071,7.211,6.403,5.657,5.000,4.472,4.123,4.000,4.000,4.000,4.000,4.000,4.000,4.000,4.000,4.000,4.000,4.000,4.000,4.000,4.123,4.472,5.000,5.657,6.403,6.708,5.831,5.000,4.243,3.606,3.162,3.000,3.000,3.000,3.000,3.000,3.000,3.000,3.000,3.000,3.000,3.000,3.000,3.000,3.162,3.606,4.243,5.000,5.831,6.325,5.385,4.472,3.606,2.828,2.236,2.000,2.000,2.000,2.000,2.000,2.000,2.000,2.000,2.000,2.000,2.000,2.000,2.000,2.236,2.828,3.606,4.472,5.385,6.083,5.099,4.123,3.162,2.236,1.414,1.000,1.000,1.000,1.000,1.000,1.000,1.000,1.000,1.000,1.000,1.000,1.000,1.000,1.414,2.236,3.162,4.123,5.099,6.000,5.000,4.000,3.000,2.000,1.000,-1.000,-1.000,-1.000,-1.000,-1.000,-1.000,-1.000,-1.000,-1.000,-1.000,-1.000,-1.000,-1.000,1.000,2.000,3.000,4.000,5.000,6.083,5.099,4.123,3.162,2.236,1.414,1.000,1.000,-1.000,-1.000,-1.000,-1.000,-1.414,-1.414,-1.000,-1.000,-1.000,1.000,1.000,1.414,2.236,3.162,4.123,5.099,6.325,5.385,4.472,3.606,2.828,2.236,2.000,1.414,1.000,1.000,1.000,1.000,-1.000,-1.000,1.000,1.000,1.000,1.414,2.000,2.236,2.828,3.606,4.472,5.385,6.708,5.831,5.000,4.243,3.606,3.162,2.828,2.236,2.000,2.000,2.000,1.414,1.000,1.000,1.414,2.000,2.000,2.236,2.828,3.162,3.606,4.243,5.000,5.831,7.211,6.403,5.657,5.000,4.472,4.123,3.606,3.162,3.000,3.000,2.828,2.236,2.000,2.000,2.236,2.828,3.000,3.162,3.606,4.123,4.472,5.000,5.657,6.403,7.810,7.071,6.403,5.831,5.385,5.000,4.472,4.123,4.000,4.000,3.606,3.162,3.000,3.000,3.162,3.606,4.000,4.123,4.472,5.000,5.385,5.831,6.403,7.071,8.485,7.810,7.211,6.708,6.325,5.831,5.385,5.099,5.000,5.000,4.472,4.123,4.000,4.000,4.123,4.472,5.000,5.099,5.385,5.831,6.325,6.708,7.211,7.810,9.220,8.602,8.062,7.616,7.211,6.708,6.325,6.083,6.000,5.831,5.385,5.099,5.000,5.000,5.099,5.385,5.831,6.083,6.325,6.708,7.211,7.616,8.062,8.602,10.000,9.434,8.944,8.544,8.062,7.616,7.280,7.071,7.000,6.708,6.325,6.083,6.000,6.000,6.083,6.325,6.708,7.071,7.280,7.616,8.062,8.544,8.944,9.434,10.817,10.296,9.849,9.434,8.944,8.544,8.246,8.062,8.000,7.616,7.280,7.071,7.000,7.000,7.071,7.280,7.616,8.062,8.246,8.544,8.944,9.434,9.849,10.296,11.662,11.180,10.770,10.296,9.849,9.487,9.220,9.055,8.944,8.544,8.246,8.062,8.000,8.000,8.062,8.246,8.544,8.944,9.220,9.487,9.849,10.296,10.770,11.180,0.4462,-0.1188
5.831,5.385,5.099,5.000,5.000,5.000,5.000,5.000,5.000,5.000,5.000,5.000,5.000,5.000,5.000,5.000,5.000,5.000,5.000,5.000,5.000,5.099,5.385,5.831,5.000,4.472,4.123,4.000,4.000,4.000,4.000,4.000,4.000,4.000,4.000,4.000,4.000,4.000,4.000,4.000,4.000,4.000,4.000,4.000,4.000,4.123,4.472,5.000,4.243,3.606,3.162,3.000,3.000,3.000,3.000,3.000,3.000,3.000,3.000,3.000,3.000,3.000,3.000,3.000,3.000,3.000,3.000,3.000,3.000,3.162,3.606,4.243,3.606,2.828,2.236,2.000,2.000,2.000,2.000,2.000,2.000,2.000,2.000,2.000,2.000,2.000,2.000,2.000,2.000,2.000,2.000,2.000,2.000,2.236,2.828,3.606,3.162,2.236,1.414,1.000,1.000,1.000,1.000,1.000,1.000,1.000,1.000,1.000,1.000,1.000,1.000,1.000,1.000,1.000,1.000,1.000,1.000,1.414,2.236,3.162,3.000,2.000,1.000,-1.000,-1.000,-1.000,-1.000,-1.000,-1.000,-1.000,-1.000,-1.000,-1.000,-1.000,-1.000,-1.000,-1.000,-1.000,-1.000,-1.000,-1.000,1.000,2.000,3.000,3.162,2.236,1.414,1.000,-1.000,-1.000,-1.414,-2.000,-2.000,-2.000,-2.000,-2.000,-2.000,-2.000,-2.000,-2.000,-2.000,-2.000,-2.000,-2.000,-1.000,1.000,2.000,3.000,3.606,2.828,2.236,1.414,1.000,1.000,-1.000,-2.000,-2.828,-3.000,-3.000,-3.000,-3.000,-3.000,-3.000,-3.000,-3.000,-3.000,-3.000,-2.000,-1.000,1.000,2.000,3.000,4.243,3.606,2.828,2.236,2.000,1.000,-1.000,-1.414,-2.236,-2.828,-3.606,-4.000,-4.000,-4.000,-3.606,-3.162,-3.000,-3.000,-3.000,-2.000,-1.000,1.000,2.000,3.000,5.000,4.243,3.606,3.162,2.236,1.414,1.000,-1.000,-1.414,-2.236,-3.162,-4.123,-4.243,-3.606,-2.828,-2.236,-2.000,-2.000,-2.000,-2.000,-1.000,1.000,2.000,3.000,5.657,5.000,4.472,3.606,2.828,2.236,1.414,1.000,-1.000,-2.000,-2.828,-3.606,-3.606,-2.828,-2.236,-1.414,-1.000,-1.000,-1.000,-1.000,-1.000,1.000,2.000,3.000,6.403,5.831,5.000,4.243,3.606,2.828,2.000,1.000,-1.000,-1.414,-2.236,-3.162,-2.828,-2.236,-1.414,-1.000,1.000,1.000,1.000,1.000,1.000,1.414,2.236,3.162,7.211,6.403,5.657,5.000,4.123,3.162,2.236,1.414,1.000,-1.000,-2.000,-2.828,-2.236,-1.414,-1.000,1.000,1.414,2.000,2.000,2.000,2.000,2.236,2.828,3.606,7.810,7.071,6.325,5.385,4.472,3.606,2.828,2.000,1.000,-1.000,-1.414,-2.236,-1.414,-1.000,1.000,1.414,2.236,2.828,3.000,3.000,3.000,3.162,3.606,4.243,8.485,7.616,6.708,5.831,5.000,4.123,3.162,2.236,1.414,1.000,-1.000,-2.000,-1.000,1.000,1.414,2.236,2.828,3.606,4.000,4.000,4.000,4.123,4.472,5.000,8.944,8.062,7.211,6.325,5.385,4.472,3.606,2.828,2.000,1.000,-1.000,-2.000,-1.000,1.000,2.000,2.828,3.606,4.243,5.000,5.000,5.000,5.099,5.385,5.831,1.0572,0.1403
5.385,5.099,5.000,5.000,5.000,5.000,5.000,5.000,5.000,5.000,5.000,5.000,5.000,5.000,5.000,5.000,5.000,5.000,5.000,5.000,5.000,5.000,5.000,5.099,4.472,4.123,4.000,4.000,4.000,4.000,4.000,4.000,4.000,4.000,4.000,4.000,4.000,4.000,4.000,4.000,4.000,4.000,4.000,4.000,4.000,4.000,4.000,4.123,3.606,3.162,3.000,3.000,3.000,3.000,3.000,3.000,3.000,3.000,3.000,3.000,3.000,3.000,3.000,3.000,3.000,3.000,3.000,3.000,3.000,3.000,3.000,3.162,2.828,2.236,2.000,2.000,2.000,2.000,2.000,2.000,2.000,2.000,2.000,2.000,2.000,2.000,2.000,2.000,2.000,2.000,2.000,2.000,2.000,2.000,2.000,2.236,2.236,1.414,1.000,1.000,1.000,1.000,1.000,1.000,1.000,1.000,1.000,1.000,1.000,1.000,1.000,1.000,1.000,1.000,1.000,1.000,1.000,1.000,1.000,1.414,2.000,1.000,-1.000,-1.000,-1.000,-1.000,-1.000,-1.000,-1.000,-1.000,-1.000,-1.000,-1.000,-1.000,-1.000,-1.000,-1.000,-1.000,-1.000,-1.000,-1.000,-1.000,-1.000,1.000,2.236,1.414,1.000,1.000,-1.000,-1.000,-1.414,-2.000,-2.000,-2.000,-2.000,-2.000,-2.000,-2.000,-2.000,-2.000,-2.000,-1.414,-1.000,-1.000,-1.000,-1.000,1.000,1.414,2.828,2.236,2.000,1.414,1.000,1.000,-1.000,-1.000,-1.414,-2.000,-2.236,-2.236,-2.000,-2.000,-1.414,-1.000,-1.000,-1.000,1.000,1.000,1.000,1.000,1.414,2.236,3.606,3.162,2.828,2.236,2.000,1.414,1.000,1.000,-1.000,-1.000,-1.414,-1.414,-1.000,-1.000,-1.000,1.000,1.000,1.000,1.414,2.000,2.000,2.000,2.236,2.828,4.472,4.123,3.606,3.162,2.828,2.236,2.000,1.414,1.000,1.000,-1.000,-1.000,1.000,1.000,1.000,1.414,2.000,2.000,2.236,2.828,3.000,3.000,3.162,3.606,5.385,5.000,4.472,4.123,3.606,3.162,2.828,2.236,2.000,1.414,1.000,1.000,1.414,2.000,2.000,2.236,2.828,3.000,3.162,3.606,4.000,4.000,4.123,4.472,6.325,5.831,5.385,5.000,4.472,4.123,3.606,3.162,2.828,2.236,2.000,2.000,2.236,2.828,3.000,3.162,3.606,4.000,4.123,4.472,5.000,5.000,5.099,5.385,7.211,6.708,6.325,5.831,5.385,5.000,4.472,4.123,3.606,3.162,3.000,3.000,3.162,3.606,4.000,4.123,4.472,5.000,5.099,5.385,5.831,6.000,6.083,6.325,8.062,7.616,7.211,6.708,6.325,5.831,5.385,5.000,4.472,4.123,4.000,4.000,4.123,4.472,5.000,5.099,5.385,5.831,6.083,6.325,6.708,7.000,7.071,7.280,8.944,8.544,8.062,7.616,7.211,6.708,6.325,5.831,5.385,5.099,5.000,5.000,5.099,5.385,5.831,6.083,6.325,6.708,7.071,7.280,7.616,8.000,8.062,8.246,9.849,9.434,8.944,8.544,8.062,7.616,7.211,6.708,6.325,6.083,6.000,6.000,6.083,6.325,6.708,7.071,7.280,7.616,8.062,8.246,8.544,8.944,9.055,9.220,0.5156,-0.0132
6.325,6.083,6.000,6.000,6.000,6.000,6.000,6.000,6.000,6.000,6.000,6.000,6.000,6.000,6.000,6.000,6.000,6.000,6.000,6.000,6.000,6.000,6.083,6.325,5.385,5.099,5.000,5.000,5.000,5.000,5.000,5.000,5.000,5.000,5.000,5.000,5.000,5.000,5.000,5.000,5.000,5.000,5.000,5.000,5.000,5.000,5.099,5.385,4.472,4.123,4.000,4.000,4.000,4.000,4.000,4.000,4.000,4.000,4.000,4.000,4.000,4.000,4.000,4.000,4.000,4.000,4.000,4.000,4.000,4.000,4.123,4.472,3.606,3.162,3.000,3.000,3.000,3.000,3.000,3.000,3.000,3.000,3.000,3.000,3.000,3.000,3.000,3.000,3.000,3.000,3.000,3.000,3.000,3.000,3.162,3.606,2.828,2.236,2.000,2.000,2.000,2.000,2.000,2.000,2.000,2.000,2.000,2.000,2.000,2.000,2.000,2.000,2.000,2.000,2.000,2.000,2.000,2.000,2.236,2.828,2.236,1.414,1.000,1.000,1.000,1.000,1.000,1.000,1.000,1.000,1.000,1.000,1.000,1.000,1.000,1.000,1.000,1.000,1.000,1.000,1.000,1.000,1.414,2.236,2.000,1.000,-1.000,-1.000,-1.000,-1.000,-1.000,-1.000,-1.000,-1.000,-1.000,-1.000,-1.000,-1.000,-1.000,-1.000,-1.000,-1.000,-1.000,-1.000,-1.000,-1.000,1.000,2.000,2.236,1.414,1.000,1.000,-1.000,-1.414,-2.000,-2.000,-2.000,-2.000,-2.000,-2.000,-2.000,-2.000,-2.000,-2.000,-2.000,-2.000,-1.414,-1.000,-1.000,1.000,1.414,2.236,2.828,2.236,2.000,1.414,1.000,-1.000,-1.414,-2.236,-2.828,-3.000,-3.000,-3.000,-3.000,-3.000,-2.828,-2.236,-1.414,-1.000,-1.000,1.000,1.000,1.414,2.236,2.828,3.606,3.162,2.828,2.236,1.414,1.000,-1.000,-1.414,-2.236,-2.828,-3.606,-3.606,-2.828,-2.236,-2.000,-1.414,-1.000,1.000,1.000,1.414,2.000,2.236,2.828,3.606,4.472,4.123,3.606,2.828,2.236,1.414,1.000,-1.000,-1.414,-2.236,-2.828,-2.828,-2.236,-1.414,-1.000,-1.000,1.000,1.414,2.000,2.236,2.828,3.162,3.606,4.243,5.385,5.000,4.243,3.606,2.828,2.236,1.414,1.000,-1.000,-1.414,-2.000,-2.000,-1.414,-1.000,1.000,1.000,1.414,2.236,2.828,3.162,3.606,4.123,4.472,5.000,6.325,5.657,5.000,4.243,3.606,2.828,2.236,1.414,1.000,-1.000,-1.000,-1.000,-1.000,1.000,1.414,2.000,2.236,2.828,3.606,4.123,4.472,5.000,5.385,5.831,7.071,6.403,5.657,5.000,4.243,3.606,2.828,2.236,1.414,1.000,1.000,1.000,1.000,1.414,2.236,2.828,3.162,3.606,4.243,5.000,5.385,5.831,6.325,6.708,7.810,7.071,6.403,5.657,5.000,4.243,3.606,2.828,2.236,2.000,2.000,2.000,2.000,2.236,2.828,3.606,4.123,4.472,5.000,5.657,6.325,6.708,7.211,7.616,8.485,7.810,7.071,6.403,5.657,5.000,4.243,3.606,3.162,3.000,3.000,3.000,3.000,3.162,3.606,4.243,5.000,5.385,5.831,6.403,7.071,7.616,8.062,8.544,0.6400,-0.0313
7.810,7.211,6.708,6.325,6.083,6.000,6.000,6.000,6.000,6.000,6.000,6.000,6.000,6.000,6.000,6.000,6.000,6.000,6.000,6.083,6.325,6.708,7.211,7.810,7.071,6.403,5.831,5.385,5.099,5.000,5.000,5.000,5.000,5.000,5.000,5.000,5.000,5.000,5.000,5.000,5.000,5.000,5.000,5.099,5.385,5.831,6.403,7.071,6.403,5.657,5.000,4.472,4.123,4.000,4.000,4.000,4.000,4.000,4.000,4.000,4.000,4.000,4.000,4.000,4.000,4.000,4.000,4.123,4.472,5.000,5.657,6.403,5.831,5.000,4.243,3.606,3.162,3.000,3.000,3.000,3.000,3.000,3.000,3.000,3.000,3.000,3.000,3.000,3.000,3.000,3.000,3.162,3.606,4.243,5.000,5.831,5.385,4.472,3.606,2.828,2.236,2.000,2.000,2.000,2.000,2.000,2.000,2.000,2.000,2.000,2.000,2.000,2.000,2.000,2.000,2.236,2.828,3.606,4.472,5.385,5.099,4.123,3.162,2.236,1.414,1.000,1.000,1.000,1.000,1.000,1.000,1.000,1.000,1.000,1.000,1.000,1.000,1.000,1.000,1.414,2.236,3.162,4.123,5.099,5.000,4.000,3.000,2.000,1.000,-1.000,-1.000,-1.000,-1.000,-1.000,-1.000,-1.000,-1.000,-1.000,-1.000,-1.000,-1.000,-1.000,-1.000,1.000,2.000,3.000,4.000,5.000,5.099,4.123,3.162,2.236,1.414,1.000,1.000,-1.000,-1.414,-2.000,-2.000,-2.000,-2.000,-2.000,-2.000,-2.000,-1.414,-1.000,-1.000,1.000,2.000,3.000,4.000,5.000,5.385,4.472,3.606,2.828,2.236,2.000,1.414,1.000,-1.000,-1.414,-2.000,-2.000,-2.000,-1.414,-1.000,-1.000,-1.000,1.000,1.000,1.414,2.236,3.162,4.123,5.099,5.831,5.000,4.243,3.606,3.162,2.828,2.236,1.414,1.000,-1.000,-1.000,-1.000,-1.000,-1.000,1.000,1.000,1.000,1.414,2.000,2.236,2.828,3.606,4.472,5.385,6.403,5.657,5.000,4.472,4.123,3.606,2.828,2.236,1.414,1.000,1.000,1.000,1.000,1.000,1.414,2.000,2.000,2.236,2.828,3.162,3.606,4.243,5.000,5.831,7.071,6.403,5.831,5.385,5.000,4.243,3.606,2.828,2.236,2.000,2.000,2.000,2.000,2.000,2.236,2.828,3.000,3.162,3.606,4.123,4.472,5.000,5.657,6.403,7.810,7.211,6.708,6.325,5.657,5.000,4.243,3.606,3.162,3.000,3.000,3.000,3.000,3.000,3.162,3.606,4.000,4.123,4.472,5.000,5.385,5.831,6.403,7.071,8.602,8.062,7.616,7.071,6.403,5.657,5.000,4.472,4.123,4.000,4.000,4.000,4.000,4.000,4.123,4.472,5.000,5.099,5.385,5.831,6.325,6.708,7.211,7.810,9.434,8.944,8.485,7.810,7.071,6.403,5.831,5.385,5.099,5.000,5.000,5.000,5.000,5.000,5.099,5.385,5.831,6.083,6.325,6.708,7.211,7.616,8.062,8.602,10.296,9.849,9.220,8.485,7.810,7.211,6.708,6.325,6.083,6.000,6.000,6.000,6.000,6.000,6.083,6.325,6.708,7.071,7.280,7.616,8.062,8.544,8.944,9.434,0.5947,-0.0166
7.071,6.403,5.831,5.385,5.099,5.000,5.000,5.000,5.000,5.000,5.000,5.000,5.000,5.000,5.000,5.000,5.000,5.000,5.000,5.000,5.099,5.385,5.831,6.403,6.403,5.657,5.000,4.472,4.123,4.000,4.000,4.000,4.000,4.000,4.000,4.000,4.000,4.000,4.000,4.000,4.000,4.000,4.000,4.000,4.123,4.472,5.000,5.657,5.831,5.000,4.243,3.606,3.162,3.000,3.000,3.000,3.000,3.000,3.000,3.000,3.000,3.000,3.000,3.000,3.000,3.000,3.000,3.000,3.162,3.606,4.243,5.000,5.385,4.472,3.606,2.828,2.236,2.000,2.000,2.000,2.000,2.000,2.000,2.000,2.000,2.000,2.000,2.000,2.000,2.000,2.000,2.000,2.236,2.828,3.606,4.472,5.099,4.123,3.162,2.236,1.414,1.000,1.000,1.000,1.000,1.000,1.000,1.000,1.000,1.000,1.000,1.000,1.000,1.000,1.000,1.000,1.414,2.236,3.162,4.123,5.000,4.000,3.000,2.000,1.000,-1.000,-1.000,-1.000,-1.000,-1.000,-1.000,-1.000,-1.000,-1.000,-1.000,-1.000,-1.000,-1.000,-1.000,-1.000,1.000,2.000,3.000,4.000,5.099,4.123,3.162,2.236,1.414,1.000,-1.000,-2.000,-2.000,-2.000,-2.000,-2.000,-2.000,-2.000,-2.000,-2.000,-2.000,-2.000,-2.000,-1.000,1.000,2.000,3.000,4.000,5.385,4.472,3.606,2.828,2.000,1.000,-1.000,-1.414,-2.236,-2.828,-3.000,-3.000,-3.000,-3.000,-3.000,-3.000,-3.000,-3.000,-2.000,-1.000,1.000,2.000,3.000,4.000,5.831,5.000,4.123,3.162,2.236,1.414,1.000,-1.000,-1.414,-2.236,-2.828,-3.606,-4.000,-4.000,-3.606,-3.162,-3.000,-3.000,-2.000,-1.000,1.000,2.000,3.000,4.000,6.325,5.385,4.472,3.606,2.828,2.236,1.414,1.000,-1.000,-1.414,-2.236,-2.828,-3.162,-3.000,-2.828,-2.236,-2.000,-2.000,-2.000,-1.000,1.000,2.000,3.000,4.000,6.708,5.831,5.000,4.243,3.606,2.828,2.236,1.414,1.000,-1.000,-1.414,-2.236,-2.236,-2.000,-2.000,-1.414,-1.000,-1.000,-1.000,-1.000,1.000,2.000,3.000,4.000,7.211,6.403,5.657,5.000,4.243,3.606,2.828,2.236,1.414,1.000,-1.000,-1.414,-1.414,-1.000,-1.000,-1.000,1.000,1.000,1.000,1.000,1.414,2.236,3.162,4.123,7.810,7.071,6.403,5.657,5.000,4.243,3.606,2.828,2.236,1.414,1.000,-1.000,-1.000,1.000,1.000,1.000,1.414,2.000,2.000,2.000,2.236,2.828,3.606,4.472,8.485,7.810,7.071,6.403,5.657,5.000,4.243,3.606,2.828,2.236,1.414,1.000,1.000,1.414,2.000,2.000,2.236,2.828,3.000,3.000,3.162,3.606,4.243,5.000,9.220,8.485,7.810,7.071,6.403,5.657,5.000,4.243,3.606,2.828,2.236,2.000,2.000,2.236,2.828,3.000,3.162,3.606,4.000,4.000,4.123,4.472,5.000,5.657,9.899,9.220,8.485,7.810,7.071,6.403,5.657,5.000,4.243,3.606,3.162,3.000,3.000,3.162,3.606,4.000,4.123,4.472,5.000,5.000,5.099,5.385,5.831,6.403,0.9896,-0.0069
6.325,6.083,6.000,6.000,6.000,6.000,6.000,6.000,6.000,6.000,6.000,6.000,6.000,6.000,6.000,6.000,6.000,6.000,6.000,6.000,6.000,6.000,6.000,6.083,5.385,5.099,5.000,5.000,5.000,5.000,5.000,5.000,5.000,5.000,5.000,5.000,5.000,5.000,5.000,5.000,5.000,5.000,5.000,5.000,5.000,5.000,5.000,5.099,4.472,4.123,4.000,4.000,4.000,4.000,4.000,4.000,4.000,4.000,4.000,4.000,4.000,4.000,4.000,4.000,4.000,4.000,4.000,4.000,4.000,4.000,4.000,4.123,3.606,3.162,3.000,3.000,3.000,3.000,3.000,3.000,3.000,3.000,3.000,3.000,3.000,3.000,3.000,3.000,3.000,3.000,3.000,3.000,3.000,3.000,3.000,3.162,2.828,2.236,2.000,2.000,2.000,2.000,2.000,2.000,2.000,2.000,2.000,2.000,2.000,2.000,2.000,2.000,2.000,2.000,2.000,2.000,2.000,2.000,2.000,2.236,2.236,1.414,1.000,1.000,1.000,1.000,1.000,1.000,1.000,1.000,1.000,1.000,1.000,1.000,1.000,1.000,1.000,1.000,1.000,1.000,1.000,1.000,1.000,1.414,2.000,1.000,-1.000,-1.000,-1.000,-1.000,-1.000,-1.000,-1.000,-1.000,-1.000,-1.000,-1.000,-1.000,-1.000,-1.000,-1.000,-1.000,-1.000,-1.000,-1.000,-1.000,-1.000,1.000,2.236,1.414,1.000,1.000,-1.000,-1.000,-1.414,-2.000,-2.000,-2.000,-2.000,-2.000,-2.000,-2.000,-2.000,-2.000,-1.414,-1.000,-1.000,-1.000,-1.000,1.000,1.000,1.414,2.828,2.236,2.000,1.414,1.000,1.000,-1.000,-1.414,-2.000,-2.236,-2.828,-2.828,-2.236,-2.000,-1.414,-1.000,-1.000,1.000,1.000,1.000,1.000,1.414,2.000,2.236,3.606,3.162,2.828,2.236,2.000,1.414,1.000,-1.000,-1.000,-1.414,-2.000,-2.000,-1.414,-1.000,-1.000,1.000,1.000,1.414,2.000,2.000,2.000,2.236,2.828,3.162,4.472,4.123,3.606,3.162,2.828,2.236,1.414,1.000,1.000,-1.000,-1.000,-1.000,-1.000,1.000,1.000,1.414,2.000,2.236,2.828,3.000,3.000,3.162,3.606,4.123,5.385,5.000,4.472,4.123,3.606,2.828,2.236,2.000,1.414,1.000,1.000,1.000,1.000,1.414,2.000,2.236,2.828,3.162,3.606,4.000,4.000,4.123,4.472,5.000,6.325,5.831,5.385,5.000,4.243,3.606,3.162,2.828,2.236,2.000,2.000,2.000,2.000,2.236,2.828,3.162,3.606,4.123,4.472,5.000,5.000,5.099,5.385,5.831,7.211,6.708,6.325,5.657,5.000,4.472,4.123,3.606,3.162,3.000,3.000,3.000,3.000,3.162,3.606,4.123,4.472,5.000,5.385,5.831,6.000,6.083,6.325,6.708,8.062,7.616,7.071,6.403,5.831,5.385,5.000,4.472,4.123,4.000,4.000,4.000,4.000,4.123,4.472,5.000,5.385,5.831,6.325,6.708,7.000,7.071,7.280,7.616,8.944,8.485,7.810,7.211,6.708,6.325,5.831,5.385,5.099,5.000,5.000,5.000,5.000,5.099,5.385,5.831,6.325,6.708,7.211,7.616,8.000,8.062,8.246,8.544,0.5726,0.0169
7.071,6.403,5.831,5.385,5.099,5.000,5.000,5.000,5.000,5.000,5.000,5.000,5.000,5.000,5.000,5.000,5.000,5.000,5.000,5.099,5.385,5.831,6.403,7.071,6.403,5.657,5.000,4.472,4.123,4.000,4.000,4.000,4.000,4.000,4.000,4.000,4.000,4.000,4.000,4.000,4.000,4.000,4.000,4.123,4.472,5.000,5.657,6.403,5.831,5.000,4.243,3.606,3.162,3.000,3.000,3.000,3.000,3.000,3.000,3.000,3.000,3.000,3.000,3.000,3.000,3.000,3.000,3.162,3.606,4.243,5.000,5.831,5.385,4.472,3.606,2.828,2.236,2.000,2.000,2.000,2.000,2.000,2.000,2.000,2.000,2.000,2.000,2.000,2.000,2.000,2.000,2.236,2.828,3.606,4.472,5.385,5.099,4.123,3.162,2.236,1.414,1.000,1.000,1.000,1.000,1.000,1.000,1.000,1.000,1.000,1.000,1.000,1.000,1.000,1.000,1.414,2.236,3.162,4.123,5.099,5.000,4.000,3.000,2.000,1.000,-1.000,-1.000,-1.000,-1.000,-1.000,-1.000,-1.000,-1.000,-1.000,-1.000,-1.000,-1.000,-1.000,-1.000,1.000,2.000,3.000,4.000,5.000,5.099,4.123,3.162,2.236,1.414,1.000,1.000,-1.000,-1.414,-2.000,-2.000,-2.000,-2.000,-2.000,-2.000,-2.000,-1.414,-1.000,-1.000,1.000,2.000,3.000,4.000,5.000,5.385,4.472,3.606,2.828,2.236,2.000,1.414,1.000,-1.000,-1.414,-2.236,-2.828,-2.236,-1.414,-1.000,-1.000,-1.000,1.000,1.000,1.414,2.236,3.162,4.123,5.099,5.831,5.000,4.243,3.606,3.162,2.828,2.236,1.414,1.000,-1.000,-1.414,-2.000,-1.414,-1.000,1.000,1.000,1.000,1.414,2.000,2.236,2.828,3.606,4.472,5.385,6.403,5.657,5.000,4.472,4.123,3.606,2.828,2.236,1.414,1.000,-1.000,-1.000,-1.000,1.000,1.414,2.000,2.000,2.236,2.828,3.162,3.606,4.243,5.000,5.831,7.071,6.403,5.831,5.385,5.000,4.243,3.606,2.828,2.236,1.414,1.000,1.000,1.000,1.414,2.236,2.828,3.000,3.162,3.606,4.123,4.472,5.000,5.657,6.403,7.810,7.211,6.708,6.325,5.657,5.000,4.243,3.606,2.828,2.236,2.000,2.000,2.000,2.236,2.828,3.606,4.000,4.123,4.472,5.000,5.385,5.831,6.403,7.071,8.602,8.062,7.616,7.071,6.403,5.657,5.000,4.243,3.606,3.162,3.000,3.000,3.000,3.162,3.606,4.243,5.000,5.099,5.385,5.831,6.325,6.708,7.211,7.810,9.434,8.944,8.485,7.810,7.071,6.403,5.657,5.000,4.472,4.123,4.000,4.000,4.000,4.123,4.472,5.000,5.657,6.083,6.325,6.708,7.211,7.616,8.062,8.602,10.296,9.849,9.220,8.485,7.810,7.071,6.403,5.831,5.385,5.099,5.000,5.000,5.000,5.099,5.385,5.831,6.403,7.071,7.280,7.616,8.062,8.544,8.944,9.434,11.180,10.630,9.899,9.220,8.485,7.810,7.211,6.708,6.325,6.083,6.000,6.000,6.000,6.083,6.325,6.708,7.211,7.810,8.246,8.544,8.944,9.434,9.849,10.296,0.6348,0.0459
7.211,6.708,6.325,6.083,6.000,6.000,6.000,6.000,6.000,6.000,6.000,6.000,6.000,6.000,6.000,6.000,6.000,6.000,6.000,6.000,6.083,6.325,6.708,7.211,6.403,5.831,5.385,5.099,5.000,5.000,5.000,5.000,5.000,5.000,5.000,5.000,5.000,5.000,5.000,5.000,5.000,5.000,5.000,5.000,5.099,5.385,5.831,6.403,5.657,5.000,4.472,4.123,4.000,4.000,4.000,4.000,4.000,4.000,4.000,4.000,4.000,4.000,4.000,4.000,4.000,4.000,4.000,4.000,4.123,4.472,5.000,5.657,5.000,4.243,3.606,3.162,3.000,3.000,3.000,3.000,3.000,3.000,3.000,3.000,3.000,3.000,3.000,3.000,3.000,3.000,3.000,3.000,3.162,3.606,4.243,5.000,4.472,3.606,2.828,2.236,2.000,2.000,2.000,2.000,2.000,2.000,2.000,2.000,2.000,2.000,2.000,2.000,2.000,2.000,2.000,2.000,2.236,2.828,3.606,4.472,4.123,3.162,2.236,1.414,1.000,1.000,1.000,1.000,1.000,1.000,1.000,1.000,1.000,1.000,1.000,1.000,1.000,1.000,1.000,1.000,1.414,2.236,3.162,4.123,4.000,3.000,2.000,1.000,-1.000,-1.000,-1.000,-1.000,-1.000,-1.000,-1.000,-1.000,-1.000,-1.000,-1.000,-1.000,-1.000,-1.000,-1.000,-1.000,1.000,2.000,3.000,4.000,4.123,3.162,2.236,1.414,1.000,-1.000,-1.414,-2.000,-2.000,-2.000,-2.000,-2.000,-2.000,-2.000,-2.000,-2.000,-2.000,-1.414,-1.000,1.000,1.414,2.236,3.162,4.123,4.472,3.606,2.828,2.236,1.414,1.000,-1.000,-1.414,-2.236,-2.828,-3.000,-3.000,-3.000,-2.828,-2.236,-1.414,-1.000,-1.000,1.000,1.414,2.236,2.828,3.606,4.472,5.000,4.243,3.606,2.828,2.236,1.414,1.000,-1.000,-1.414,-2.236,-2.828,-3.606,-2.828,-2.236,-1.414,-1.000,1.000,1.000,1.414,2.236,2.828,3.606,4.243,5.000,5.657,5.000,4.243,3.606,2.828,2.236,1.414,1.000,-1.000,-1.414,-2.236,-2.828,-2.236,-1.414,-1.000,1.000,1.414,2.000,2.236,2.828,3.606,4.243,5.000,5.657,6.403,5.657,5.000,4.243,3.606,2.828,2.236,1.414,1.000,-1.000,-1.414,-2.236,-1.414,-1.000,1.000,1.414,2.236,2.828,3.162,3.606,4.243,5.000,5.657,6.403,7.071,6.403,5.657,5.000,4.243,3.606,2.828,2.236,1.414,1.000,-1.000,-1.414,-1.000,1.000,1.414,2.236,2.828,3.606,4.123,4.472,5.000,5.657,6.403,7.071,7.810,7.071,6.403,5.657,5.000,4.243,3.606,2.828,2.236,1.414,1.000,-1.000,1.000,1.414,2.236,2.828,3.606,4.243,5.000,5.385,5.831,6.403,7.071,7.810,8.485,7.810,7.071,6.403,5.657,5.000,4.243,3.606,2.828,2.236,1.414,1.000,1.414,2.236,2.828,3.606,4.243,5.000,5.657,6.325,6.708,7.211,7.810,8.485,9.220,8.485,7.810,7.071,6.403,5.657,5.000,4.243,3.606,2.828,2.236,2.000,2.236,2.828,3.606,4.243,5.000,5.657,6.403,7.071,7.616,8.062,8.602,9.220,0.6716,-0.0468
7.810,7.071,6.403,5.831,5.385,5.099,5.000,5.000,5.000,5.000,5.000,5.000,5.000,5.000,5.000,5.000,5.000,5.000,5.000,5.099,5.385,5.831,6.403,7.071,7.211,6.403,5.657,5.000,4.472,4.123,4.000,4.000,4.000,4.000,4.000,4.000,4.000,4.000,4.000,4.000,4.000,4.000,4.000,4.123,4.472,5.000,5.657,6.403,6.708,5.831,5.000,4.243,3.606,3.162,3.000,3.000,3.000,3.000,3.000,3.000,3.000,3.000,3.000,3.000,3.000,3.000,3.000,3.162,3.606,4.243,5.000,5.831,6.325,5.385,4.472,3.606,2.828,2.236,2.000,2.000,2.000,2.000,2.000,2.000,2.000,2.000,2.000,2.000,2.000,2.000,2.000,2.236,2.828,3.606,4.472,5.385,6.083,5.099,4.123,3.162,2.236,1.414,1.000,1.000,1.000,1.000,1.000,1.000,1.000,1.000,1.000,1.000,1.000,1.000,1.000,1.414,2.236,3.162,4.123,5.099,6.000,5.000,4.000,3.000,2.000,1.000,-1.000,-1.000,-1.000,-1.000,-1.000,-1.000,-1.000,-1.000,-1.000,-1.000,-1.000,-1.000,-1.000,1.000,2.000,3.000,4.000,5.000,6.083,5.099,4.123,3.162,2.236,1.414,1.000,1.000,-1.000,-1.414,-2.000,-2.000,-2.000,-2.000,-1.414,-1.000,-1.000,-1.000,-1.000,1.000,2.000,3.000,4.000,5.000,6.325,5.385,4.472,3.606,2.828,2.236,2.000,1.414,1.000,-1.000,-1.000,-1.000,-1.000,-1.000,-1.000,1.000,1.000,1.000,1.000,1.414,2.236,3.162,4.123,5.099,6.708,5.831,5.000,4.243,3.606,3.162,2.828,2.236,1.414,1.000,1.000,1.000,1.000,1.000,1.000,1.414,2.000,2.000,2.000,2.236,2.828,3.606,4.472,5.385,7.211,6.403,5.657,5.000,4.472,4.123,3.606,2.828,2.236,2.000,2.000,2.000,2.000,2.000,2.000,2.236,2.828,3.000,3.000,3.162,3.606,4.243,5.000,5.831,7.810,7.071,6.403,5.831,5.385,5.000,4.243,3.606,3.162,3.000,3.000,3.000,3.000,3.000,3.000,3.162,3.606,4.000,4.000,4.123,4.472,5.000,5.657,6.403,8.485,7.810,7.211,6.708,6.325,5.657,5.000,4.472,4.123,4.000,4.000,4.000,4.000,4.000,4.000,4.123,4.472,5.000,5.000,5.099,5.385,5.831,6.403,7.071,9.220,8.602,8.062,7.616,7.071,6.403,5.831,5.385,5.099,5.000,5.000,5.000,5.000,5.000,5.000,5.099,5.385,5.831,6.000,6.083,6.325,6.708,7.211,7.810,10.000,9.434,8.944,8.485,7.810,7.211,6.708,6.325,6.083,6.000,6.000,6.000,6.000,6.000,6.000,6.083,6.325,6.708,7.000,7.071,7.280,7.616,8.062,8.602,10.817,10.296,9.849,9.220,8.602,8.062,7.616,7.280,7.071,7.000,7.000,7.000,7.000,7.000,7.000,7.071,7.280,7.616,8.000,8.062,8.246,8.544,8.944,9.434,11.662,11.180,10.630,10.000,9.434,8.944,8.544,8.246,8.062,8.000,8.000,8.000,8.000,8.000,8.000,8.062,8.246,8.544,8.944,9.055,9.220,9.487,9.849,10.296,0.5858,-0.0379
5.385,5.099,5.000,5.000,5.000,5.000,5.000,5.000,5.000,5.000,5.000,5.000,5.000,5.000,5.000,5.000,5.000,5.000,5.000,5.000,5.000,5.000,5.099,5.385,4.472,4.123,4.000,4.000,4.000,4.000,4.000,4.000,4.000,4.000,4.000,4.000,4.000,4.000,4.000,4.000,4.000,4.000,4.000,4.000,4.000,4.000,4.123,4.472,3.606,3.162,3.000,3.000,3.000,3.000,3.000,3.000,3.000,3.000,3.000,3.000,3.000,3.000,3.000,3.000,3.000,3.000,3.000,3.000,3.000,3.000,3.162,3.606,2.828,2.236,2.000,2.000,2.000,2.000,2.000,2.000,2.000,2.000,2.000,2.000,2.000,2.000,2.000,2.000,2.000,2.000,2.000,2.000,2.000,2.000,2.236,2.828,2.236,1.414,1.000,1.000,1.000,1.000,1.000,1.000,1.000,1.000,1.000,1.000,1.000,1.000,1.000,1.000,1.000,1.000,1.000,1.000,1.000,1.000,1.414,2.236,2.000,1.000,-1.000,-1.000,-1.000,-1.000,-1.000,-1.000,-1.000,-1.000,-1.000,-1.000,-1.000,-1.000,-1.000,-1.000,-1.000,-1.000,-1.000,-1.000,-1.000,-1.000,1.000,2.000,2.236,1.414,1.000,-1.000,-1.414,-2.000,-2.000,-2.000,-2.000,-2.000,-2.000,-2.000,-2.000,-2.000,-2.000,-2.000,-2.000,-2.000,-2.000,-2.000,-2.000,-1.000,1.000,2.000,2.828,2.236,1.414,1.000,-1.000,-2.000,-2.828,-3.000,-3.000,-3.000,-3.000,-3.000,-3.000,-3.000,-3.000,-3.000,-3.000,-3.000,-3.000,-3.000,-2.000,-1.000,1.000,2.000,3.606,2.828,2.000,1.000,-1.000,-1.414,-2.236,-2.828,-3.606,-4.000,-4.000,-4.000,-4.000,-4.000,-4.000,-4.000,-4.000,-4.000,-4.000,-3.000,-2.000,-1.000,1.000,2.000,4.123,3.162,2.236,1.414,1.000,-1.000,-1.414,-2.236,-2.828,-3.606,-4.472,-5.000,-5.000,-5.000,-4.472,-4.123,-4.000,-4.000,-4.000,-3.000,-2.000,-1.000,1.000,2.000,4.472,3.606,2.828,2.236,1.414,1.000,-1.000,-1.414,-2.236,-3.162,-4.123,-5.000,-4.472,-4.123,-3.606,-3.162,-3.000,-3.000,-3.000,-3.000,-2.000,-1.000,1.000,2.000,5.000,4.243,3.606,2.828,2.236,1.414,1.000,-1.000,-2.000,-2.828,-3.606,-4.123,-3.606,-3.162,-2.828,-2.236,-2.000,-2.000,-2.000,-2.000,-2.000,-1.000,1.000,2.000,5.657,5.000,4.243,3.606,2.828,2.000,1.000,-1.000,-1.414,-2.236,-2.828,-3.162,-2.828,-2.236,-2.000,-1.414,-1.000,-1.000,-1.000,-1.000,-1.000,-1.000,1.000,2.000,6.403,5.657,5.000,4.123,3.162,2.236,1.414,1.000,-1.000,-1.414,-2.236,-2.236,-2.000,-1.414,-1.000,-1.000,1.000,1.000,1.000,1.000,1.000,1.000,1.414,2.236,7.071,6.325,5.385,4.472,3.606,2.828,2.236,1.414,1.000,-1.000,-1.414,-1.414,-1.000,-1.000,1.000,1.000,1.414,2.000,2.000,2.000,2.000,2.000,2.236,2.828,7.616,6.708,5.831,5.000,4.243,3.606,2.828,2.236,1.414,1.000,-1.000,-1.000,1.000,1.000,1.414,2.000,2.236,2.828,3.000,3.000,3.000,3.000,3.162,3.606,1.0902,0.0114
7.071,6.403,5.831,5.385,5.099,5.000,5.000,5.000,5.000,5.000,5.000,5.000,5.000,5.000,5.000,5.000,5.000,5.000,5.000,5.000,5.099,5.385,5.831,6.403,6.403,5.657,5.000,4.472,4.123,4.000,4.000,4.000,4.000,4.000,4.000,4.000,4.000,4.000,4.000,4.000,4.000,4.000,4.000,4.000,4.123,4.472,5.000,5.657,5.831,5.000,4.243,3.606,3.162,3.000,3.000,3.000,3.000,3.000,3.000,3.000,3.000,3.000,3.000,3.000,3.000,3.000,3.000,3.000,3.162,3.606,4.243,5.000,5.385,4.472,3.606,2.828,2.236,2.000,2.000,2.000,2.000,2.000,2.000,2.000,2.000,2.000,2.000,2.000,2.000,2.000,2.000,2.000,2.236,2.828,3.606,4.472,5.099,4.123,3.162,2.236,1.414,1.000,1.000,1.000,1.000,1.000,1.000,1.000,1.000,1.000,1.000,1.000,1.000,1.000,1.000,1.000,1.414,2.236,3.162,4.123,5.000,4.000,3.000,2.000,1.000,-1.000,-1.000,-1.000,-1.000,-1.000,-1.000,-1.000,-1.000,-1.000,-1.000,-1.000,-1.000,-1.000,-1.000,-1.000,1.000,2.000,3.000,4.000,5.099,4.123,3.162,2.236,1.414,1.000,1.000,-1.000,-1.414,-2.000,-2.000,-2.000,-2.000,-2.000,-2.000,-2.000,-2.000,-2.000,-2.000,-1.000,1.000,2.000,3.000,4.000,5.385,4.472,3.606,2.828,2.236,2.000,1.414,1.000,-1.000,-1.414,-2.000,-2.236,-2.236,-2.000,-2.000,-2.000,-2.000,-2.000,-1.414,-1.000,1.000,2.000,3.000,4.000,5.831,5.000,4.243,3.606,3.162,2.828,2.236,1.414,1.000,-1.000,-1.000,-1.414,-1.414,-1.000,-1.000,-1.000,-1.000,-1.000,-1.000,1.000,1.414,2.236,3.162,4.123,6.403,5.657,5.000,4.472,4.123,3.606,2.828,2.236,1.414,1.000,1.000,-1.000,-1.000,1.000,1.000,1.000,1.000,1.000,1.000,1.414,2.236,2.828,3.606,4.472,7.071,6.403,5.831,5.385,5.000,4.243,3.606,2.828,2.236,2.000,1.414,1.000,1.000,1.414,2.000,2.000,2.000,2.000,2.000,2.236,2.828,3.606,4.243,5.000,7.810,7.211,6.708,6.325,5.657,5.000,4.243,3.606,3.162,2.828,2.236,2.000,2.000,2.236,2.828,3.000,3.000,3.000,3.000,3.162,3.606,4.243,5.000,5.657,8.602,8.062,7.616,7.071,6.403,5.657,5.000,4.472,4.123,3.606,3.162,3.000,3.000,3.162,3.606,4.000,4.000,4.000,4.000,4.123,4.472,5.000,5.657,6.403,9.434,8.944,8.485,7.810,7.071,6.403,5.831,5.385,5.000,4.472,4.123,4.000,4.000,4.123,4.472,5.000,5.000,5.000,5.000,5.099,5.385,5.831,6.403,7.071,10.296,9.849,9.220,8.485,7.810,7.211,6.708,6.325,5.831,5.385,5.099,5.000,5.000,5.099,5.385,5.831,6.000,6.000,6.000,6.083,6.325,6.708,7.211,7.810,11.180,10.630,9.899,9.220,8.602,8.062,7.616,7.211,6.708,6.325,6.083,6.000,6.000,6.083,6.325,6.708,7.000,7.000,7.000,7.071,7.280,7.616,8.062,8.602,0.7807,0.0391
6.403,5.657,5.000,4.472,4.123,4.000,4.000,4.000,4.000,4.000,4.000,4.000,4.000,4.000,4.000,4.000,4.000,4.000,4.000,4.123,4.472,5.000,5.657,6.403,5.831,5.000,4.243,3.606,3.162,3.000,3.000,3.000,3.000,3.000,3.000,3.000,3.000,3.000,3.000,3.000,3.000,3.000,3.000,3.162,3.606,4.243,5.000,5.831,5.385,4.472,3.606,2.828,2.236,2.000,2.000,2.000,2.000,2.000,2.000,2.000,2.000,2.000,2.000,2.000,2.000,2.000,2.000,2.236,2.828,3.606,4.472,5.385,5.099,4.123,3.162,2.236,1.414,1.000,1.000,1.000,1.000,1.000,1.000,1.000,1.000,1.000,1.000,1.000,1.000,1.000,1.000,1.414,2.236,3.162,4.123,5.099,5.000,4.000,3.000,2.000,1.000,-1.000,-1.000,-1.000,-1.000,-1.000,-1.000,-1.000,-1.000,-1.000,-1.000,-1.000,-1.000,-1.000,-1.000,1.000,2.000,3.000,4.000,5.000,5.099,4.123,3.162,2.236,1.414,1.000,-1.000,-1.414,-2.000,-2.000,-2.000,-2.000,-2.000,-2.000,-2.000,-2.000,-2.000,-2.000,-1.000,1.000,2.000,3.000,4.000,5.000,5.385,4.472,3.606,2.828,2.236,1.414,1.000,-1.000,-1.414,-2.236,-3.000,-3.000,-3.000,-3.000,-3.000,-3.000,-2.828,-2.000,-1.000,1.000,2.000,3.000,4.000,5.000,5.831,5.000,4.243,3.606,2.828,2.236,1.414,1.000,-1.000,-2.000,-2.828,-3.606,-3.606,-2.828,-2.236,-2.000,-2.000,-1.414,-1.000,1.000,2.000,3.000,4.000,5.000,6.403,5.657,5.000,4.243,3.606,2.828,2.000,1.000,-1.000,-1.414,-2.236,-2.828,-2.828,-2.236,-1.414,-1.000,-1.000,-1.000,1.000,1.414,2.236,3.162,4.123,5.099,7.071,6.403,5.657,5.000,4.123,3.162,2.236,1.414,1.000,-1.000,-1.414,-2.236,-2.236,-1.414,-1.000,1.000,1.000,1.000,1.414,2.236,2.828,3.606,4.472,5.385,7.810,7.071,6.325,5.385,4.472,3.606,2.828,2.236,1.414,1.000,-1.000,-2.000,-1.414,-1.000,1.000,1.414,2.000,2.000,2.236,2.828,3.606,4.243,5.000,5.831,8.485,7.616,6.708,5.831,5.000,4.243,3.606,2.828,2.000,1.000,-1.000,-1.414,-1.000,1.000,1.414,2.236,2.828,3.000,3.162,3.606,4.243,5.000,5.657,6.403,8.944,8.062,7.211,6.403,5.657,5.000,4.123,3.162,2.236,1.414,1.000,-1.000,1.000,1.414,2.236,2.828,3.606,4.000,4.123,4.472,5.000,5.657,6.403,7.071,9.434,8.602,7.810,7.071,6.325,5.385,4.472,3.606,2.828,2.236,1.414,1.000,1.414,2.236,2.828,3.606,4.243,5.000,5.099,5.385,5.831,6.403,7.071,7.810,10.000,9.220,8.485,7.616,6.708,5.831,5.000,4.243,3.606,2.828,2.236,2.000,2.236,2.828,3.606,4.243,5.000,5.657,6.083,6.325,6.708,7.211,7.810,8.485,10.630,9.849,8.944,8.062,7.211,6.403,5.657,5.000,4.243,3.606,3.162,3.000,3.162,3.606,4.243,5.000,5.657,6.403,7.071,7.280,7.616,8.062,8.602,9.220,0.9092,0.0429
5.000,4.243,3.606,3.162,3.000,3.000,3.000,3.000,3.000,3.000,3.000,3.000,3.000,3.000,3.000,3.000,3.000,3.000,3.000,3.000,3.162,3.606,4.243,5.000,4.472,3.606,2.828,2.236,2.000,2.000,2.000,2.000,2.000,2.000,2.000,2.000,2.000,2.000,2.000,2.000,2.000,2.000,2.000,2.000,2.236,2.828,3.606,4.472,4.123,3.162,2.236,1.414,1.000,1.000,1.000,1.000,1.000,1.000,1.000,1.000,1.000,1.000,1.000,1.000,1.000,1.000,1.000,1.000,1.414,2.236,3.162,4.123,4.000,3.000,2.000,1.000,-1.000,-1.000,-1.000,-1.000,-1.000,-1.000,-1.000,-1.000,-1.000,-1.000,-1.000,-1.000,-1.000,-1.000,-1.000,-1.000,1.000,2.000,3.000,4.000,4.123,3.162,2.236,1.414,1.000,-1.000,-1.000,-1.414,-2.000,-2.000,-2.000,-2.000,-2.000,-2.000,-2.000,-2.000,-1.414,-1.000,-1.000,-1.000,1.000,2.000,3.000,4.000,4.472,3.606,2.828,2.236,1.414,1.000,1.000,-1.000,-1.414,-2.236,-2.828,-2.828,-2.236,-2.000,-1.414,-1.000,-1.000,1.000,1.000,1.000,1.414,2.236,3.162,4.123,5.000,4.243,3.606,2.828,2.236,2.000,1.414,1.000,-1.000,-1.414,-2.236,-2.236,-1.414,-1.000,-1.000,1.000,1.000,1.414,2.000,2.000,2.236,2.828,3.606,4.472,5.657,5.000,4.243,3.606,3.162,2.828,2.236,1.414,1.000,-1.000,-1.414,-1.414,-1.000,1.000,1.000,1.414,2.000,2.236,2.828,3.000,3.162,3.606,4.243,5.000,6.403,5.657,5.000,4.472,4.123,3.606,2.828,2.236,1.414,1.000,-1.000,-1.000,1.000,1.414,2.000,2.236,2.828,3.162,3.606,4.000,4.123,4.472,5.000,5.657,7.071,6.403,5.831,5.385,5.000,4.243,3.606,2.828,2.236,1.414,1.000,1.000,1.414,2.236,2.828,3.162,3.606,4.123,4.472,5.000,5.099,5.385,5.831,6.403,7.810,7.211,6.708,6.325,5.657,5.000,4.243,3.606,2.828,2.236,2.000,2.000,2.236,2.828,3.606,4.123,4.472,5.000,5.385,5.831,6.083,6.325,6.708,7.211,8.602,8.062,7.616,7.071,6.403,5.657,5.000,4.243,3.606,3.162,3.000,3.000,3.162,3.606,4.243,5.000,5.385,5.831,6.325,6.708,7.071,7.280,7.616,8.062,9.434,8.944,8.485,7.810,7.071,6.403,5.657,5.000,4.472,4.123,4.000,4.000,4.123,4.472,5.000,5.657,6.325,6.708,7.211,7.616,8.062,8.246,8.544,8.944,10.296,9.849,9.220,8.485,7.810,7.071,6.403,5.831,5.385,5.099,5.000,5.000,5.099,5.385,5.831,6.403,7.071,7.616,8.062,8.544,8.944,9.220,9.487,9.849,11.180,10.630,9.899,9.220,8.485,7.810,7.211,6.708,6.325,6.083,6.000,6.000,6.083,6.325,6.708,7.211,7.810,8.485,8.944,9.434,9.849,10.198,10.440,10.770,12.042,11.314,10.630,9.899,9.220,8.602,8.062,7.616,7.280,7.071,7.000,7.000,7.071,7.280,7.616,8.062,8.602,9.220,9.849,10.296,10.770,11.180,11.402,11.705,0.7621,-0.0326
6.708,6.325,6.083,6.000,6.000,6.000,6.000,6.000,6.000,6.000,6.000,6.000,6.000,6.000,6.000,6.000,6.000,6.000,6.000,6.000,6.000,6.083,6.325,6.708,5.831,5.385,5.099,5.000,5.000,5.000,5.000,5.000,5.000,5.000,5.000,5.000,5.000,5.000,5.000,5.000,5.000,5.000,5.000,5.000,5.000,5.099,5.385,5.831,5.000,4.472,4.123,4.000,4.000,4.000,4.000,4.000,4.000,4.000,4.000,4.000,4.000,4.000,4.000,4.000,4.000,4.000,4.000,4.000,4.000,4.123,4.472,5.000,4.243,3.606,3.162,3.000,3.000,3.000,3.000,3.000,3.000,3.000,3.000,3.000,3.000,3.000,3.000,3.000,3.000,3.000,3.000,3.000,3.000,3.162,3.606,4.243,3.606,2.828,2.236,2.000,2.000,2.000,2.000,2.000,2.000,2.000,2.000,2.000,2.000,2.000,2.000,2.000,2.000,2.000,2.000,2.000,2.000,2.236,2.828,3.606,3.162,2.236,1.414,1.000,1.000,1.000,1.000,1.000,1.000,1.000,1.000,1.000,1.000,1.000,1.000,1.000,1.000,1.000,1.000,1.000,1.000,1.414,2.236,3.162,3.000,2.000,1.000,-1.000,-1.000,-1.000,-1.000,-1.000,-1.000,-1.000,-1.000,-1.000,-1.000,-1.000,-1.000,-1.000,-1.000,-1.000,-1.000,-1.000,-1.000,1.000,2.000,3.000,3.162,2.236,1.414,1.000,-1.000,-1.414,-2.000,-2.000,-2.000,-2.000,-2.000,-2.000,-2.000,-2.000,-2.000,-2.000,-2.000,-2.000,-2.000,-2.000,-1.000,1.000,2.000,3.000,3.606,2.828,2.236,1.414,1.000,-1.000,-2.000,-2.828,-3.000,-3.000,-3.000,-3.000,-3.000,-3.000,-3.000,-3.000,-3.000,-3.000,-3.000,-2.000,-1.000,1.000,2.000,3.000,4.243,3.606,2.828,2.000,1.000,-1.000,-1.414,-2.236,-2.828,-3.606,-4.000,-4.000,-4.000,-4.000,-4.000,-3.606,-3.162,-2.828,-2.236,-2.000,-1.000,1.000,2.000,3.000,5.000,4.123,3.162,2.236,1.414,1.000,-1.000,-1.414,-2.236,-3.162,-4.123,-5.000,-4.243,-3.606,-3.162,-2.828,-2.236,-2.000,-1.414,-1.000,-1.000,1.000,2.000,3.000,5.385,4.472,3.606,2.828,2.236,1.414,1.000,-1.000,-2.000,-2.828,-3.606,-4.243,-3.606,-2.828,-2.236,-2.000,-1.414,-1.000,-1.000,1.000,1.000,1.414,2.236,3.162,5.831,5.000,4.243,3.606,2.828,2.000,1.000,-1.000,-1.414,-2.236,-2.828,-3.606,-2.828,-2.236,-1.414,-1.000,-1.000,1.000,1.000,1.414,2.000,2.236,2.828,3.606,6.403,5.657,5.000,4.123,3.162,2.236,1.414,1.000,-1.000,-1.414,-2.236,-3.162,-2.236,-1.414,-1.000,1.000,1.000,1.414,2.000,2.236,2.828,3.162,3.606,4.243,7.071,6.325,5.385,4.472,3.606,2.828,2.236,1.414,1.000,-1.000,-2.000,-3.000,-2.000,-1.000,1.000,1.414,2.000,2.236,2.828,3.162,3.606,4.123,4.472,5.000,7.616,6.708,5.831,5.000,4.243,3.606,2.828,2.000,1.000,-1.000,-2.000,-3.000,-2.000,-1.000,1.000,2.000,2.828,3.162,3.606,4.123,4.472,5.000,5.385,5.831,0.9907,0.0497
3.606,3.162,3.000,3.000,3.000,3.000,3.000,3.000,3.000,3.000,3.000,3.000,3.000,3.000,3.000,3.000,3.000,3.000,3.000,3.000,3.000,3.000,3.162,3.606,2.828,2.236,2.000,2.000,2.000,2.000,2.000,2.000,2.000,2.000,2.000,2.000,2.000,2.000,2.000,2.000,2.000,2.000,2.000,2.000,2.000,2.000,2.236,2.828,2.236,1.414,1.000,1.000,1.000,1.000,1.000,1.000,1.000,1.000,1.000,1.000,1.000,1.000,1.000,1.000,1.000,1.000,1.000,1.000,1.000,1.000,1.414,2.236,2.000,1.000,-1.000,-1.000,-1.000,-1.000,-1.000,-1.000,-1.000,-1.000,-1.000,-1.000,-1.000,-1.000,-1.000,-1.000,-1.000,-1.000,-1.000,-1.000,-1.000,-1.000,1.000,2.000,2.236,1.414,1.000,-1.000,-1.414,-2.000,-2.000,-2.000,-2.000,-2.000,-2.000,-2.000,-2.000,-2.000,-2.000,-2.000,-2.000,-2.000,-2.000,-2.000,-2.000,-1.000,1.000,2.000,2.828,2.236,1.414,1.000,-1.000,-1.414,-2.236,-2.828,-3.000,-3.000,-3.000,-3.000,-3.000,-3.000,-3.000,-3.000,-3.000,-3.000,-3.000,-3.000,-2.000,-1.000,1.000,2.000,3.606,2.828,2.236,1.414,1.000,-1.000,-1.414,-2.236,-2.828,-3.606,-4.000,-4.000,-4.000,-4.000,-4.000,-4.000,-3.606,-3.162,-3.000,-2.828,-2.000,-1.000,1.000,2.000,4.243,3.606,2.828,2.236,1.414,1.000,-1.000,-1.414,-2.236,-2.828,-3.606,-4.472,-4.472,-4.123,-3.606,-3.162,-2.828,-2.236,-2.000,-2.000,-1.414,-1.000,1.000,2.000,5.000,4.243,3.606,2.828,2.236,1.414,1.000,-1.000,-1.414,-2.236,-3.162,-4.123,-3.606,-3.162,-2.828,-2.236,-2.000,-1.414,-1.000,-1.000,-1.000,1.000,1.414,2.236,5.657,5.000,4.243,3.606,2.828,2.236,1.414,1.000,-1.000,-2.000,-2.828,-3.606,-2.828,-2.236,-2.000,-1.414,-1.000,-1.000,1.000,1.000,1.000,1.414,2.236,2.828,6.403,5.657,5.000,4.243,3.606,2.828,2.000,1.000,-1.000,-1.414,-2.236,-2.828,-2.236,-1.414,-1.000,-1.000,1.000,1.000,1.414,2.000,2.000,2.236,2.828,3.606,7.071,6.403,5.657,5.000,4.123,3.162,2.236,1.414,1.000,-1.000,-1.414,-2.236,-1.414,-1.000,1.000,1.000,1.414,2.000,2.236,2.828,3.000,3.162,3.606,4.243,7.810,7.071,6.325,5.385,4.472,3.606,2.828,2.236,1.414,1.000,-1.000,-1.414,-1.000,1.000,1.414,2.000,2.236,2.828,3.162,3.606,4.000,4.123,4.472,5.000,8.485,7.616,6.708,5.831,5.000,4.243,3.606,2.828,2.236,1.414,1.000,-1.000,1.000,1.414,2.236,2.828,3.162,3.606,4.123,4.472,5.000,5.099,5.385,5.831,8.944,8.062,7.211,6.403,5.657,5.000,4.243,3.606,2.828,2.236,1.414,1.000,1.414,2.236,2.828,3.606,4.123,4.472,5.000,5.385,5.831,6.083,6.325,6.708,9.434,8.602,7.810,7.071,6.403,5.657,5.000,4.243,3.606,2.828,2.236,2.000,2.236,2.828,3.606,4.243,5.000,5.385,5.831,6.325,6.708,7.071,7.280,7.616,1.0211,-0.1120
5.000,4.243,3.606,3.162,3.000,3.000,3.000,3.000,3.000,3.000,3.000,3.000,3.000,3.000,3.000,3.000,3.000,3.000,3.000,3.000,3.162,3.606,4.243,5.000,4.472,3.606,2.828,2.236,2.000,2.000,2.000,2.000,2.000,2.000,2.000,2.000,2.000,2.000,2.000,2.000,2.000,2.000,2.000,2.000,2.236,2.828,3.606,4.472,4.123,3.162,2.236,1.414,1.000,1.000,1.000,1.000,1.000,1.000,1.000,1.000,1.000,1.000,1.000,1.000,1.000,1.000,1.000,1.000,1.414,2.236,3.162,4.123,4.000,3.000,2.000,1.000,-1.000,-1.000,-1.000,-1.000,-1.000,-1.000,-1.000,-1.000,-1.000,-1.000,-1.000,-1.000,-1.000,-1.000,-1.000,-1.000,1.000,2.000,3.000,4.000,4.000,3.000,2.000,1.000,-1.000,-1.414,-2.000,-2.000,-2.000,-2.000,-2.000,-2.000,-2.000,-2.000,-2.000,-2.000,-2.000,-1.414,-1.000,1.000,1.414,2.236,3.162,4.123,4.123,3.162,2.236,1.414,1.000,-1.000,-1.414,-2.236,-2.828,-3.000,-3.000,-3.000,-3.000,-3.000,-2.828,-2.236,-1.414,-1.000,1.000,1.414,2.236,2.828,3.606,4.472,4.472,3.606,2.828,2.236,1.414,1.000,-1.000,-1.414,-2.236,-2.828,-3.606,-4.000,-3.606,-2.828,-2.236,-1.414,-1.000,1.000,1.414,2.236,2.828,3.606,4.243,5.000,5.000,4.243,3.606,2.828,2.236,1.414,1.000,-1.000,-1.414,-2.236,-3.162,-3.606,-2.828,-2.236,-1.414,-1.000,1.000,1.414,2.236,2.828,3.606,4.243,5.000,5.657,5.657,5.000,4.243,3.606,2.828,2.236,1.414,1.000,-1.000,-2.000,-2.828,-3.162,-2.236,-1.414,-1.000,1.000,1.414,2.236,2.828,3.606,4.243,5.000,5.657,6.403,6.403,5.657,5.000,4.243,3.606,2.828,2.000,1.000,-1.000,-1.414,-2.236,-2.828,-2.000,-1.000,1.000,1.414,2.236,2.828,3.606,4.243,5.000,5.657,6.403,7.071,7.071,6.403,5.657,5.000,4.123,3.162,2.236,1.414,1.000,-1.000,-2.000,-2.236,-1.414,-1.000,1.000,2.000,2.828,3.606,4.243,5.000,5.657,6.403,7.071,7.810,7.810,7.071,6.325,5.385,4.472,3.606,2.828,2.000,1.000,-1.000,-1.414,-1.414,-1.000,1.000,1.414,2.236,3.162,4.123,5.000,5.657,6.403,7.071,7.810,8.485,8.485,7.616,6.708,5.831,5.000,4.123,3.162,2.236,1.414,1.000,-1.000,-1.000,1.000,1.414,2.236,2.828,3.606,4.472,5.385,6.325,7.071,7.810,8.485,9.220,8.944,8.062,7.211,6.325,5.385,4.472,3.606,2.828,2.236,1.414,1.000,1.000,1.414,2.236,2.828,3.606,4.243,5.000,5.831,6.708,7.616,8.485,9.220,9.899,9.434,8.544,7.616,6.708,5.831,5.000,4.243,3.606,2.828,2.236,2.000,2.000,2.236,2.828,3.606,4.243,5.000,5.657,6.403,7.211,8.062,8.944,9.849,10.630,9.849,8.944,8.062,7.211,6.403,5.657,5.000,4.243,3.606,3.162,3.000,3.000,3.162,3.606,4.243,5.000,5.657,6.403,7.071,7.810,8.602,9.434,10.296,11.180,0.8748,-0.2094
4.472,4.123,4.000,4.000,4.000,4.000,4.000,4.000,4.000,4.000,4.000,4.000,4.000,4.000,4.000,4.000,4.000,4.000,4.000,4.000,4.000,4.000,4.123,4.472,3.606,3.162,3.000,3.000,3.000,3.000,3.000,3.000,3.000,3.000,3.000,3.000,3.000,3.000,3.000,3.000,3.000,3.000,3.000,3.000,3.000,3.000,3.162,3.606,2.828,2.236,2.000,2.000,2.000,2.000,2.000,2.000,2.000,2.000,2.000,2.000,2.000,2.000,2.000,2.000,2.000,2.000,2.000,2.000,2.000,2.000,2.236,2.828,2.236,1.414,1.000,1.000,1.000,1.000,1.000,1.000,1.000,1.000,1.000,1.000,1.000,1.000,1.000,1.000,1.000,1.000,1.000,1.000,1.000,1.000,1.414,2.236,2.000,1.000,-1.000,-1.000,-1.000,-1.000,-1.000,-1.000,-1.000,-1.000,-1.000,-1.000,-1.000,-1.000,-1.000,-1.000,-1.000,-1.000,-1.000,-1.000,-1.000,-1.000,1.000,2.000,2.236,1.414,1.000,-1.000,-1.414,-2.000,-2.000,-2.000,-2.000,-2.000,-2.000,-2.000,-2.000,-2.000,-2.000,-2.000,-2.000,-2.000,-2.000,-2.000,-1.414,-1.000,1.000,2.000,2.828,2.236,1.414,1.000,-1.000,-1.414,-2.000,-2.236,-2.828,-3.000,-3.000,-3.000,-3.000,-2.828,-2.236,-2.000,-2.000,-1.414,-1.000,-1.000,-1.000,1.000,1.414,2.236,3.606,2.828,2.236,1.414,1.000,-1.000,-1.000,-1.414,-2.000,-2.236,-2.828,-2.828,-2.236,-2.000,-1.414,-1.000,-1.000,-1.000,1.000,1.000,1.000,1.414,2.236,2.828,4.243,3.606,2.828,2.236,1.414,1.000,1.000,-1.000,-1.000,-1.414,-2.000,-2.000,-1.414,-1.000,-1.000,1.000,1.000,1.000,1.414,2.000,2.000,2.236,2.828,3.606,5.000,4.243,3.606,2.828,2.236,2.000,1.414,1.000,1.000,-1.000,-1.000,-1.000,-1.000,1.000,1.000,1.414,2.000,2.000,2.236,2.828,3.000,3.162,3.606,4.243,5.657,5.000,4.243,3.606,3.162,2.828,2.236,2.000,1.414,1.000,1.000,1.000,1.000,1.414,2.000,2.236,2.828,3.000,3.162,3.606,4.000,4.123,4.472,5.000,6.403,5.657,5.000,4.472,4.123,3.606,3.162,2.828,2.236,2.000,2.000,2.000,2.000,2.236,2.828,3.162,3.606,4.000,4.123,4.472,5.000,5.099,5.385,5.831,7.071,6.403,5.831,5.385,5.000,4.472,4.123,3.606,3.162,3.000,3.000,3.000,3.000,3.162,3.606,4.123,4.472,5.000,5.099,5.385,5.831,6.083,6.325,6.708,7.810,7.211,6.708,6.325,5.831,5.385,5.000,4.472,4.123,4.000,4.000,4.000,4.000,4.123,4.472,5.000,5.385,5.831,6.083,6.325,6.708,7.071,7.280,7.616,8.602,8.062,7.616,7.211,6.708,6.325,5.831,5.385,5.099,5.000,5.000,5.000,5.000,5.099,5.385,5.831,6.325,6.708,7.071,7.280,7.616,8.062,8.246,8.544,9.434,8.944,8.544,8.062,7.616,7.211,6.708,6.325,6.083,6.000,6.000,6.000,6.000,6.083,6.325,6.708,7.211,7.616,8.062,8.246,8.544,8.944,9.220,9.487,0.5702,-0.1221
6.403,5.657,5.000,4.472,4.123,4.000,4.000,4.000,4.000,4.000,4.000,4.000,4.000,4.000,4.000,4.000,4.000,4.000,4.000,4.123,4.472,5.000,5.657,6.403,5.831,5.000,4.243,3.606,3.162,3.000,3.000,3.000,3.000,3.000,3.000,3.000,3.000,3.000,3.000,3.000,3.000,3.000,3.000,3.162,3.606,4.243,5.000,5.831,5.385,4.472,3.606,2.828,2.236,2.000,2.000,2.000,2.000,2.000,2.000,2.000,2.000,2.000,2.000,2.000,2.000,2.000,2.000,2.236,2.828,3.606,4.472,5.385,5.099,4.123,3.162,2.236,1.414,1.000,1.000,1.000,1.000,1.000,1.000,1.000,1.000,1.000,1.000,1.000,1.000,1.000,1.000,1.414,2.236,3.162,4.123,5.099,5.000,4.000,3.000,2.000,1.000,-1.000,-1.000,-1.000,-1.000,-1.000,-1.000,-1.000,-1.000,-1.000,-1.000,-1.000,-1.000,-1.000,-1.000,1.000,2.000,3.000,4.000,5.000,5.099,4.123,3.162,2.236,1.414,1.000,-1.000,-1.414,-2.000,-2.000,-2.000,-2.000,-2.000,-2.000,-2.000,-2.000,-2.000,-2.000,-1.000,1.000,2.000,3.000,4.000,5.000,5.385,4.472,3.606,2.828,2.236,1.414,1.000,-1.000,-1.414,-2.236,-2.828,-3.000,-3.000,-3.000,-2.828,-2.236,-2.000,-2.000,-1.000,1.000,2.000,3.000,4.000,5.000,5.831,5.000,4.243,3.606,2.828,2.236,1.414,1.000,-1.000,-1.414,-2.236,-3.162,-2.828,-2.236,-2.000,-1.414,-1.000,-1.000,-1.000,1.000,2.000,3.000,4.000,5.000,6.403,5.657,5.000,4.243,3.606,2.828,2.236,1.414,1.000,-1.000,-2.000,-2.828,-2.236,-1.414,-1.000,-1.000,1.000,1.000,1.000,1.414,2.236,3.162,4.123,5.099,7.071,6.403,5.657,5.000,4.243,3.606,2.828,2.000,1.000,-1.000,-1.414,-2.236,-1.414,-1.000,1.000,1.000,1.414,2.000,2.000,2.236,2.828,3.606,4.472,5.385,7.810,7.071,6.403,5.657,5.000,4.123,3.162,2.236,1.414,1.000,-1.000,-1.414,-1.000,1.000,1.414,2.000,2.236,2.828,3.000,3.162,3.606,4.243,5.000,5.831,8.485,7.810,7.071,6.325,5.385,4.472,3.606,2.828,2.236,1.414,1.000,-1.000,1.000,1.414,2.236,2.828,3.162,3.606,4.000,4.123,4.472,5.000,5.657,6.403,9.220,8.485,7.616,6.708,5.831,5.000,4.243,3.606,2.828,2.236,1.414,1.000,1.414,2.236,2.828,3.606,4.123,4.472,5.000,5.099,5.385,5.831,6.403,7.071,9.849,8.944,8.062,7.211,6.403,5.657,5.000,4.243,3.606,2.828,2.236,2.000,2.236,2.828,3.606,4.243,5.000,5.385,5.831,6.083,6.325,6.708,7.211,7.810,10.296,9.434,8.602,7.810,7.071,6.403,5.657,5.000,4.243,3.606,3.162,3.000,3.162,3.606,4.243,5.000,5.657,6.325,6.708,7.071,7.280,7.616,8.062,8.602,10.817,10.000,9.220,8.485,7.810,7.071,6.403,5.657,5.000,4.472,4.123,4.000,4.123,4.472,5.000,5.657,6.403,7.071,7.616,8.062,8.246,8.544,8.944,9.434,0.8302,0.0157
7.810,7.211,6.708,6.325,6.083,6.000,6.000,6.000,6.000,6.000,6.000,6.000,6.000,6.000,6.000,6.000,6.000,6.000,6.000,6.083,6.325,6.708,7.211,7.810,7.071,6.403,5.831,5.385,5.099,5.000,5.000,5.000,5.000,5.000,5.000,5.000,5.000,5.000,5.000,5.000,5.000,5.000,5.000,5.099,5.385,5.831,6.403,7.071,6.403,5.657,5.000,4.472,4.123,4.000,4.000,4.000,4.000,4.000,4.000,4.000,4.000,4.000,4.000,4.000,4.000,4.000,4.000,4.123,4.472,5.000,5.657,6.403,5.831,5.000,4.243,3.606,3.162,3.000,3.000,3.000,3.000,3.000,3.000,3.000,3.000,3.000,3.000,3.000,3.000,3.000,3.000,3.162,3.606,4.243,5.000,5.831,5.385,4.472,3.606,2.828,2.236,2.000,2.000,2.000,2.000,2.000,2.000,2.000,2.000,2.000,2.000,2.000,2.000,2.000,2.000,2.236,2.828,3.606,4.472,5.385,5.099,4.123,3.162,2.236,1.414,1.000,1.000,1.000,1.000,1.000,1.000,1.000,1.000,1.000,1.000,1.000,1.000,1.000,1.000,1.414,2.236,3.162,4.123,5.099,5.000,4.000,3.000,2.000,1.000,-1.000,-1.000,-1.000,-1.000,-1.000,-1.000,-1.000,-1.000,-1.000,-1.000,-1.000,-1.000,-1.000,-1.000,1.000,2.000,3.000,4.000,5.000,5.000,4.000,3.000,2.000,1.000,-1.000,-1.414,-2.000,-2.000,-2.000,-2.000,-2.000,-2.000,-2.000,-2.000,-2.000,-2.000,-2.000,-1.000,1.000,2.000,3.000,4.000,5.000,5.099,4.123,3.162,2.236,1.414,1.000,-1.000,-2.000,-2.828,-3.000,-3.000,-3.000,-3.000,-3.000,-3.000,-3.000,-3.000,-2.000,-1.000,1.000,2.000,3.000,4.000,5.000,5.385,4.472,3.606,2.828,2.000,1.000,-1.000,-1.414,-2.236,-2.828,-3.606,-4.000,-4.000,-4.000,-4.000,-4.000,-3.000,-2.000,-1.000,1.000,2.000,3.000,4.000,5.000,5.831,5.000,4.123,3.162,2.236,1.414,1.000,-1.000,-1.414,-2.236,-3.162,-4.123,-5.000,-4.472,-4.123,-3.606,-3.000,-2.000,-1.000,1.000,2.000,3.000,4.000,5.000,6.325,5.385,4.472,3.606,2.828,2.236,1.414,1.000,-1.000,-2.000,-2.828,-3.606,-4.243,-3.606,-3.162,-2.828,-2.236,-2.000,-1.000,1.000,2.000,3.000,4.000,5.000,6.708,5.831,5.000,4.243,3.606,2.828,2.000,1.000,-1.000,-1.414,-2.236,-3.162,-3.606,-2.828,-2.236,-2.000,-1.414,-1.000,-1.000,1.000,2.000,3.000,4.000,5.000,7.211,6.403,5.657,5.000,4.123,3.162,2.236,1.414,1.000,-1.000,-2.000,-2.828,-2.828,-2.236,-1.414,-1.000,-1.000,1.000,1.000,1.414,2.236,3.162,4.123,5.099,7.810,7.071,6.325,5.385,4.472,3.606,2.828,2.000,1.000,-1.000,-1.414,-2.236,-2.236,-1.414,-1.000,1.000,1.000,1.414,2.000,2.236,2.828,3.606,4.472,5.385,8.485,7.616,6.708,5.831,5.000,4.123,3.162,2.236,1.414,1.000,-1.000,-2.000,-2.000,-1.000,1.000,1.414,2.000,2.236,2.828,3.162,3.606,4.243,5.000,5.831,1.0505,0.0232
6.403,5.831,5.385,5.099,5.000,5.000,5.000,5.000,5.000,5.000,5.000,5.000,5.000,5.000,5.000,5.000,5.000,5.000,5.000,5.000,5.099,5.385,5.831,6.403,5.657,5.000,4.472,4.123,4.000,4.000,4.000,4.000,4.000,4.000,4.000,4.000,4.000,4.000,4.000,4.000,4.000,4.000,4.000,4.000,4.123,4.472,5.000,5.657,5.000,4.243,3.606,3.162,3.000,3.000,3.000,3.000,3.000,3.000,3.000,3.000,3.000,3.000,3.000,3.000,3.000,3.000,3.000,3.000,3.162,3.606,4.243,5.000,4.472,3.606,2.828,2.236,2.000,2.000,2.000,2.000,2.000,2.000,2.000,2.000,2.000,2.000,2.000,2.000,2.000,2.000,2.000,2.000,2.236,2.828,3.606,4.472,4.123,3.162,2.236,1.414,1.000,1.000,1.000,1.000,1.000,1.000,1.000,1.000,1.000,1.000,1.000,1.000,1.000,1.000,1.000,1.000,1.414,2.236,3.162,4.123,4.000,3.000,2.000,1.000,-1.000,-1.000,-1.000,-1.000,-1.000,-1.000,-1.000,-1.000,-1.000,-1.000,-1.000,-1.000,-1.000,-1.000,-1.000,-1.000,1.000,2.000,3.000,4.000,4.123,3.162,2.236,1.414,1.000,-1.000,-1.414,-2.000,-2.000,-2.000,-2.000,-2.000,-2.000,-2.000,-2.000,-2.000,-2.000,-2.000,-2.000,-1.000,1.000,2.000,3.000,4.000,4.472,3.606,2.828,2.236,1.414,1.000,-1.000,-1.414,-2.236,-3.000,-3.000,-3.000,-3.000,-3.000,-3.000,-2.828,-2.236,-2.000,-1.414,-1.000,1.000,2.000,3.000,4.000,5.000,4.243,3.606,2.828,2.236,1.414,1.000,-1.000,-2.000,-2.828,-3.606,-4.000,-4.000,-3.606,-2.828,-2.236,-1.414,-1.000,-1.000,1.000,1.414,2.236,3.162,4.123,5.657,5.000,4.243,3.606,2.828,2.000,1.000,-1.000,-1.414,-2.236,-3.162,-4.123,-3.606,-2.828,-2.236,-1.414,-1.000,1.000,1.000,1.414,2.236,2.828,3.606,4.472,6.403,5.657,5.000,4.123,3.162,2.236,1.414,1.000,-1.000,-2.000,-3.000,-4.000,-3.162,-2.236,-1.414,-1.000,1.000,1.414,2.000,2.236,2.828,3.606,4.243,5.000,7.071,6.325,5.385,4.472,3.606,2.828,2.000,1.000,-1.000,-2.000,-2.828,-3.606,-2.828,-2.000,-1.000,1.000,1.414,2.236,2.828,3.162,3.606,4.243,5.000,5.657,7.616,6.708,5.831,5.000,4.000,3.000,2.000,1.000,-1.000,-1.414,-2.236,-3.162,-2.236,-1.414,-1.000,1.000,2.000,2.828,3.606,4.123,4.472,5.000,5.657,6.403,8.062,7.071,6.083,5.099,4.123,3.162,2.236,1.414,1.000,-1.000,-2.000,-2.828,-2.000,-1.000,1.000,1.414,2.236,3.162,4.123,5.000,5.385,5.831,6.403,7.071,8.246,7.280,6.325,5.385,4.472,3.606,2.828,2.000,1.000,-1.000,-1.414,-2.236,-1.414,-1.000,1.000,2.000,2.828,3.606,4.472,5.385,6.325,6.708,7.211,7.810,8.544,7.616,6.708,5.831,5.000,4.123,3.162,2.236,1.414,1.000,-1.000,-2.000,-1.000,1.000,1.414,2.236,3.162,4.123,5.000,5.831,6.708,7.616,8.062,8.602,1.1306,0.0570
7.211,6.708,6.325,6.083,6.000,6.000,6.000,6.000,6.000,6.000,6.000,6.000,6.000,6.000,6.000,6.000,6.000,6.000,6.000,6.083,6.325,6.708,7.211,7.810,6.403,5.831,5.385,5.099,5.000,5.000,5.000,5.000,5.000,5.000,5.000,5.000,5.000,5.000,5.000,5.000,5.000,5.000,5.000,5.099,5.385,5.831,6.403,7.071,5.657,5.000,4.472,4.123,4.000,4.000,4.000,4.000,4.000,4.000,4.000,4.000,4.000,4.000,4.000,4.000,4.000,4.000,4.000,4.123,4.472,5.000,5.657,6.403,5.000,4.243,3.606,3.162,3.000,3.000,3.000,3.000,3.000,3.000,3.000,3.000,3.000,3.000,3.000,3.000,3.000,3.000,3.000,3.162,3.606,4.243,5.000,5.831,4.472,3.606,2.828,2.236,2.000,2.000,2.000,2.000,2.000,2.000,2.000,2.000,2.000,2.000,2.000,2.000,2.000,2.000,2.000,2.236,2.828,3.606,4.472,5.385,4.123,3.162,2.236,1.414,1.000,1.000,1.000,1.000,1.000,1.000,1.000,1.000,1.000,1.000,1.000,1.000,1.000,1.000,1.000,1.414,2.236,3.162,4.123,5.099,4.000,3.000,2.000,1.000,-1.000,-1.000,-1.000,-1.000,-1.000,-1.000,-1.000,-1.000,-1.000,-1.000,-1.000,-1.000,-1.000,-1.000,-1.000,1.000,2.000,3.000,4.000,5.000,4.123,3.162,2.236,1.414,1.000,1.000,-1.000,-1.000,-1.414,-2.000,-2.000,-2.000,-2.000,-1.414,-1.000,-1.000,1.000,1.000,1.000,1.414,2.236,3.162,4.123,5.099,4.472,3.606,2.828,2.236,2.000,1.414,1.000,1.000,-1.000,-1.414,-2.000,-2.000,-1.414,-1.000,1.000,1.000,1.414,2.000,2.000,2.236,2.828,3.606,4.472,5.385,5.000,4.243,3.606,3.162,2.828,2.236,2.000,1.414,1.000,-1.000,-1.000,-1.000,-1.000,1.000,1.414,2.000,2.236,2.828,3.000,3.162,3.606,4.243,5.000,5.831,5.657,5.000,4.472,4.123,3.606,3.162,2.828,2.236,1.414,1.000,1.000,1.000,1.000,1.414,2.236,2.828,3.162,3.606,4.000,4.123,4.472,5.000,5.657,6.403,6.403,5.831,5.385,5.000,4.472,4.123,3.606,2.828,2.236,2.000,2.000,2.000,2.000,2.236,2.828,3.606,4.123,4.472,5.000,5.099,5.385,5.831,6.403,7.071,7.211,6.708,6.325,5.831,5.385,5.000,4.243,3.606,3.162,3.000,3.000,3.000,3.000,3.162,3.606,4.243,5.000,5.385,5.831,6.083,6.325,6.708,7.211,7.810,8.062,7.616,7.211,6.708,6.325,5.657,5.000,4.472,4.123,4.000,4.000,4.000,4.000,4.123,4.472,5.000,5.657,6.325,6.708,7.071,7.280,7.616,8.062,8.602,8.944,8.544,8.062,7.616,7.071,6.403,5.831,5.385,5.099,5.000,5.000,5.000,5.000,5.099,5.385,5.831,6.403,7.071,7.616,8.062,8.246,8.544,8.944,9.434,9.849,9.434,8.944,8.485,7.810,7.211,6.708,6.325,6.083,6.000,6.000,6.000,6.000,6.083,6.325,6.708,7.211,7.810,8.485,8.944,9.220,9.487,9.849,10.296,0.4772,0.0167
4.243,3.606,3.162,3.000,3.000,3.000,3.000,3.000,3.000,3.000,3.000,3.000,3.000,3.000,3.000,3.000,3.000,3.000,3.000,3.000,3.000,3.162,3.606,4.243,3.606,2.828,2.236,2.000,2.000,2.000,2.000,2.000,2.000,2.000,2.000,2.000,2.000,2.000,2.000,2.000,2.000,2.000,2.000,2.000,2.000,2.236,2.828,3.606,3.162,2.236,1.414,1.000,1.000,1.000,1.000,1.000,1.000,1.000,1.000,1.000,1.000,1.000,1.000,1.000,1.000,1.000,1.000,1.000,1.000,1.414,2.236,3.162,3.000,2.000,1.000,-1.000,-1.000,-1.000,-1.000,-1.000,-1.000,-1.000,-1.000,-1.000,-1.000,-1.000,-1.000,-1.000,-1.000,-1.000,-1.000,-1.000,-1.000,1.000,2.000,3.000,3.162,2.236,1.414,1.000,1.000,-1.000,-1.414,-2.000,-2.000,-2.000,-2.000,-2.000,-2.000,-2.000,-2.000,-2.000,-2.000,-1.414,-1.000,-1.000,-1.000,1.000,2.000,3.000,3.606,2.828,2.236,2.000,1.414,1.000,-1.000,-1.414,-2.236,-2.828,-3.000,-3.000,-2.828,-2.236,-2.000,-1.414,-1.000,-1.000,1.000,1.000,1.000,1.414,2.236,3.162,4.243,3.606,3.162,2.828,2.236,1.414,1.000,-1.000,-1.414,-2.236,-2.828,-2.828,-2.236,-1.414,-1.000,-1.000,1.000,1.000,1.414,2.000,2.000,2.236,2.828,3.606,5.000,4.472,4.123,3.606,2.828,2.236,1.414,1.000,-1.000,-1.414,-2.236,-2.236,-1.414,-1.000,1.000,1.000,1.414,2.000,2.236,2.828,3.000,3.162,3.606,4.243,5.831,5.385,5.000,4.243,3.606,2.828,2.236,1.414,1.000,-1.000,-1.414,-1.414,-1.000,1.000,1.414,2.000,2.236,2.828,3.162,3.606,4.000,4.123,4.472,5.000,6.708,6.325,5.657,5.000,4.243,3.606,2.828,2.236,1.414,1.000,-1.000,-1.000,1.000,1.414,2.236,2.828,3.162,3.606,4.123,4.472,5.000,5.099,5.385,5.831,7.616,7.071,6.403,5.657,5.000,4.243,3.606,2.828,2.236,1.414,1.000,1.000,1.414,2.236,2.828,3.606,4.123,4.472,5.000,5.385,5.831,6.083,6.325,6.708,8.485,7.810,7.071,6.403,5.657,5.000,4.243,3.606,2.828,2.236,2.000,2.000,2.236,2.828,3.606,4.243,5.000,5.385,5.831,6.325,6.708,7.071,7.280,7.616,9.220,8.485,7.810,7.071,6.403,5.657,5.000,4.243,3.606,3.162,3.000,3.000,3.162,3.606,4.243,5.000,5.657,6.325,6.708,7.211,7.616,8.062,8.246,8.544,9.899,9.220,8.485,7.810,7.071,6.403,5.657,5.000,4.472,4.123,4.000,4.000,4.123,4.472,5.000,5.657,6.403,7.071,7.616,8.062,8.544,8.944,9.220,9.487,10.630,9.899,9.220,8.485,7.810,7.071,6.403,5.831,5.385,5.099,5.000,5.000,5.099,5.385,5.831,6.403,7.071,7.810,8.485,8.944,9.434,9.849,10.198,10.440,11.314,10.630,9.899,9.220,8.485,7.810,7.211,6.708,6.325,6.083,6.000,6.000,6.083,6.325,6.708,7.211,7.810,8.485,9.220,9.849,10.296,10.770,11.180,11.402,0.7805,-0.1098
5.385,5.099,5.000,5.000,5.000,5.000,5.000,5.000,5.000,5.000,5.000,5.000,5.000,5.000,5.000,5.000,5.000,5.000,5.000,5.000,5.000,5.000,5.000,5.099,4.472,4.123,4.000,4.000,4.000,4.000,4.000,4.000,4.000,4.000,4.000,4.000,4.000,4.000,4.000,4.000,4.000,4.000,4.000,4.000,4.000,4.000,4.000,4.123,3.606,3.162,3.000,3.000,3.000,3.000,3.000,3.000,3.000,3.000,3.000,3.000,3.000,3.000,3.000,3.000,3.000,3.000,3.000,3.000,3.000,3.000,3.000,3.162,2.828,2.236,2.000,2.000,2.000,2.000,2.000,2.000,2.000,2.000,2.000,2.000,2.000,2.000,2.000,2.000,2.000,2.000,2.000,2.000,2.000,2.000,2.000,2.236,2.236,1.414,1.000,1.000,1.000,1.000,1.000,1.000,1.000,1.000,1.000,1.000,1.000,1.000,1.000,1.000,1.000,1.000,1.000,1.000,1.000,1.000,1.000,1.414,2.000,1.000,-1.000,-1.000,-1.000,-1.000,-1.000,-1.000,-1.000,-1.000,-1.000,-1.000,-1.000,-1.000,-1.000,-1.000,-1.000,-1.000,-1.000,-1.000,-1.000,-1.000,-1.000,1.000,2.236,1.414,1.000,1.000,1.000,1.000,-1.000,-1.000,-1.000,-1.414,-2.000,-2.000,-2.000,-2.000,-2.000,-2.000,-2.000,-2.000,-2.000,-2.000,-2.000,-2.000,-1.000,1.000,2.828,2.236,2.000,2.000,2.000,1.414,1.000,1.000,1.000,-1.000,-1.000,-1.000,-1.000,-1.000,-1.000,-1.000,-1.000,-1.000,-1.000,-1.000,-1.000,-1.000,-1.000,1.000,3.606,3.162,3.000,3.000,2.828,2.236,2.000,2.000,1.414,1.000,1.000,1.000,1.000,1.000,1.000,1.000,1.000,1.000,1.000,1.000,1.000,1.000,1.000,1.414,4.472,4.123,4.000,4.000,3.606,3.162,3.000,2.828,2.236,2.000,2.000,2.000,2.000,2.000,2.000,2.000,2.000,2.000,2.000,2.000,2.000,2.000,2.000,2.236,5.385,5.099,5.000,5.000,4.472,4.123,4.000,3.606,3.162,3.000,3.000,3.000,3.000,3.000,3.000,3.000,3.000,3.000,3.000,3.000,3.000,3.000,3.000,3.162,6.325,6.083,6.000,5.831,5.385,5.099,5.000,4.472,4.123,4.000,4.000,4.000,4.000,4.000,4.000,4.000,4.000,4.000,4.000,4.000,4.000,4.000,4.000,4.123,7.280,7.071,7.000,6.708,6.325,6.083,5.831,5.385,5.099,5.000,5.000,5.000,5.000,5.000,5.000,5.000,5.000,5.000,5.000,5.000,5.000,5.000,5.000,5.099,8.246,8.062,8.000,7.616,7.280,7.071,6.708,6.325,6.083,6.000,6.000,6.000,6.000,6.000,6.000,6.000,6.000,6.000,6.000,6.000,6.000,6.000,6.000,6.083,9.220,9.055,8.944,8.544,8.246,8.062,7.616,7.280,7.071,7.000,7.000,7.000,7.000,7.000,7.000,7.000,7.000,7.000,7.000,7.000,7.000,7.000,7.000,7.071,10.198,10.050,9.849,9.487,9.220,8.944,8.544,8.246,8.062,8.000,8.000,8.000,8.000,8.000,8.000,8.000,8.000,8.000,8.000,8.000,8.000,8.000,8.000,8.062,0.5780,0.0190
3.162,3.000,3.000,3.000,3.000,3.000,3.000,3.000,3.000,3.000,3.000,3.000,3.000,3.000,3.000,3.000,3.000,3.000,3.000,3.000,3.000,3.000,3.000,3.162,2.236,2.000,2.000,2.000,2.000,2.000,2.000,2.000,2.000,2.000,2.000,2.000,2.000,2.000,2.000,2.000,2.000,2.000,2.000,2.000,2.000,2.000,2.000,2.236,1.414,1.000,1.000,1.000,1.000,1.000,1.000,1.000,1.000,1.000,1.000,1.000,1.000,1.000,1.000,1.000,1.000,1.000,1.000,1.000,1.000,1.000,1.000,1.414,1.000,-1.000,-1.000,-1.000,-1.000,-1.000,-1.000,-1.000,-1.000,-1.000,-1.000,-1.000,-1.000,-1.000,-1.000,-1.000,-1.000,-1.000,-1.000,-1.000,-1.000,-1.000,-1.000,1.000,1.414,1.000,-1.000,-1.414,-2.000,-2.000,-2.000,-2.000,-2.000,-2.000,-2.000,-2.000,-2.000,-2.000,-2.000,-2.000,-2.000,-2.000,-2.000,-2.000,-2.000,-2.000,-1.000,1.000,2.236,1.414,1.000,-1.000,-2.000,-2.828,-3.000,-3.000,-3.000,-3.000,-3.000,-3.000,-3.000,-3.000,-3.000,-3.000,-3.000,-3.000,-3.000,-3.000,-3.000,-2.000,-1.000,1.000,2.828,2.000,1.000,-1.000,-1.414,-2.236,-2.828,-3.162,-3.606,-4.000,-4.000,-4.000,-4.000,-4.000,-4.000,-4.000,-4.000,-4.000,-4.000,-4.000,-3.000,-2.000,-1.000,1.000,3.162,2.236,1.414,1.000,-1.000,-1.414,-2.000,-2.236,-2.828,-3.606,-4.243,-5.000,-5.000,-5.000,-5.000,-5.000,-5.000,-5.000,-5.000,-4.000,-3.000,-2.000,-1.000,1.000,3.606,2.828,2.236,1.414,1.000,-1.000,-1.000,-1.414,-2.236,-2.828,-3.606,-4.000,-4.123,-4.000,-4.000,-4.000,-4.000,-4.000,-4.000,-4.000,-3.000,-2.000,-1.000,1.000,4.243,3.606,2.828,2.236,1.414,1.000,1.000,-1.000,-1.414,-2.236,-2.828,-3.000,-3.162,-3.000,-3.000,-3.000,-3.000,-3.000,-3.000,-3.000,-3.000,-2.000,-1.000,1.000,5.000,4.243,3.606,2.828,2.236,2.000,1.414,1.000,-1.000,-1.414,-2.000,-2.000,-2.236,-2.000,-2.000,-2.000,-2.000,-2.000,-2.000,-2.000,-2.000,-2.000,-1.000,1.000,5.657,5.000,4.243,3.606,3.162,2.828,2.236,1.414,1.000,-1.000,-1.000,-1.000,-1.414,-1.000,-1.000,-1.000,-1.000,-1.000,-1.000,-1.000,-1.000,-1.000,-1.000,1.000,6.403,5.657,5.000,4.472,4.123,3.606,2.828,2.236,1.414,1.000,1.000,1.000,-1.000,1.000,1.000,1.000,1.000,1.000,1.000,1.000,1.000,1.000,1.000,1.414,7.071,6.403,5.831,5.385,5.000,4.243,3.606,2.828,2.236,2.000,2.000,1.414,1.000,1.414,2.000,2.000,2.000,2.000,2.000,2.000,2.000,2.000,2.000,2.236,7.810,7.211,6.708,6.325,5.657,5.000,4.243,3.606,3.162,3.000,2.828,2.236,2.000,2.236,2.828,3.000,3.000,3.000,3.000,3.000,3.000,3.000,3.000,3.162,8.602,8.062,7.616,7.071,6.403,5.657,5.000,4.472,4.123,4.000,3.606,3.162,3.000,3.162,3.606,4.000,4.000,4.000,4.000,4.000,4.000,4.000,4.000,4.123,1.0660,-0.1223
5.657,5.000,4.472,4.123,4.000,4.000,4.000,4.000,4.000,4.000,4.000,4.000,4.000,4.000,4.000,4.000,4.000,4.000,4.000,4.000,4.000,4.123,4.472,5.000,5.000,4.243,3.606,3.162,3.000,3.000,3.000,3.000,3.000,3.000,3.000,3.000,3.000,3.000,3.000,3.000,3.000,3.000,3.000,3.000,3.000,3.162,3.606,4.243,4.472,3.606,2.828,2.236,2.000,2.000,2.000,2.000,2.000,2.000,2.000,2.000,2.000,2.000,2.000,2.000,2.000,2.000,2.000,2.000,2.000,2.236,2.828,3.606,4.123,3.162,2.236,1.414,1.000,1.000,1.000,1.000,1.000,1.000,1.000,1.000,1.000,1.000,1.000,1.000,1.000,1.000,1.000,1.000,1.000,1.414,2.236,3.162,4.000,3.000,2.000,1.000,-1.000,-1.000,-1.000,-1.000,-1.000,-1.000,-1.000,-1.000,-1.000,-1.000,-1.000,-1.000,-1.000,-1.000,-1.000,-1.000,-1.000,1.000,2.000,3.000,4.123,3.162,2.236,1.414,1.000,1.000,-1.000,-1.414,-2.000,-2.000,-2.000,-2.000,-2.000,-2.000,-2.000,-2.000,-1.414,-1.000,-1.000,1.000,1.000,1.414,2.236,3.162,4.472,3.606,2.828,2.236,2.000,1.414,1.000,-1.000,-1.000,-1.414,-2.236,-2.236,-2.000,-1.414,-1.000,-1.000,-1.000,1.000,1.000,1.414,2.000,2.236,2.828,3.606,5.000,4.243,3.606,3.162,2.828,2.236,1.414,1.000,1.000,-1.000,-1.414,-1.414,-1.000,-1.000,1.000,1.000,1.000,1.414,2.000,2.236,2.828,3.162,3.606,4.243,5.657,5.000,4.472,4.123,3.606,2.828,2.236,2.000,1.414,1.000,-1.000,-1.000,1.000,1.000,1.414,2.000,2.000,2.236,2.828,3.162,3.606,4.123,4.472,5.000,6.403,5.831,5.385,5.000,4.243,3.606,3.162,2.828,2.236,1.414,1.000,1.000,1.414,2.000,2.236,2.828,3.000,3.162,3.606,4.123,4.472,5.000,5.385,5.831,7.211,6.708,6.325,5.657,5.000,4.472,4.123,3.606,2.828,2.236,2.000,2.000,2.236,2.828,3.162,3.606,4.000,4.123,4.472,5.000,5.385,5.831,6.325,6.708,8.062,7.616,7.071,6.403,5.831,5.385,5.000,4.243,3.606,3.162,3.000,3.000,3.162,3.606,4.123,4.472,5.000,5.099,5.385,5.831,6.325,6.708,7.211,7.616,8.944,8.485,7.810,7.211,6.708,6.325,5.657,5.000,4.472,4.123,4.000,4.000,4.123,4.472,5.000,5.385,5.831,6.083,6.325,6.708,7.211,7.616,8.062,8.544,9.849,9.220,8.602,8.062,7.616,7.071,6.403,5.831,5.385,5.099,5.000,5.000,5.099,5.385,5.831,6.325,6.708,7.071,7.280,7.616,8.062,8.544,8.944,9.434,10.630,10.000,9.434,8.944,8.485,7.810,7.211,6.708,6.325,6.083,6.000,6.000,6.083,6.325,6.708,7.211,7.616,8.062,8.246,8.544,8.944,9.434,9.849,10.296,11.402,10.817,10.296,9.849,9.220,8.602,8.062,7.616,7.280,7.071,7.000,7.000,7.071,7.280,7.616,8.062,8.544,8.944,9.220,9.487,9.849,10.296,10.770,11.180,0.5198,-0.1741
5.831,5.385,5.099,5.000,5.000,5.000,5.000,5.000,5.000,5.000,5.000,5.000,5.000,5.000,5.000,5.000,5.000,5.000,5.000,5.000,5.000,5.000,5.099,5.385,5.000,4.472,4.123,4.000,4.000,4.000,4.000,4.000,4.000,4.000,4.000,4.000,4.000,4.000,4.000,4.000,4.000,4.000,4.000,4.000,4.000,4.000,4.123,4.472,4.243,3.606,3.162,3.000,3.000,3.000,3.000,3.000,3.000,3.000,3.000,3.000,3.000,3.000,3.000,3.000,3.000,3.000,3.000,3.000,3.000,3.000,3.162,3.606,3.606,2.828,2.236,2.000,2.000,2.000,2.000,2.000,2.000,2.000,2.000,2.000,2.000,2.000,2.000,2.000,2.000,2.000,2.000,2.000,2.000,2.000,2.236,2.828,3.162,2.236,1.414,1.000,1.000,1.000,1.000,1.000,1.000,1.000,1.000,1.000,1.000,1.000,1.000,1.000,1.000,1.000,1.000,1.000,1.000,1.000,1.414,2.236,3.000,2.000,1.000,-1.000,-1.000,-1.000,-1.000,-1.000,-1.000,-1.000,-1.000,-1.000,-1.000,-1.000,-1.000,-1.000,-1.000,-1.000,-1.000,-1.000,-1.000,-1.000,1.000,2.000,3.162,2.236,1.414,1.000,-1.000,-1.414,-2.000,-2.000,-2.000,-2.000,-2.000,-2.000,-2.000,-2.000,-2.000,-2.000,-2.000,-2.000,-2.000,-2.000,-2.000,-1.000,1.000,2.000,3.606,2.828,2.236,1.414,1.000,-1.000,-1.414,-2.236,-2.828,-3.000,-3.000,-3.000,-3.000,-3.000,-3.000,-3.000,-3.000,-3.000,-3.000,-3.000,-2.000,-1.000,1.000,2.000,4.243,3.606,2.828,2.236,1.414,1.000,-1.000,-1.414,-2.236,-2.828,-3.606,-4.000,-4.000,-4.000,-4.000,-4.000,-3.606,-3.162,-3.000,-3.000,-2.000,-1.000,1.000,2.000,5.000,4.243,3.606,2.828,2.236,1.414,1.000,-1.000,-1.414,-2.236,-2.828,-3.606,-3.606,-3.162,-3.000,-3.000,-2.828,-2.236,-2.000,-2.000,-2.000,-1.000,1.000,2.000,5.657,5.000,4.243,3.606,2.828,2.236,1.414,1.000,-1.000,-1.414,-2.236,-2.828,-2.828,-2.236,-2.000,-2.000,-2.000,-1.414,-1.000,-1.000,-1.000,-1.000,1.000,2.000,6.403,5.657,5.000,4.243,3.606,2.828,2.236,1.414,1.000,-1.000,-1.414,-2.000,-2.000,-1.414,-1.000,-1.000,-1.000,-1.000,1.000,1.000,1.000,1.000,1.414,2.236,7.071,6.403,5.657,5.000,4.243,3.606,2.828,2.236,1.414,1.000,-1.000,-1.000,-1.000,-1.000,1.000,1.000,1.000,1.000,1.414,2.000,2.000,2.000,2.236,2.828,7.810,7.071,6.403,5.657,5.000,4.243,3.606,2.828,2.236,1.414,1.000,1.000,1.000,1.000,1.414,2.000,2.000,2.000,2.236,2.828,3.000,3.000,3.162,3.606,8.485,7.810,7.071,6.403,5.657,5.000,4.243,3.606,2.828,2.236,2.000,2.000,2.000,2.000,2.236,2.828,3.000,3.000,3.162,3.606,4.000,4.000,4.123,4.472,9.220,8.485,7.810,7.071,6.403,5.657,5.000,4.243,3.606,3.162,3.000,3.000,3.000,3.000,3.162,3.606,4.000,4.000,4.123,4.472,5.000,5.000,5.099,5.385,0.9739,0.0059
6.403,5.657,5.000,4.472,4.123,4.000,4.000,4.000,4.000,4.000,4.000,4.000,4.000,4.000,4.000,4.000,4.000,4.000,4.000,4.000,4.123,4.472,5.000,5.657,5.831,5.000,4.243,3.606,3.162,3.000,3.000,3.000,3.000,3.000,3.000,3.000,3.000,3.000,3.000,3.000,3.000,3.000,3.000,3.000,3.162,3.606,4.243,5.000,5.385,4.472,3.606,2.828,2.236,2.000,2.000,2.000,2.000,2.000,2.000,2.000,2.000,2.000,2.000,2.000,2.000,2.000,2.000,2.000,2.236,2.828,3.606,4.472,5.099,4.123,3.162,2.236,1.414,1.000,1.000,1.000,1.000,1.000,1.000,1.000,1.000,1.000,1.000,1.000,1.000,1.000,1.000,1.000,1.414,2.236,3.162,4.123,5.000,4.000,3.000,2.000,1.000,-1.000,-1.000,-1.000,-1.000,-1.000,-1.000,-1.000,-1.000,-1.000,-1.000,-1.000,-1.000,-1.000,-1.000,-1.000,1.000,2.000,3.000,4.000,5.099,4.123,3.162,2.236,1.414,1.000,1.000,-1.000,-1.414,-2.000,-2.000,-2.000,-2.000,-2.000,-2.000,-2.000,-1.414,-1.000,-1.000,-1.000,1.000,2.000,3.000,4.000,5.385,4.472,3.606,2.828,2.236,2.000,1.414,1.000,-1.000,-1.414,-2.000,-2.236,-2.000,-1.414,-1.000,-1.000,-1.000,1.000,1.000,1.000,1.414,2.236,3.162,4.123,5.831,5.000,4.243,3.606,3.162,2.828,2.236,1.414,1.000,-1.000,-1.000,-1.414,-1.000,-1.000,1.000,1.000,1.000,1.414,2.000,2.000,2.236,2.828,3.606,4.472,6.403,5.657,5.000,4.472,4.123,3.606,2.828,2.236,1.414,1.000,1.000,-1.000,1.000,1.000,1.414,2.000,2.000,2.236,2.828,3.000,3.162,3.606,4.243,5.000,7.071,6.403,5.831,5.385,5.000,4.243,3.606,2.828,2.236,2.000,1.414,1.000,1.414,2.000,2.236,2.828,3.000,3.162,3.606,4.000,4.123,4.472,5.000,5.657,7.810,7.211,6.708,6.325,5.657,5.000,4.243,3.606,3.162,2.828,2.236,2.000,2.236,2.828,3.162,3.606,4.000,4.123,4.472,5.000,5.099,5.385,5.831,6.403,8.602,8.062,7.616,7.071,6.403,5.657,5.000,4.472,4.123,3.606,3.162,3.000,3.162,3.606,4.123,4.472,5.000,5.099,5.385,5.831,6.083,6.325,6.708,7.211,9.434,8.944,8.485,7.810,7.071,6.403,5.831,5.385,5.000,4.472,4.123,4.000,4.123,4.472,5.000,5.385,5.831,6.083,6.325,6.708,7.071,7.280,7.616,8.062,10.296,9.849,9.220,8.485,7.810,7.211,6.708,6.325,5.831,5.385,5.099,5.000,5.099,5.385,5.831,6.325,6.708,7.071,7.280,7.616,8.062,8.246,8.544,8.944,11.180,10.630,9.899,9.220,8.602,8.062,7.616,7.211,6.708,6.325,6.083,6.000,6.083,6.325,6.708,7.211,7.616,8.062,8.246,8.544,8.944,9.220,9.487,9.849,12.042,11.314,10.630,10.000,9.434,8.944,8.544,8.062,7.616,7.280,7.071,7.000,7.071,7.280,7.616,8.062,8.544,8.944,9.220,9.487,9.849,10.198,10.440,10.770,0.6375,-0.1376
7.810,7.211,6.708,6.325,6.083,6.000,6.000,6.000,6.000,6.000,6.000,6.000,6.000,6.000,6.000,6.000,6.000,6.000,6.000,6.000,6.083,6.325,6.708,7.211,7.071,6.403,5.831,5.385,5.099,5.000,5.000,5.000,5.000,5.000,5.000,5.000,5.000,5.000,5.000,5.000,5.000,5.000,5.000,5.000,5.099,5.385,5.831,6.403,6.403,5.657,5.000,4.472,4.123,4.000,4.000,4.000,4.000,4.000,4.000,4.000,4.000,4.000,4.000,4.000,4.000,4.000,4.000,4.000,4.123,4.472,5.000,5.657,5.831,5.000,4.243,3.606,3.162,3.000,3.000,3.000,3.000,3.000,3.000,3.000,3.000,3.000,3.000,3.000,3.000,3.000,3.000,3.000,3.162,3.606,4.243,5.000,5.385,4.472,3.606,2.828,2.236,2.000,2.000,2.000,2.000,2.000,2.000,2.000,2.000,2.000,2.000,2.000,2.000,2.000,2.000,2.000,2.236,2.828,3.606,4.472,5.099,4.123,3.162,2.236,1.414,1.000,1.000,1.000,1.000,1.000,1.000,1.000,1.000,1.000,1.000,1.000,1.000,1.000,1.000,1.000,1.414,2.236,3.162,4.123,5.000,4.000,3.000,2.000,1.000,-1.000,-1.000,-1.000,-1.000,-1.000,-1.000,-1.000,-1.000,-1.000,-1.000,-1.000,-1.000,-1.000,-1.000,-1.000,1.000,2.000,3.000,4.000,5.099,4.123,3.162,2.236,1.414,1.000,-1.000,-1.000,-1.414,-2.000,-2.000,-2.000,-2.000,-2.000,-2.000,-2.000,-2.000,-1.414,-1.000,-1.000,1.000,2.000,3.000,4.000,5.385,4.472,3.606,2.828,2.236,1.414,1.000,1.000,-1.000,-2.000,-2.828,-3.000,-2.828,-2.236,-1.414,-1.000,-1.000,-1.000,1.000,1.000,1.414,2.236,3.162,4.123,5.831,5.000,4.243,3.606,2.828,2.236,2.000,1.000,-1.000,-1.414,-2.236,-2.828,-2.236,-1.414,-1.000,1.000,1.000,1.000,1.414,2.000,2.236,2.828,3.606,4.472,6.403,5.657,5.000,4.243,3.606,3.162,2.236,1.414,1.000,-1.000,-1.414,-2.236,-1.414,-1.000,1.000,1.414,2.000,2.000,2.236,2.828,3.162,3.606,4.243,5.000,7.071,6.403,5.657,5.000,4.472,3.606,2.828,2.236,1.414,1.000,-1.000,-1.414,-1.000,1.000,1.414,2.236,2.828,3.000,3.162,3.606,4.123,4.472,5.000,5.657,7.810,7.071,6.403,5.831,5.000,4.243,3.606,2.828,2.236,1.414,1.000,-1.000,1.000,1.414,2.236,2.828,3.606,4.000,4.123,4.472,5.000,5.385,5.831,6.403,8.485,7.810,7.211,6.403,5.657,5.000,4.243,3.606,2.828,2.236,1.414,1.000,1.414,2.236,2.828,3.606,4.243,5.000,5.099,5.385,5.831,6.325,6.708,7.211,9.220,8.602,7.810,7.071,6.403,5.657,5.000,4.243,3.606,2.828,2.236,2.000,2.236,2.828,3.606,4.243,5.000,5.657,6.083,6.325,6.708,7.211,7.616,8.062,10.000,9.220,8.485,7.810,7.071,6.403,5.657,5.000,4.243,3.606,3.162,3.000,3.162,3.606,4.243,5.000,5.657,6.403,7.071,7.280,7.616,8.062,8.544,8.944,0.8604,0.1319
5.000,4.243,3.606,3.162,3.000,3.000,3.000,3.000,3.000,3.000,3.000,3.000,3.000,3.000,3.000,3.000,3.000,3.000,3.000,3.000,3.162,3.606,4.243,5.000,4.472,3.606,2.828,2.236,2.000,2.000,2.000,2.000,2.000,2.000,2.000,2.000,2.000,2.000,2.000,2.000,2.000,2.000,2.000,2.000,2.236,2.828,3.606,4.472,4.123,3.162,2.236,1.414,1.000,1.000,1.000,1.000,1.000,1.000,1.000,1.000,1.000,1.000,1.000,1.000,1.000,1.000,1.000,1.000,1.414,2.236,3.162,4.123,4.000,3.000,2.000,1.000,-1.000,-1.000,-1.000,-1.000,-1.000,-1.000,-1.000,-1.000,-1.000,-1.000,-1.000,-1.000,-1.000,-1.000,-1.000,-1.000,1.000,2.000,3.000,4.000,4.123,3.162,2.236,1.414,1.000,-1.000,-1.414,-2.000,-2.000,-2.000,-2.000,-2.000,-2.000,-2.000,-2.000,-2.000,-2.000,-2.000,-2.000,-1.000,1.000,2.000,3.000,4.000,4.472,3.606,2.828,2.236,1.414,1.000,-1.000,-1.414,-2.236,-2.828,-3.000,-3.000,-3.000,-3.000,-3.000,-2.828,-2.236,-2.000,-2.000,-1.000,1.000,2.000,3.000,4.000,5.000,4.243,3.606,2.828,2.236,1.414,1.000,-1.000,-1.414,-2.236,-2.828,-3.162,-2.828,-2.236,-2.000,-2.000,-1.414,-1.000,-1.000,-1.000,1.000,2.000,3.000,4.000,5.657,5.000,4.243,3.606,2.828,2.236,1.414,1.000,-1.000,-1.414,-2.236,-2.236,-2.000,-1.414,-1.000,-1.000,-1.000,1.000,1.000,1.000,1.414,2.236,3.162,4.123,6.403,5.657,5.000,4.243,3.606,2.828,2.236,1.414,1.000,-1.000,-1.414,-1.414,-1.000,-1.000,1.000,1.000,1.000,1.414,2.000,2.000,2.236,2.828,3.606,4.472,7.071,6.403,5.657,5.000,4.243,3.606,2.828,2.236,1.414,1.000,-1.000,-1.000,1.000,1.000,1.414,2.000,2.000,2.236,2.828,3.000,3.162,3.606,4.243,5.000,7.810,7.071,6.403,5.657,5.000,4.243,3.606,2.828,2.236,1.414,1.000,1.000,1.414,2.000,2.236,2.828,3.000,3.162,3.606,4.000,4.123,4.472,5.000,5.657,8.485,7.810,7.071,6.403,5.657,5.000,4.243,3.606,2.828,2.236,2.000,2.000,2.236,2.828,3.162,3.606,4.000,4.123,4.472,5.000,5.099,5.385,5.831,6.403,9.220,8.485,7.810,7.071,6.403,5.657,5.000,4.243,3.606,3.162,3.000,3.000,3.162,3.606,4.123,4.472,5.000,5.099,5.385,5.831,6.083,6.325,6.708,7.211,9.899,9.220,8.485,7.810,7.071,6.403,5.657,5.000,4.472,4.123,4.000,4.000,4.123,4.472,5.000,5.385,5.831,6.083,6.325,6.708,7.071,7.280,7.616,8.062,10.630,9.899,9.220,8.485,7.810,7.071,6.403,5.831,5.385,5.099,5.000,5.000,5.099,5.385,5.831,6.325,6.708,7.071,7.280,7.616,8.062,8.246,8.544,8.944,11.314,10.630,9.899,9.220,8.485,7.810,7.211,6.708,6.325,6.083,6.000,6.000,6.083,6.325,6.708,7.211,7.616,8.062,8.246,8.544,8.944,9.220,9.487,9.849,0.8115,-0.1025
5.831,5.385,5.099,5.000,5.000,5.000,5.000,5.000,5.000,5.000,5.000,5.000,5.000,5.000,5.000,5.000,5.000,5.000,5.000,5.000,5.000,5.099,5.385,5.831,5.000,4.472,4.123,4.000,4.000,4.000,4.000,4.000,4.000,4.000,4.000,4.000,4.000,4.000,4.000,4.000,4.000,4.000,4.000,4.000,4.000,4.123,4.472,5.000,4.243,3.606,3.162,3.000,3.000,3.000,3.000,3.000,3.000,3.000,3.000,3.000,3.000,3.000,3.000,3.000,3.000,3.000,3.000,3.000,3.000,3.162,3.606,4.243,3.606,2.828,2.236,2.000,2.000,2.000,2.000,2.000,2.000,2.000,2.000,2.000,2.000,2.000,2.000,2.000,2.000,2.000,2.000,2.000,2.000,2.236,2.828,3.606,3.162,2.236,1.414,1.000,1.000,1.000,1.000,1.000,1.000,1.000,1.000,1.000,1.000,1.000,1.000,1.000,1.000,1.000,1.000,1.000,1.000,1.414,2.236,3.162,3.000,2.000,1.000,-1.000,-1.000,-1.000,-1.000,-1.000,-1.000,-1.000,-1.000,-1.000,-1.000,-1.000,-1.000,-1.000,-1.000,-1.000,-1.000,-1.000,-1.000,1.000,2.000,3.000,3.162,2.236,1.414,1.000,-1.000,-2.000,-2.000,-2.000,-2.000,-2.000,-2.000,-2.000,-2.000,-2.000,-2.000,-2.000,-2.000,-2.000,-2.000,-2.000,-1.000,1.000,2.000,3.000,3.606,2.828,2.000,1.000,-1.000,-1.414,-2.236,-2.828,-3.000,-3.000,-3.000,-3.000,-3.000,-3.000,-3.000,-3.000,-3.000,-3.000,-3.000,-2.000,-1.000,1.000,2.000,3.000,4.123,3.162,2.236,1.414,1.000,-1.000,-1.414,-2.236,-3.162,-4.000,-4.000,-4.000,-4.000,-4.000,-4.000,-4.000,-4.000,-4.000,-3.000,-2.000,-1.000,1.000,2.000,3.000,4.472,3.606,2.828,2.236,1.414,1.000,-1.000,-2.000,-2.828,-3.606,-4.243,-5.000,-5.000,-5.000,-5.000,-4.472,-4.123,-4.000,-3.000,-2.000,-1.000,1.000,2.000,3.000,5.000,4.243,3.606,2.828,2.000,1.000,-1.000,-1.414,-2.236,-2.828,-3.606,-4.472,-5.000,-4.472,-4.123,-3.606,-3.162,-3.000,-3.000,-2.000,-1.000,1.000,2.000,3.000,5.657,5.000,4.123,3.162,2.236,1.414,1.000,-1.000,-1.414,-2.236,-3.162,-4.123,-4.243,-3.606,-3.162,-2.828,-2.236,-2.000,-2.000,-2.000,-1.000,1.000,2.000,3.000,6.325,5.385,4.472,3.606,2.828,2.236,1.414,1.000,-1.000,-2.000,-2.828,-3.606,-3.606,-2.828,-2.236,-2.000,-1.414,-1.000,-1.000,-1.000,-1.000,1.000,2.000,3.000,6.708,5.831,5.000,4.243,3.606,2.828,2.000,1.000,-1.000,-1.414,-2.236,-3.162,-2.828,-2.236,-1.414,-1.000,-1.000,1.000,1.000,1.000,1.000,1.414,2.236,3.162,7.211,6.403,5.657,5.000,4.123,3.162,2.236,1.414,1.000,-1.000,-2.000,-3.000,-2.236,-1.414,-1.000,1.000,1.000,1.414,2.000,2.000,2.000,2.236,2.828,3.606,7.810,7.071,6.325,5.385,4.472,3.606,2.828,2.000,1.000,-1.000,-2.000,-3.000,-2.000,-1.000,1.000,1.414,2.000,2.236,2.828,3.000,3.000,3.162,3.606,4.243,1.2152,0.0657
5.000,4.243,3.606,3.162,3.000,3.000,3.000,3.000,3.000,3.000,3.000,3.000,3.000,3.000,3.000,3.000,3.000,3.000,3.000,3.000,3.000,3.162,3.606,4.243,4.472,3.606,2.828,2.236,2.000,2.000,2.000,2.000,2.000,2.000,2.000,2.000,2.000,2.000,2.000,2.000,2.000,2.000,2.000,2.000,2.000,2.236,2.828,3.606,4.123,3.162,2.236,1.414,1.000,1.000,1.000,1.000,1.000,1.000,1.000,1.000,1.000,1.000,1.000,1.000,1.000,1.000,1.000,1.000,1.000,1.414,2.236,3.162,4.000,3.000,2.000,1.000,-1.000,-1.000,-1.000,-1.000,-1.000,-1.000,-1.000,-1.000,-1.000,-1.000,-1.000,-1.000,-1.000,-1.000,-1.000,-1.000,-1.000,1.000,2.000,3.000,4.123,3.162,2.236,1.414,1.000,-1.000,-1.414,-2.000,-2.000,-2.000,-2.000,-2.000,-2.000,-2.000,-2.000,-2.000,-2.000,-2.000,-2.000,-2.000,-1.000,1.000,2.000,3.000,4.472,3.606,2.828,2.236,1.414,1.000,-1.000,-1.414,-2.236,-2.828,-3.000,-3.000,-3.000,-3.000,-3.000,-3.000,-3.000,-3.000,-2.828,-2.000,-1.000,1.000,2.000,3.000,5.000,4.243,3.606,2.828,2.236,1.414,1.000,-1.000,-1.414,-2.236,-3.162,-4.000,-4.000,-3.606,-2.828,-2.236,-2.000,-2.000,-2.000,-1.414,-1.000,1.000,2.000,3.000,5.657,5.000,4.243,3.606,2.828,2.236,1.414,1.000,-1.000,-2.000,-2.828,-3.606,-3.606,-2.828,-2.236,-1.414,-1.000,-1.000,-1.000,-1.000,1.000,1.414,2.236,3.162,6.403,5.657,5.000,4.243,3.606,2.828,2.000,1.000,-1.000,-1.414,-2.236,-2.828,-2.828,-2.236,-1.414,-1.000,1.000,1.000,1.000,1.000,1.414,2.236,2.828,3.606,7.071,6.403,5.657,5.000,4.123,3.162,2.236,1.414,1.000,-1.000,-1.414,-2.236,-2.236,-1.414,-1.000,1.000,1.414,2.000,2.000,2.000,2.236,2.828,3.606,4.243,7.810,7.071,6.325,5.385,4.472,3.606,2.828,2.236,1.414,1.000,-1.000,-2.000,-1.414,-1.000,1.000,1.414,2.236,2.828,3.000,3.000,3.162,3.606,4.243,5.000,8.485,7.616,6.708,5.831,5.000,4.243,3.606,2.828,2.000,1.000,-1.000,-1.000,-1.000,1.000,1.414,2.236,2.828,3.606,4.000,4.000,4.123,4.472,5.000,5.657,8.944,8.062,7.211,6.403,5.657,5.000,4.123,3.162,2.236,1.414,1.000,1.000,1.000,1.414,2.236,2.828,3.606,4.243,5.000,5.000,5.099,5.385,5.831,6.403,9.434,8.602,7.810,7.071,6.325,5.385,4.472,3.606,2.828,2.236,2.000,2.000,2.000,2.236,2.828,3.606,4.243,5.000,5.657,6.000,6.083,6.325,6.708,7.211,10.000,9.220,8.485,7.616,6.708,5.831,5.000,4.243,3.606,3.162,3.000,3.000,3.000,3.162,3.606,4.243,5.000,5.657,6.403,7.000,7.071,7.280,7.616,8.062,10.630,9.849,8.944,8.062,7.211,6.403,5.657,5.000,4.472,4.123,4.000,4.000,4.000,4.123,4.472,5.000,5.657,6.403,7.071,7.810,8.062,8.246,8.544,8.944,1.0132,-0.1346
5.000,4.472,4.123,4.000,4.000,4.000,4.000,4.000,4.000,4.000,4.000,4.000,4.000,4.000,4.000,4.000,4.000,4.000,4.000,4.000,4.000,4.123,4.472,5.000,4.243,3.606,3.162,3.000,3.000,3.000,3.000,3.000,3.000,3.000,3.000,3.000,3.000,3.000,3.000,3.000,3.000,3.000,3.000,3.000,3.000,3.162,3.606,4.243,3.606,2.828,2.236,2.000,2.000,2.000,2.000,2.000,2.000,2.000,2.000,2.000,2.000,2.000,2.000,2.000,2.000,2.000,2.000,2.000,2.000,2.236,2.828,3.606,3.162,2.236,1.414,1.000,1.000,1.000,1.000,1.000,1.000,1.000,1.000,1.000,1.000,1.000,1.000,1.000,1.000,1.000,1.000,1.000,1.000,1.414,2.236,3.162,3.000,2.000,1.000,-1.000,-1.000,-1.000,-1.000,-1.000,-1.000,-1.000,-1.000,-1.000,-1.000,-1.000,-1.000,-1.000,-1.000,-1.000,-1.000,-1.000,-1.000,1.000,2.000,3.000,3.162,2.236,1.414,1.000,-1.000,-2.000,-2.000,-2.000,-2.000,-2.000,-2.000,-2.000,-2.000,-2.000,-2.000,-2.000,-2.000,-2.000,-2.000,-1.414,-1.000,1.000,2.000,3.000,3.606,2.828,2.000,1.000,-1.000,-1.414,-2.236,-2.828,-3.000,-3.000,-3.000,-3.000,-3.000,-3.000,-3.000,-2.828,-2.236,-2.000,-1.414,-1.000,1.000,1.414,2.236,3.162,4.123,3.162,2.236,1.414,1.000,-1.000,-1.414,-2.236,-2.828,-3.606,-4.000,-4.000,-4.000,-3.606,-2.828,-2.236,-1.414,-1.000,-1.000,1.000,1.414,2.236,2.828,3.606,4.472,3.606,2.828,2.236,1.414,1.000,-1.000,-1.414,-2.236,-3.162,-4.123,-5.000,-4.123,-3.162,-2.236,-1.414,-1.000,1.000,1.000,1.414,2.236,2.828,3.606,4.243,5.000,4.243,3.606,2.828,2.236,1.414,1.000,-1.000,-2.000,-2.828,-3.606,-4.243,-3.606,-2.828,-2.000,-1.000,1.000,1.414,2.000,2.236,2.828,3.606,4.243,5.000,5.657,5.000,4.243,3.606,2.828,2.000,1.000,-1.000,-1.414,-2.236,-3.162,-3.606,-2.828,-2.236,-1.414,-1.000,1.000,2.000,2.828,3.162,3.606,4.243,5.000,5.657,6.403,5.657,5.000,4.123,3.162,2.236,1.414,1.000,-1.000,-2.000,-3.000,-3.162,-2.236,-1.414,-1.000,1.000,1.414,2.236,3.162,4.123,4.472,5.000,5.657,6.403,7.071,6.325,5.385,4.472,3.606,2.828,2.000,1.000,-1.000,-2.000,-2.828,-3.000,-2.000,-1.000,1.000,1.414,2.236,2.828,3.606,4.472,5.385,5.831,6.403,7.071,7.616,6.708,5.831,5.000,4.000,3.000,2.000,1.000,-1.000,-1.414,-2.236,-2.828,-2.000,-1.000,1.000,2.000,2.828,3.606,4.243,5.000,5.831,6.708,7.211,7.810,8.062,7.071,6.083,5.099,4.123,3.162,2.236,1.414,1.000,-1.000,-2.000,-2.236,-1.414,-1.000,1.000,2.000,3.000,4.000,5.000,5.657,6.403,7.211,8.062,8.602,8.246,7.280,6.325,5.385,4.472,3.606,2.828,2.000,1.000,-1.000,-2.000,-2.000,-1.000,1.000,1.414,2.236,3.162,4.123,5.099,6.083,7.071,7.810,8.602,9.434,1.0592,0.0227
6.403,5.831,5.385,5.099,5.000,5.000,5.000,5.000,5.000,5.000,5.000,5.000,5.000,5.000,5.000,5.000,5.000,5.000,5.000,5.000,5.099,5.385,5.831,6.403,5.657,5.000,4.472,4.123,4.000,4.000,4.000,4.000,4.000,4.000,4.000,4.000,4.000,4.000,4.000,4.000,4.000,4.000,4.000,4.000,4.123,4.472,5.000,5.657,5.000,4.243,3.606,3.162,3.000,3.000,3.000,3.000,3.000,3.000,3.000,3.000,3.000,3.000,3.000,3.000,3.000,3.000,3.000,3.000,3.162,3.606,4.243,5.000,4.472,3.606,2.828,2.236,2.000,2.000,2.000,2.000,2.000,2.000,2.000,2.000,2.000,2.000,2.000,2.000,2.000,2.000,2.000,2.000,2.236,2.828,3.606,4.472,4.123,3.162,2.236,1.414,1.000,1.000,1.000,1.000,1.000,1.000,1.000,1.000,1.000,1.000,1.000,1.000,1.000,1.000,1.000,1.000,1.414,2.236,3.162,4.123,4.000,3.000,2.000,1.000,-1.000,-1.000,-1.000,-1.000,-1.000,-1.000,-1.000,-1.000,-1.000,-1.000,-1.000,-1.000,-1.000,-1.000,-1.000,-1.000,1.000,2.000,3.000,4.000,4.123,3.162,2.236,1.414,1.000,-1.000,-1.414,-2.000,-2.000,-2.000,-2.000,-2.000,-2.000,-2.000,-2.000,-2.000,-2.000,-2.000,-2.000,-1.000,1.000,2.000,3.000,4.000,4.472,3.606,2.828,2.236,1.414,1.000,-1.000,-2.000,-2.828,-3.000,-3.000,-3.000,-3.000,-3.000,-3.000,-3.000,-3.000,-3.000,-2.000,-1.000,1.000,2.000,3.000,4.000,5.000,4.243,3.606,2.828,2.000,1.000,-1.000,-1.414,-2.236,-2.828,-3.606,-4.000,-4.000,-4.000,-4.000,-4.000,-4.000,-3.000,-2.000,-1.000,1.000,2.000,3.000,4.000,5.657,5.000,4.123,3.162,2.236,1.414,1.000,-1.000,-1.414,-2.236,-3.162,-4.123,-4.243,-3.606,-3.162,-3.000,-3.000,-2.828,-2.000,-1.000,1.000,2.000,3.000,4.000,6.325,5.385,4.472,3.606,2.828,2.236,1.414,1.000,-1.000,-2.000,-2.828,-3.606,-3.606,-2.828,-2.236,-2.000,-2.000,-2.000,-1.414,-1.000,1.000,2.000,3.000,4.000,6.708,5.831,5.000,4.243,3.606,2.828,2.000,1.000,-1.000,-1.414,-2.236,-2.828,-2.828,-2.236,-1.414,-1.000,-1.000,-1.000,-1.000,1.000,1.414,2.236,3.162,4.123,7.211,6.403,5.657,5.000,4.123,3.162,2.236,1.414,1.000,-1.000,-1.414,-2.236,-2.236,-1.414,-1.000,1.000,1.000,1.000,1.000,1.414,2.236,2.828,3.606,4.472,7.810,7.071,6.325,5.385,4.472,3.606,2.828,2.236,1.414,1.000,-1.000,-2.000,-1.414,-1.000,1.000,1.414,2.000,2.000,2.000,2.236,2.828,3.606,4.243,5.000,8.485,7.616,6.708,5.831,5.000,4.243,3.606,2.828,2.000,1.000,-1.000,-1.000,-1.000,1.000,1.414,2.236,2.828,3.000,3.000,3.162,3.606,4.243,5.000,5.657,8.944,8.062,7.211,6.403,5.657,5.000,4.123,3.162,2.236,1.414,1.000,1.000,1.000,1.414,2.236,2.828,3.606,4.000,4.000,4.123,4.472,5.000,5.657,6.403,1.0896,0.0115
6.083,6.000,6.000,6.000,6.000,6.000,6.000,6.000,6.000,6.000,6.000,6.000,6.000,6.000,6.000,6.000,6.000,6.000,6.000,6.000,6.000,6.000,6.000,6.083,5.099,5.000,5.000,5.000,5.000,5.000,5.000,5.000,5.000,5.000,5.000,5.000,5.000,5.000,5.000,5.000,5.000,5.000,5.000,5.000,5.000,5.000,5.000,5.099,4.123,4.000,4.000,4.000,4.000,4.000,4.000,4.000,4.000,4.000,4.000,4.000,4.000,4.000,4.000,4.000,4.000,4.000,4.000,4.000,4.000,4.000,4.000,4.123,3.162,3.000,3.000,3.000,3.000,3.000,3.000,3.000,3.000,3.000,3.000,3.000,3.000,3.000,3.000,3.000,3.000,3.000,3.000,3.000,3.000,3.000,3.000,3.162,2.236,2.000,2.000,2.000,2.000,2.000,2.000,2.000,2.000,2.000,2.000,2.000,2.000,2.000,2.000,2.000,2.000,2.000,2.000,2.000,2.000,2.000,2.000,2.236,1.414,1.000,1.000,1.000,1.000,1.000,1.000,1.000,1.000,1.000,1.000,1.000,1.000,1.000,1.000,1.000,1.000,1.000,1.000,1.000,1.000,1.000,1.000,1.414,1.000,-1.000,-1.000,-1.000,-1.000,-1.000,-1.000,-1.000,-1.000,-1.000,-1.000,-1.000,-1.000,-1.000,-1.000,-1.000,-1.000,-1.000,-1.000,-1.000,-1.000,-1.000,-1.000,1.000,1.414,1.000,-1.000,-1.000,-1.414,-2.000,-2.000,-2.000,-2.000,-2.000,-2.000,-2.000,-2.000,-2.000,-2.000,-2.000,-2.000,-2.000,-2.000,-2.000,-2.000,-2.000,-1.000,1.000,2.236,1.414,1.000,1.000,-1.000,-1.414,-2.000,-2.236,-2.828,-3.000,-3.000,-3.000,-3.000,-3.000,-3.000,-3.000,-2.828,-2.236,-2.000,-2.000,-2.000,-2.000,-1.000,1.000,2.828,2.236,2.000,1.414,1.000,-1.000,-1.000,-1.414,-2.236,-2.828,-3.606,-4.000,-3.606,-2.828,-2.236,-2.000,-2.000,-1.414,-1.000,-1.000,-1.000,-1.000,-1.000,1.000,3.606,3.162,2.828,2.236,1.414,1.000,1.000,-1.000,-1.414,-2.236,-2.828,-3.162,-2.828,-2.236,-1.414,-1.000,-1.000,-1.000,1.000,1.000,1.000,1.000,1.000,1.414,4.472,4.123,3.606,2.828,2.236,2.000,1.414,1.000,-1.000,-1.414,-2.236,-2.236,-2.000,-1.414,-1.000,1.000,1.000,1.000,1.414,2.000,2.000,2.000,2.000,2.236,5.385,5.000,4.243,3.606,3.162,2.828,2.236,1.414,1.000,-1.000,-1.414,-1.414,-1.000,-1.000,1.000,1.414,2.000,2.000,2.236,2.828,3.000,3.000,3.000,3.162,6.325,5.657,5.000,4.472,4.123,3.606,2.828,2.236,1.414,1.000,-1.000,-1.000,1.000,1.000,1.414,2.236,2.828,3.000,3.162,3.606,4.000,4.000,4.000,4.123,7.071,6.403,5.831,5.385,5.000,4.243,3.606,2.828,2.236,1.414,1.000,1.000,1.414,2.000,2.236,2.828,3.606,4.000,4.123,4.472,5.000,5.000,5.000,5.099,7.810,7.211,6.708,6.325,5.657,5.000,4.243,3.606,2.828,2.236,2.000,2.000,2.236,2.828,3.162,3.606,4.243,5.000,5.099,5.385,5.831,6.000,6.000,6.083,0.8557,0.1704
5.099,5.000,5.000,5.000,5.000,5.000,5.000,5.000,5.000,5.000,5.000,5.000,5.000,5.000,5.000,5.000,5.000,5.000,5.000,5.000,5.000,5.000,5.000,5.099,4.123,4.000,4.000,4.000,4.000,4.000,4.000,4.000,4.000,4.000,4.000,4.000,4.000,4.000,4.000,4.000,4.000,4.000,4.000,4.000,4.000,4.000,4.000,4.123,3.162,3.000,3.000,3.000,3.000,3.000,3.000,3.000,3.000,3.000,3.000,3.000,3.000,3.000,3.000,3.000,3.000,3.000,3.000,3.000,3.000,3.000,3.000,3.162,2.236,2.000,2.000,2.000,2.000,2.000,2.000,2.000,2.000,2.000,2.000,2.000,2.000,2.000,2.000,2.000,2.000,2.000,2.000,2.000,2.000,2.000,2.000,2.236,1.414,1.000,1.000,1.000,1.000,1.000,1.000,1.000,1.000,1.000,1.000,1.000,1.000,1.000,1.000,1.000,1.000,1.000,1.000,1.000,1.000,1.000,1.000,1.414,1.000,-1.000,-1.000,-1.000,-1.000,-1.000,-1.000,-1.000,-1.000,-1.000,-1.000,-1.000,-1.000,-1.000,-1.000,-1.000,-1.000,-1.000,-1.000,-1.000,-1.000,-1.000,-1.000,1.000,1.414,1.000,-1.000,-1.414,-2.000,-2.000,-2.000,-2.000,-2.000,-2.000,-2.000,-2.000,-2.000,-2.000,-2.000,-2.000,-2.000,-2.000,-2.000,-2.000,-1.414,-1.000,1.000,1.414,2.236,1.414,1.000,-1.000,-2.000,-2.828,-3.000,-3.000,-3.000,-3.000,-3.000,-3.000,-3.000,-3.000,-3.000,-3.000,-2.828,-2.236,-2.000,-1.414,-1.000,1.000,1.414,2.236,2.828,2.000,1.000,-1.000,-1.414,-2.236,-2.828,-3.162,-3.606,-4.000,-4.000,-4.000,-3.606,-3.162,-2.828,-2.236,-2.000,-1.414,-1.000,-1.000,1.000,1.414,2.236,2.828,3.162,2.236,1.414,1.000,-1.000,-1.414,-2.000,-2.236,-2.828,-3.000,-3.000,-3.000,-2.828,-2.236,-2.000,-1.414,-1.000,-1.000,1.000,1.000,1.414,2.236,2.828,3.606,3.606,2.828,2.236,1.414,1.000,-1.000,-1.000,-1.414,-2.000,-2.000,-2.000,-2.000,-2.000,-1.414,-1.000,-1.000,1.000,1.000,1.414,2.000,2.236,2.828,3.606,4.243,4.243,3.606,2.828,2.236,1.414,1.000,1.000,-1.000,-1.000,-1.000,-1.000,-1.000,-1.000,-1.000,1.000,1.000,1.414,2.000,2.236,2.828,3.162,3.606,4.243,5.000,5.000,4.243,3.606,2.828,2.236,2.000,1.414,1.000,1.000,1.000,1.000,1.000,1.000,1.000,1.414,2.000,2.236,2.828,3.162,3.606,4.123,4.472,5.000,5.657,5.657,5.000,4.243,3.606,3.162,2.828,2.236,2.000,2.000,2.000,2.000,2.000,2.000,2.000,2.236,2.828,3.162,3.606,4.123,4.472,5.000,5.385,5.831,6.403,6.403,5.657,5.000,4.472,4.123,3.606,3.162,3.000,3.000,3.000,3.000,3.000,3.000,3.000,3.162,3.606,4.123,4.472,5.000,5.385,5.831,6.325,6.708,7.211,7.071,6.403,5.831,5.385,5.000,4.472,4.123,4.000,4.000,4.000,4.000,4.000,4.000,4.000,4.123,4.472,5.000,5.385,5.831,6.325,6.708,7.211,7.616,8.062,0.6596,-0.1565
7.211,6.708,6.325,6.083,6.000,6.000,6.000,6.000,6.000,6.000,6.000,6.000,6.000,6.000,6.000,6.000,6.000,6.000,6.000,6.000,6.083,6.325,6.708,7.211,6.403,5.831,5.385,5.099,5.000,5.000,5.000,5.000,5.000,5.000,5.000,5.000,5.000,5.000,5.000,5.000,5.000,5.000,5.000,5.000,5.099,5.385,5.831,6.403,5.657,5.000,4.472,4.123,4.000,4.000,4.000,4.000,4.000,4.000,4.000,4.000,4.000,4.000,4.000,4.000,4.000,4.000,4.000,4.000,4.123,4.472,5.000,5.657,5.000,4.243,3.606,3.162,3.000,3.000,3.000,3.000,3.000,3.000,3.000,3.000,3.000,3.000,3.000,3.000,3.000,3.000,3.000,3.000,3.162,3.606,4.243,5.000,4.472,3.606,2.828,2.236,2.000,2.000,2.000,2.000,2.000,2.000,2.000,2.000,2.000,2.000,2.000,2.000,2.000,2.000,2.000,2.000,2.236,2.828,3.606,4.472,4.123,3.162,2.236,1.414,1.000,1.000,1.000,1.000,1.000,1.000,1.000,1.000,1.000,1.000,1.000,1.000,1.000,1.000,1.000,1.000,1.414,2.236,3.162,4.123,4.000,3.000,2.000,1.000,-1.000,-1.000,-1.000,-1.000,-1.000,-1.000,-1.000,-1.000,-1.000,-1.000,-1.000,-1.000,-1.000,-1.000,-1.000,-1.000,1.000,2.000,3.000,4.000,4.123,3.162,2.236,1.414,1.000,-1.000,-1.414,-2.000,-2.000,-2.000,-2.000,-2.000,-2.000,-2.000,-2.000,-2.000,-2.000,-2.000,-2.000,-1.000,1.000,2.000,3.000,4.000,4.472,3.606,2.828,2.236,1.414,1.000,-1.000,-2.000,-2.828,-3.000,-3.000,-3.000,-3.000,-3.000,-3.000,-3.000,-3.000,-3.000,-2.000,-1.000,1.000,2.000,3.000,4.000,5.000,4.243,3.606,2.828,2.000,1.000,-1.000,-1.414,-2.236,-3.162,-4.000,-4.000,-4.000,-4.000,-4.000,-3.606,-3.162,-2.828,-2.000,-1.000,1.000,2.000,3.000,4.000,5.657,5.000,4.123,3.162,2.236,1.414,1.000,-1.000,-2.000,-2.828,-3.606,-4.472,-5.000,-4.243,-3.606,-2.828,-2.236,-2.000,-1.414,-1.000,1.000,2.000,3.000,4.000,6.325,5.385,4.472,3.606,2.828,2.000,1.000,-1.000,-1.414,-2.236,-3.162,-4.123,-4.243,-3.606,-2.828,-2.236,-1.414,-1.000,-1.000,1.000,1.414,2.236,3.162,4.123,6.708,5.831,5.000,4.123,3.162,2.236,1.414,1.000,-1.000,-2.000,-3.000,-4.000,-3.606,-2.828,-2.236,-1.414,-1.000,1.000,1.000,1.414,2.236,2.828,3.606,4.472,7.211,6.325,5.385,4.472,3.606,2.828,2.000,1.000,-1.000,-2.000,-2.828,-3.606,-2.828,-2.236,-1.414,-1.000,1.000,1.414,2.000,2.236,2.828,3.606,4.243,5.000,7.616,6.708,5.831,5.000,4.000,3.000,2.000,1.000,-1.000,-1.414,-2.236,-3.162,-2.236,-1.414,-1.000,1.000,1.414,2.236,2.828,3.162,3.606,4.243,5.000,5.657,8.062,7.071,6.083,5.099,4.123,3.162,2.236,1.414,1.000,-1.000,-2.000,-3.000,-2.000,-1.000,1.000,1.414,2.236,2.828,3.606,4.123,4.472,5.000,5.657,6.403,1.2343,0.1242
7.071,6.403,5.831,5.385,5.099,5.000,5.000,5.000,5.000,5.000,5.000,5.000,5.000,5.000,5.000,5.000,5.000,5.000,5.000,5.099,5.385,5.831,6.403,7.071,6.403,5.657,5.000,4.472,4.123,4.000,4.000,4.000,4.000,4.000,4.000,4.000,4.000,4.000,4.000,4.000,4.000,4.000,4.000,4.123,4.472,5.000,5.657,6.403,5.831,5.000,4.243,3.606,3.162,3.000,3.000,3.000,3.000,3.000,3.000,3.000,3.000,3.000,3.000,3.000,3.000,3.000,3.000,3.162,3.606,4.243,5.000,5.831,5.385,4.472,3.606,2.828,2.236,2.000,2.000,2.000,2.000,2.000,2.000,2.000,2.000,2.000,2.000,2.000,2.000,2.000,2.000,2.236,2.828,3.606,4.472,5.385,5.099,4.123,3.162,2.236,1.414,1.000,1.000,1.000,1.000,1.000,1.000,1.000,1.000,1.000,1.000,1.000,1.000,1.000,1.000,1.414,2.236,3.162,4.123,5.099,5.000,4.000,3.000,2.000,1.000,-1.000,-1.000,-1.000,-1.000,-1.000,-1.000,-1.000,-1.000,-1.000,-1.000,-1.000,-1.000,-1.000,-1.000,1.000,2.000,3.000,4.000,5.000,5.099,4.123,3.162,2.236,1.414,1.000,-1.000,-1.000,-1.414,-2.000,-2.000,-2.000,-2.000,-2.000,-2.000,-2.000,-2.000,-2.000,-1.000,1.000,2.000,3.000,4.000,5.000,5.385,4.472,3.606,2.828,2.236,1.414,1.000,1.000,-1.000,-1.414,-2.000,-2.000,-2.000,-2.000,-2.000,-2.000,-2.000,-2.000,-1.000,1.000,2.000,3.000,4.000,5.000,5.831,5.000,4.243,3.606,2.828,2.236,2.000,1.414,1.000,-1.000,-1.000,-1.000,-1.000,-1.000,-1.000,-1.000,-1.000,-1.000,-1.000,1.000,2.000,3.000,4.000,5.000,6.403,5.657,5.000,4.243,3.606,3.162,2.828,2.236,1.414,1.000,1.000,1.000,1.000,1.000,1.000,1.000,1.000,1.000,1.000,1.414,2.236,3.162,4.123,5.099,7.071,6.403,5.657,5.000,4.472,4.123,3.606,2.828,2.236,2.000,2.000,2.000,2.000,2.000,2.000,2.000,2.000,2.000,2.000,2.236,2.828,3.606,4.472,5.385,7.810,7.071,6.403,5.831,5.385,5.000,4.243,3.606,3.162,3.000,3.000,3.000,3.000,3.000,3.000,3.000,3.000,3.000,3.000,3.162,3.606,4.243,5.000,5.831,8.485,7.810,7.211,6.708,6.325,5.657,5.000,4.472,4.123,4.000,4.000,4.000,4.000,4.000,4.000,4.000,4.000,4.000,4.000,4.123,4.472,5.000,5.657,6.403,9.220,8.602,8.062,7.616,7.071,6.403,5.831,5.385,5.099,5.000,5.000,5.000,5.000,5.000,5.000,5.000,5.000,5.000,5.000,5.099,5.385,5.831,6.403,7.071,10.000,9.434,8.944,8.485,7.810,7.211,6.708,6.325,6.083,6.000,6.000,6.000,6.000,6.000,6.000,6.000,6.000,6.000,6.000,6.083,6.325,6.708,7.211,7.810,10.817,10.296,9.849,9.220,8.602,8.062,7.616,7.280,7.071,7.000,7.000,7.000,7.000,7.000,7.000,7.000,7.000,7.000,7.000,7.071,7.280,7.616,8.062,8.602,0.7421,-0.0089
4.472,4.123,4.000,4.000,4.000,4.000,4.000,4.000,4.000,4.000,4.000,4.000,4.000,4.000,4.000,4.000,4.000,4.000,4.000,4.000,4.000,4.000,4.123,4.472,3.606,3.162,3.000,3.000,3.000,3.000,3.000,3.000,3.000,3.000,3.000,3.000,3.000,3.000,3.000,3.000,3.000,3.000,3.000,3.000,3.000,3.000,3.162,3.606,2.828,2.236,2.000,2.000,2.000,2.000,2.000,2.000,2.000,2.000,2.000,2.000,2.000,2.000,2.000,2.000,2.000,2.000,2.000,2.000,2.000,2.000,2.236,2.828,2.236,1.414,1.000,1.000,1.000,1.000,1.000,1.000,1.000,1.000,1.000,1.000,1.000,1.000,1.000,1.000,1.000,1.000,1.000,1.000,1.000,1.000,1.414,2.236,2.000,1.000,-1.000,-1.000,-1.000,-1.000,-1.000,-1.000,-1.000,-1.000,-1.000,-1.000,-1.000,-1.000,-1.000,-1.000,-1.000,-1.000,-1.000,-1.000,-1.000,-1.000,1.000,2.000,2.236,1.414,1.000,-1.000,-1.000,-1.414,-2.000,-2.000,-2.000,-2.000,-2.000,-2.000,-2.000,-2.000,-2.000,-2.000,-2.000,-1.414,-1.000,-1.000,-1.000,1.000,1.414,2.236,2.828,2.236,1.414,1.000,1.000,-1.000,-1.414,-2.236,-2.828,-3.000,-3.000,-3.000,-3.000,-2.828,-2.236,-1.414,-1.000,-1.000,1.000,1.000,1.000,1.414,2.236,2.828,3.606,2.828,2.236,2.000,1.414,1.000,-1.000,-1.414,-2.236,-2.828,-3.606,-3.162,-2.828,-2.236,-1.414,-1.000,1.000,1.000,1.414,2.000,2.000,2.236,2.828,3.606,4.243,3.606,3.162,2.828,2.236,1.414,1.000,-1.000,-1.414,-2.236,-2.828,-2.236,-2.000,-1.414,-1.000,1.000,1.414,2.000,2.236,2.828,3.000,3.162,3.606,4.243,5.000,4.472,4.123,3.606,2.828,2.236,1.414,1.000,-1.000,-1.414,-2.000,-1.414,-1.000,-1.000,1.000,1.414,2.236,2.828,3.162,3.606,4.000,4.123,4.472,5.000,5.831,5.385,5.000,4.243,3.606,2.828,2.236,1.414,1.000,-1.000,-1.000,-1.000,1.000,1.000,1.414,2.236,2.828,3.606,4.123,4.472,5.000,5.099,5.385,5.831,6.708,6.325,5.657,5.000,4.243,3.606,2.828,2.236,1.414,1.000,1.000,1.000,1.414,2.000,2.236,2.828,3.606,4.243,5.000,5.385,5.831,6.083,6.325,6.708,7.616,7.071,6.403,5.657,5.000,4.243,3.606,2.828,2.236,2.000,2.000,2.000,2.236,2.828,3.162,3.606,4.243,5.000,5.657,6.325,6.708,7.071,7.280,7.616,8.485,7.810,7.071,6.403,5.657,5.000,4.243,3.606,3.162,3.000,3.000,3.000,3.162,3.606,4.123,4.472,5.000,5.657,6.403,7.071,7.616,8.062,8.246,8.544,9.220,8.485,7.810,7.071,6.403,5.657,5.000,4.472,4.123,4.000,4.000,4.000,4.123,4.472,5.000,5.385,5.831,6.403,7.071,7.810,8.485,8.944,9.220,9.487,9.899,9.220,8.485,7.810,7.071,6.403,5.831,5.385,5.099,5.000,5.000,5.000,5.099,5.385,5.831,6.325,6.708,7.211,7.810,8.485,9.220,9.849,10.198,10.440,0.6769,0.0051
5.831,5.000,4.243,3.606,3.162,3.000,3.000,3.000,3.000,3.000,3.000,3.000,3.000,3.000,3.000,3.000,3.000,3.000,3.000,3.162,3.606,4.243,5.000,5.831,5.385,4.472,3.606,2.828,2.236,2.000,2.000,2.000,2.000,2.000,2.000,2.000,2.000,2.000,2.000,2.000,2.000,2.000,2.000,2.236,2.828,3.606,4.472,5.385,5.099,4.123,3.162,2.236,1.414,1.000,1.000,1.000,1.000,1.000,1.000,1.000,1.000,1.000,1.000,1.000,1.000,1.000,1.000,1.414,2.236,3.162,4.123,5.099,5.000,4.000,3.000,2.000,1.000,-1.000,-1.000,-1.000,-1.000,-1.000,-1.000,-1.000,-1.000,-1.000,-1.000,-1.000,-1.000,-1.000,-1.000,1.000,2.000,3.000,4.000,5.000,5.099,4.123,3.162,2.236,1.414,1.000,-1.000,-1.000,-1.414,-2.000,-2.000,-2.000,-2.000,-2.000,-2.000,-2.000,-2.000,-2.000,-1.000,1.000,2.000,3.000,4.000,5.000,5.385,4.472,3.606,2.828,2.236,1.414,1.000,1.000,-1.000,-1.414,-2.000,-2.000,-2.000,-2.000,-2.000,-2.000,-2.000,-2.000,-1.000,1.000,2.000,3.000,4.000,5.000,5.831,5.000,4.243,3.606,2.828,2.236,2.000,1.414,1.000,-1.000,-1.000,-1.000,-1.000,-1.000,-1.000,-1.000,-1.000,-1.000,-1.000,1.000,2.000,3.000,4.000,5.000,6.403,5.657,5.000,4.243,3.606,3.162,2.828,2.236,1.414,1.000,1.000,1.000,1.000,1.000,1.000,1.000,1.000,1.000,1.000,1.414,2.236,3.162,4.123,5.099,7.071,6.403,5.657,5.000,4.472,4.123,3.606,2.828,2.236,2.000,2.000,2.000,2.000,2.000,2.000,2.000,2.000,2.000,2.000,2.236,2.828,3.606,4.472,5.385,7.810,7.071,6.403,5.831,5.385,5.000,4.243,3.606,3.162,3.000,3.000,3.000,3.000,3.000,3.000,3.000,3.000,3.000,3.000,3.162,3.606,4.243,5.000,5.831,8.485,7.810,7.211,6.708,6.325,5.657,5.000,4.472,4.123,4.000,4.000,4.000,4.000,4.000,4.000,4.000,4.000,4.000,4.000,4.123,4.472,5.000,5.657,6.403,9.220,8.602,8.062,7.616,7.071,6.403,5.831,5.385,5.099,5.000,5.000,5.000,5.000,5.000,5.000,5.000,5.000,5.000,5.000,5.099,5.385,5.831,6.403,7.071,10.000,9.434,8.944,8.485,7.810,7.211,6.708,6.325,6.083,6.000,6.000,6.000,6.000,6.000,6.000,6.000,6.000,6.000,6.000,6.083,6.325,6.708,7.211,7.810,10.817,10.296,9.849,9.220,8.602,8.062,7.616,7.280,7.071,7.000,7.000,7.000,7.000,7.000,7.000,7.000,7.000,7.000,7.000,7.071,7.280,7.616,8.062,8.602,11.662,11.180,10.630,10.000,9.434,8.944,8.544,8.246,8.062,8.000,8.000,8.000,8.000,8.000,8.000,8.000,8.000,8.000,8.000,8.062,8.246,8.544,8.944,9.434,12.530,12.042,11.402,10.817,10.296,9.849,9.487,9.220,9.055,9.000,9.000,9.000,9.000,9.000,9.000,9.000,9.000,9.000,9.000,9.055,9.220,9.487,9.849,10.296,0.7679,-0.1387
5.831,5.000,4.243,3.606,3.162,3.000,3.000,3.000,3.000,3.000,3.000,3.000,3.000,3.000,3.000,3.000,3.000,3.000,3.000,3.000,3.162,3.606,4.243,5.000,5.385,4.472,3.606,2.828,2.236,2.000,2.000,2.000,2.000,2.000,2.000,2.000,2.000,2.000,2.000,2.000,2.000,2.000,2.000,2.000,2.236,2.828,3.606,4.472,5.099,4.123,3.162,2.236,1.414,1.000,1.000,1.000,1.000,1.000,1.000,1.000,1.000,1.000,1.000,1.000,1.000,1.000,1.000,1.000,1.414,2.236,3.162,4.123,5.000,4.000,3.000,2.000,1.000,-1.000,-1.000,-1.000,-1.000,-1.000,-1.000,-1.000,-1.000,-1.000,-1.000,-1.000,-1.000,-1.000,-1.000,-1.000,1.000,2.000,3.000,4.000,5.099,4.123,3.162,2.236,1.414,1.000,-1.000,-1.414,-2.000,-2.000,-2.000,-2.000,-2.000,-2.000,-2.000,-2.000,-2.000,-2.000,-2.000,-1.000,1.000,2.000,3.000,4.000,5.385,4.472,3.606,2.828,2.236,1.414,1.000,-1.000,-1.414,-2.236,-3.000,-3.000,-3.000,-3.000,-2.828,-2.236,-2.000,-1.414,-1.000,-1.000,1.000,2.000,3.000,4.000,5.831,5.000,4.243,3.606,2.828,2.236,1.414,1.000,-1.000,-2.000,-2.828,-3.606,-3.606,-2.828,-2.236,-1.414,-1.000,-1.000,1.000,1.000,1.414,2.236,3.162,4.123,6.403,5.657,5.000,4.243,3.606,2.828,2.000,1.000,-1.000,-1.414,-2.236,-3.162,-2.828,-2.236,-1.414,-1.000,1.000,1.000,1.414,2.000,2.236,2.828,3.606,4.472,7.071,6.403,5.657,5.000,4.123,3.162,2.236,1.414,1.000,-1.000,-2.000,-2.828,-2.236,-1.414,-1.000,1.000,1.414,2.000,2.236,2.828,3.162,3.606,4.243,5.000,7.810,7.071,6.325,5.385,4.472,3.606,2.828,2.000,1.000,-1.000,-1.414,-2.236,-1.414,-1.000,1.000,1.414,2.236,2.828,3.162,3.606,4.123,4.472,5.000,5.657,8.485,7.616,6.708,5.831,5.000,4.123,3.162,2.236,1.414,1.000,-1.000,-1.414,-1.000,1.000,1.414,2.236,2.828,3.606,4.123,4.472,5.000,5.385,5.831,6.403,8.944,8.062,7.211,6.325,5.385,4.472,3.606,2.828,2.000,1.000,-1.000,-1.000,1.000,1.414,2.236,2.828,3.606,4.243,5.000,5.385,5.831,6.325,6.708,7.211,9.434,8.544,7.616,6.708,5.831,5.000,4.123,3.162,2.236,1.414,1.000,1.000,1.414,2.236,2.828,3.606,4.243,5.000,5.657,6.325,6.708,7.211,7.616,8.062,9.849,8.944,8.062,7.211,6.325,5.385,4.472,3.606,2.828,2.236,2.000,2.000,2.236,2.828,3.606,4.243,5.000,5.657,6.403,7.071,7.616,8.062,8.544,8.944,10.296,9.434,8.544,7.616,6.708,5.831,5.000,4.243,3.606,3.162,3.000,3.000,3.162,3.606,4.243,5.000,5.657,6.403,7.071,7.810,8.485,8.944,9.434,9.849,10.770,9.849,8.944,8.062,7.211,6.403,5.657,5.000,4.472,4.123,4.000,4.000,4.123,4.472,5.000,5.657,6.403,7.071,7.810,8.485,9.220,9.849,10.296,10.770,0.9704,-0.1924
5.000,4.243,3.606,3.162,3.000,3.000,3.000,3.000,3.000,3.000,3.000,3.000,3.000,3.000,3.000,3.000,3.000,3.000,3.000,3.000,3.000,3.162,3.606,4.243,4.472,3.606,2.828,2.236,2.000,2.000,2.000,2.000,2.000,2.000,2.000,2.000,2.000,2.000,2.000,2.000,2.000,2.000,2.000,2.000,2.000,2.236,2.828,3.606,4.123,3.162,2.236,1.414,1.000,1.000,1.000,1.000,1.000,1.000,1.000,1.000,1.000,1.000,1.000,1.000,1.000,1.000,1.000,1.000,1.000,1.414,2.236,3.162,4.000,3.000,2.000,1.000,-1.000,-1.000,-1.000,-1.000,-1.000,-1.000,-1.000,-1.000,-1.000,-1.000,-1.000,-1.000,-1.000,-1.000,-1.000,-1.000,-1.000,1.000,2.000,3.000,4.123,3.162,2.236,1.414,1.000,-1.000,-2.000,-2.000,-2.000,-2.000,-2.000,-2.000,-2.000,-2.000,-2.000,-2.000,-2.000,-2.000,-1.414,-1.000,-1.000,1.000,2.000,3.000,4.472,3.606,2.828,2.000,1.000,-1.000,-1.414,-2.236,-2.828,-3.000,-3.000,-3.000,-3.000,-2.828,-2.236,-2.000,-1.414,-1.000,-1.000,1.000,1.000,1.414,2.236,3.162,5.000,4.123,3.162,2.236,1.414,1.000,-1.000,-1.414,-2.000,-2.236,-2.828,-3.606,-2.828,-2.236,-1.414,-1.000,-1.000,1.000,1.000,1.414,2.000,2.236,2.828,3.606,5.385,4.472,3.606,2.828,2.236,1.414,1.000,-1.000,-1.000,-1.414,-2.236,-2.828,-2.236,-1.414,-1.000,1.000,1.000,1.414,2.000,2.236,2.828,3.162,3.606,4.243,5.831,5.000,4.243,3.606,2.828,2.236,1.414,1.000,1.000,-1.000,-1.414,-2.000,-1.414,-1.000,1.000,1.414,2.000,2.236,2.828,3.162,3.606,4.123,4.472,5.000,6.403,5.657,5.000,4.243,3.606,2.828,2.236,2.000,1.414,1.000,-1.000,-1.000,-1.000,1.000,1.414,2.236,2.828,3.162,3.606,4.123,4.472,5.000,5.385,5.831,7.071,6.403,5.657,5.000,4.243,3.606,3.162,2.828,2.236,1.414,1.000,1.000,1.000,1.414,2.236,2.828,3.606,4.123,4.472,5.000,5.385,5.831,6.325,6.708,7.810,7.071,6.403,5.657,5.000,4.472,4.123,3.606,2.828,2.236,2.000,2.000,2.000,2.236,2.828,3.606,4.243,5.000,5.385,5.831,6.325,6.708,7.211,7.616,8.485,7.810,7.071,6.403,5.831,5.385,5.000,4.243,3.606,3.162,3.000,3.000,3.000,3.162,3.606,4.243,5.000,5.657,6.325,6.708,7.211,7.616,8.062,8.544,9.220,8.485,7.810,7.211,6.708,6.325,5.657,5.000,4.472,4.123,4.000,4.000,4.000,4.123,4.472,5.000,5.657,6.403,7.071,7.616,8.062,8.544,8.944,9.434,9.899,9.220,8.602,8.062,7.616,7.071,6.403,5.831,5.385,5.099,5.000,5.000,5.000,5.099,5.385,5.831,6.403,7.071,7.810,8.485,8.944,9.434,9.849,10.296,10.630,10.000,9.434,8.944,8.485,7.810,7.211,6.708,6.325,6.083,6.000,6.000,6.000,6.083,6.325,6.708,7.211,7.810,8.485,9.220,9.849,10.296,10.770,11.180,0.7446,-0.2649
6.403,5.831,5.385,5.099,5.000,5.000,5.000,5.000,5.000,5.000,5.000,5.000,5.000,5.000,5.000,5.000,5.000,5.000,5.000,5.000,5.000,5.000,5.099,5.385,5.657,5.000,4.472,4.123,4.000,4.000,4.000,4.000,4.000,4.000,4.000,4.000,4.000,4.000,4.000,4.000,4.000,4.000,4.000,4.000,4.000,4.000,4.123,4.472,5.000,4.243,3.606,3.162,3.000,3.000,3.000,3.000,3.000,3.000,3.000,3.000,3.000,3.000,3.000,3.000,3.000,3.000,3.000,3.000,3.000,3.000,3.162,3.606,4.472,3.606,2.828,2.236,2.000,2.000,2.000,2.000,2.000,2.000,2.000,2.000,2.000,2.000,2.000,2.000,2.000,2.000,2.000,2.000,2.000,2.000,2.236,2.828,4.123,3.162,2.236,1.414,1.000,1.000,1.000,1.000,1.000,1.000,1.000,1.000,1.000,1.000,1.000,1.000,1.000,1.000,1.000,1.000,1.000,1.000,1.414,2.236,4.000,3.000,2.000,1.000,-1.000,-1.000,-1.000,-1.000,-1.000,-1.000,-1.000,-1.000,-1.000,-1.000,-1.000,-1.000,-1.000,-1.000,-1.000,-1.000,-1.000,-1.000,1.000,2.000,4.123,3.162,2.236,1.414,1.000,1.000,-1.000,-1.414,-2.000,-2.000,-2.000,-2.000,-2.000,-2.000,-2.000,-2.000,-2.000,-2.000,-2.000,-2.000,-2.000,-1.000,1.000,2.000,4.472,3.606,2.828,2.236,2.000,1.414,1.000,-1.000,-1.414,-2.236,-2.828,-3.000,-3.000,-2.828,-2.236,-2.000,-2.000,-2.000,-2.000,-2.000,-2.000,-1.000,1.000,2.000,5.000,4.243,3.606,3.162,2.828,2.236,1.414,1.000,-1.000,-1.414,-2.236,-2.828,-2.236,-2.000,-1.414,-1.000,-1.000,-1.000,-1.000,-1.000,-1.000,-1.000,1.000,2.000,5.657,5.000,4.472,4.123,3.606,2.828,2.236,1.414,1.000,-1.000,-1.414,-2.000,-1.414,-1.000,-1.000,1.000,1.000,1.000,1.000,1.000,1.000,1.000,1.414,2.236,6.403,5.831,5.385,5.000,4.243,3.606,2.828,2.236,1.414,1.000,-1.000,-1.000,-1.000,1.000,1.000,1.414,2.000,2.000,2.000,2.000,2.000,2.000,2.236,2.828,7.211,6.708,6.325,5.657,5.000,4.243,3.606,2.828,2.236,1.414,1.000,1.000,1.000,1.414,2.000,2.236,2.828,3.000,3.000,3.000,3.000,3.000,3.162,3.606,8.062,7.616,7.071,6.403,5.657,5.000,4.243,3.606,2.828,2.236,2.000,2.000,2.000,2.236,2.828,3.162,3.606,4.000,4.000,4.000,4.000,4.000,4.123,4.472,8.944,8.485,7.810,7.071,6.403,5.657,5.000,4.243,3.606,3.162,3.000,3.000,3.000,3.162,3.606,4.123,4.472,5.000,5.000,5.000,5.000,5.000,5.099,5.385,9.849,9.220,8.485,7.810,7.071,6.403,5.657,5.000,4.472,4.123,4.000,4.000,4.000,4.123,4.472,5.000,5.385,5.831,6.000,6.000,6.000,6.000,6.083,6.325,10.630,9.899,9.220,8.485,7.810,7.071,6.403,5.831,5.385,5.099,5.000,5.000,5.000,5.099,5.385,5.831,6.325,6.708,7.000,7.000,7.000,7.000,7.071,7.280,0.8473,0.0953
5.831,5.385,5.099,5.000,5.000,5.000,5.000,5.000,5.000,5.000,5.000,5.000,5.000,5.000,5.000,5.000,5.000,5.000,5.000,5.000,5.000,5.099,5.385,5.831,5.000,4.472,4.123,4.000,4.000,4.000,4.000,4.000,4.000,4.000,4.000,4.000,4.000,4.000,4.000,4.000,4.000,4.000,4.000,4.000,4.000,4.123,4.472,5.000,4.243,3.606,3.162,3.000,3.000,3.000,3.000,3.000,3.000,3.000,3.000,3.000,3.000,3.000,3.000,3.000,3.000,3.000,3.000,3.000,3.000,3.162,3.606,4.243,3.606,2.828,2.236,2.000,2.000,2.000,2.000,2.000,2.000,2.000,2.000,2.000,2.000,2.000,2.000,2.000,2.000,2.000,2.000,2.000,2.000,2.236,2.828,3.606,3.162,2.236,1.414,1.000,1.000,1.000,1.000,1.000,1.000,1.000,1.000,1.000,1.000,1.000,1.000,1.000,1.000,1.000,1.000,1.000,1.000,1.414,2.236,3.162,3.000,2.000,1.000,-1.000,-1.000,-1.000,-1.000,-1.000,-1.000,-1.000,-1.000,-1.000,-1.000,-1.000,-1.000,-1.000,-1.000,-1.000,-1.000,-1.000,-1.000,1.000,2.000,3.000,3.162,2.236,1.414,1.000,-1.000,-1.414,-2.000,-2.000,-2.000,-2.000,-2.000,-2.000,-2.000,-2.000,-2.000,-2.000,-2.000,-2.000,-2.000,-2.000,-1.000,1.000,2.000,3.000,3.606,2.828,2.236,1.414,1.000,-1.000,-1.414,-2.236,-2.828,-3.000,-3.000,-3.000,-3.000,-3.000,-3.000,-3.000,-3.000,-3.000,-3.000,-2.000,-1.000,1.000,2.000,3.000,4.243,3.606,2.828,2.236,1.414,1.000,-1.000,-1.414,-2.236,-2.828,-3.606,-4.000,-4.000,-4.000,-3.606,-3.162,-3.000,-3.000,-3.000,-2.000,-1.000,1.000,2.000,3.000,5.000,4.243,3.606,2.828,2.236,1.414,1.000,-1.000,-1.414,-2.236,-2.828,-3.162,-3.162,-3.000,-2.828,-2.236,-2.000,-2.000,-2.000,-2.000,-1.000,1.000,2.000,3.000,5.657,5.000,4.243,3.606,2.828,2.236,1.414,1.000,-1.000,-1.414,-2.000,-2.236,-2.236,-2.000,-2.000,-1.414,-1.000,-1.000,-1.000,-1.000,-1.000,1.000,2.000,3.000,6.403,5.657,5.000,4.243,3.606,2.828,2.236,1.414,1.000,-1.000,-1.000,-1.414,-1.414,-1.000,-1.000,-1.000,1.000,1.000,1.000,1.000,1.000,1.414,2.236,3.162,7.071,6.403,5.657,5.000,4.243,3.606,2.828,2.236,1.414,1.000,1.000,-1.000,-1.000,1.000,1.000,1.000,1.414,2.000,2.000,2.000,2.000,2.236,2.828,3.606,7.810,7.071,6.403,5.657,5.000,4.243,3.606,2.828,2.236,2.000,1.414,1.000,1.000,1.414,2.000,2.000,2.236,2.828,3.000,3.000,3.000,3.162,3.606,4.243,8.485,7.810,7.071,6.403,5.657,5.000,4.243,3.606,3.162,2.828,2.236,2.000,2.000,2.236,2.828,3.000,3.162,3.606,4.000,4.000,4.000,4.123,4.472,5.000,9.220,8.485,7.810,7.071,6.403,5.657,5.000,4.472,4.123,3.606,3.162,3.000,3.000,3.162,3.606,4.000,4.123,4.472,5.000,5.000,5.000,5.099,5.385,5.831,0.9020,0.0080
6.403,5.831,5.385,5.099,5.000,5.000,5.000,5.000,5.000,5.000,5.000,5.000,5.000,5.000,5.000,5.000,5.000,5.000,5.000,5.000,5.000,5.099,5.385,5.831,5.657,5.000,4.472,4.123,4.000,4.000,4.000,4.000,4.000,4.000,4.000,4.000,4.000,4.000,4.000,4.000,4.000,4.000,4.000,4.000,4.000,4.123,4.472,5.000,5.000,4.243,3.606,3.162,3.000,3.000,3.000,3.000,3.000,3.000,3.000,3.000,3.000,3.000,3.000,3.000,3.000,3.000,3.000,3.000,3.000,3.162,3.606,4.243,4.472,3.606,2.828,2.236,2.000,2.000,2.000,2.000,2.000,2.000,2.000,2.000,2.000,2.000,2.000,2.000,2.000,2.000,2.000,2.000,2.000,2.236,2.828,3.606,4.123,3.162,2.236,1.414,1.000,1.000,1.000,1.000,1.000,1.000,1.000,1.000,1.000,1.000,1.000,1.000,1.000,1.000,1.000,1.000,1.000,1.414,2.236,3.162,4.000,3.000,2.000,1.000,-1.000,-1.000,-1.000,-1.000,-1.000,-1.000,-1.000,-1.000,-1.000,-1.000,-1.000,-1.000,-1.000,-1.000,-1.000,-1.000,-1.000,1.000,2.000,3.000,4.123,3.162,2.236,1.414,1.000,1.000,-1.000,-1.414,-2.000,-2.000,-2.000,-2.000,-2.000,-2.000,-2.000,-2.000,-2.000,-2.000,-2.000,-2.000,-1.000,1.000,2.000,3.000,4.472,3.606,2.828,2.236,2.000,1.414,1.000,-1.000,-1.000,-1.414,-2.236,-2.828,-3.000,-3.000,-3.000,-2.828,-2.236,-2.000,-2.000,-1.414,-1.000,1.000,2.000,3.000,5.000,4.243,3.606,3.162,2.828,2.236,1.414,1.000,1.000,-1.000,-1.414,-2.000,-2.000,-2.000,-2.000,-2.000,-1.414,-1.000,-1.000,-1.000,1.000,1.414,2.236,3.162,5.657,5.000,4.472,4.123,3.606,2.828,2.236,2.000,1.414,1.000,-1.000,-1.000,-1.000,-1.000,-1.000,-1.000,-1.000,1.000,1.000,1.000,1.414,2.236,2.828,3.606,6.403,5.831,5.385,5.000,4.243,3.606,3.162,2.828,2.236,1.414,1.000,1.000,1.000,1.000,1.000,1.000,1.000,1.414,2.000,2.000,2.236,2.828,3.606,4.243,7.211,6.708,6.325,5.657,5.000,4.472,4.123,3.606,2.828,2.236,2.000,2.000,2.000,2.000,2.000,2.000,2.000,2.236,2.828,3.000,3.162,3.606,4.243,5.000,8.062,7.616,7.071,6.403,5.831,5.385,5.000,4.243,3.606,3.162,3.000,3.000,3.000,3.000,3.000,3.000,3.000,3.162,3.606,4.000,4.123,4.472,5.000,5.657,8.944,8.485,7.810,7.211,6.708,6.325,5.657,5.000,4.472,4.123,4.000,4.000,4.000,4.000,4.000,4.000,4.000,4.123,4.472,5.000,5.099,5.385,5.831,6.403,9.849,9.220,8.602,8.062,7.616,7.071,6.403,5.831,5.385,5.099,5.000,5.000,5.000,5.000,5.000,5.000,5.000,5.099,5.385,5.831,6.083,6.325,6.708,7.211,10.630,10.000,9.434,8.944,8.485,7.810,7.211,6.708,6.325,6.083,6.000,6.000,6.000,6.000,6.000,6.000,6.000,6.083,6.325,6.708,7.071,7.280,7.616,8.062,0.7108,-0.0876
7.071,6.403,5.831,5.385,5.099,5.000,5.000,5.000,5.000,5.000,5.000,5.000,5.000,5.000,5.000,5.000,5.000,5.000,5.000,5.099,5.385,5.831,6.403,7.071,6.403,5.657,5.000,4.472,4.123,4.000,4.000,4.000,4.000,4.000,4.000,4.000,4.000,4.000,4.000,4.000,4.000,4.000,4.000,4.123,4.472,5.000,5.657,6.403,5.831,5.000,4.243,3.606,3.162,3.000,3.000,3.000,3.000,3.000,3.000,3.000,3.000,3.000,3.000,3.000,3.000,3.000,3.000,3.162,3.606,4.243,5.000,5.831,5.385,4.472,3.606,2.828,2.236,2.000,2.000,2.000,2.000,2.000,2.000,2.000,2.000,2.000,2.000,2.000,2.000,2.000,2.000,2.236,2.828,3.606,4.472,5.385,5.099,4.123,3.162,2.236,1.414,1.000,1.000,1.000,1.000,1.000,1.000,1.000,1.000,1.000,1.000,1.000,1.000,1.000,1.000,1.414,2.236,3.162,4.123,5.099,5.000,4.000,3.000,2.000,1.000,-1.000,-1.000,-1.000,-1.000,-1.000,-1.000,-1.000,-1.000,-1.000,-1.000,-1.000,-1.000,-1.000,-1.000,1.000,2.000,3.000,4.000,5.000,5.099,4.123,3.162,2.236,1.414,1.000,-1.000,-1.000,-1.414,-2.000,-2.000,-2.000,-2.000,-2.000,-2.000,-2.000,-2.000,-2.000,-1.000,1.000,2.000,3.000,4.000,5.000,5.385,4.472,3.606,2.828,2.236,1.414,1.000,1.000,-1.000,-1.414,-2.236,-2.828,-3.000,-3.000,-3.000,-3.000,-3.000,-2.000,-1.000,1.000,2.000,3.000,4.000,5.000,5.831,5.000,4.243,3.606,2.828,2.236,2.000,1.414,1.000,-1.000,-1.414,-2.000,-2.000,-2.000,-2.000,-2.000,-2.000,-2.000,-1.000,1.000,2.000,3.000,4.000,5.000,6.403,5.657,5.000,4.243,3.606,3.162,2.828,2.236,1.414,1.000,-1.000,-1.000,-1.000,-1.000,-1.000,-1.000,-1.000,-1.000,-1.000,1.000,2.000,3.000,4.000,5.000,7.071,6.403,5.657,5.000,4.472,4.123,3.606,2.828,2.236,1.414,1.000,1.000,1.000,1.000,1.000,1.000,1.000,1.000,1.000,1.414,2.236,3.162,4.123,5.099,7.810,7.071,6.403,5.831,5.385,5.000,4.243,3.606,2.828,2.236,2.000,2.000,2.000,2.000,2.000,2.000,2.000,2.000,2.000,2.236,2.828,3.606,4.472,5.385,8.485,7.810,7.211,6.708,6.325,5.657,5.000,4.243,3.606,3.162,3.000,3.000,3.000,3.000,3.000,3.000,3.000,3.000,3.000,3.162,3.606,4.243,5.000,5.831,9.220,8.602,8.062,7.616,7.071,6.403,5.657,5.000,4.472,4.123,4.000,4.000,4.000,4.000,4.000,4.000,4.000,4.000,4.000,4.123,4.472,5.000,5.657,6.403,10.000,9.434,8.944,8.485,7.810,7.071,6.403,5.831,5.385,5.099,5.000,5.000,5.000,5.000,5.000,5.000,5.000,5.000,5.000,5.099,5.385,5.831,6.403,7.071,10.817,10.296,9.849,9.220,8.485,7.810,7.211,6.708,6.325,6.083,6.000,6.000,6.000,6.000,6.000,6.000,6.000,6.000,6.000,6.083,6.325,6.708,7.211,7.810,0.8905,0.0020
4.472,4.123,4.000,4.000,4.000,4.000,4.000,4.000,4.000,4.000,4.000,4.000,4.000,4.000,4.000,4.000,4.000,4.000,4.000,4.000,4.000,4.000,4.123,4.472,3.606,3.162,3.000,3.000,3.000,3.000,3.000,3.000,3.000,3.000,3.000,3.000,3.000,3.000,3.000,3.000,3.000,3.000,3.000,3.000,3.000,3.000,3.162,3.606,2.828,2.236,2.000,2.000,2.000,2.000,2.000,2.000,2.000,2.000,2.000,2.000,2.000,2.000,2.000,2.000,2.000,2.000,2.000,2.000,2.000,2.000,2.236,2.828,2.236,1.414,1.000,1.000,1.000,1.000,1.000,1.000,1.000,1.000,1.000,1.000,1.000,1.000,1.000,1.000,1.000,1.000,1.000,1.000,1.000,1.000,1.414,2.236,2.000,1.000,-1.000,-1.000,-1.000,-1.000,-1.000,-1.000,-1.000,-1.000,-1.000,-1.000,-1.000,-1.000,-1.000,-1.000,-1.000,-1.000,-1.000,-1.000,-1.000,-1.000,1.000,2.000,2.236,1.414,1.000,-1.000,-1.414,-2.000,-2.000,-2.000,-2.000,-2.000,-2.000,-2.000,-2.000,-2.000,-2.000,-2.000,-2.000,-2.000,-2.000,-2.000,-2.000,-1.000,1.000,2.000,2.828,2.236,1.414,1.000,-1.000,-1.000,-1.414,-2.000,-2.236,-2.828,-3.000,-3.000,-3.000,-3.000,-3.000,-3.000,-3.000,-2.828,-2.236,-2.000,-2.000,-1.000,1.000,2.000,3.606,2.828,2.236,1.414,1.000,1.000,-1.000,-1.000,-1.414,-2.000,-2.000,-2.000,-2.236,-2.000,-2.000,-2.000,-2.000,-2.000,-1.414,-1.000,-1.000,-1.000,1.000,2.000,4.243,3.606,2.828,2.236,2.000,1.414,1.000,1.000,-1.000,-1.000,-1.000,-1.000,-1.414,-1.000,-1.000,-1.000,-1.000,-1.000,-1.000,1.000,1.000,1.000,1.414,2.236,5.000,4.243,3.606,3.162,2.828,2.236,2.000,1.414,1.000,1.000,1.000,1.000,-1.000,1.000,1.000,1.000,1.000,1.000,1.000,1.414,2.000,2.000,2.236,2.828,5.657,5.000,4.472,4.123,3.606,3.162,2.828,2.236,2.000,2.000,2.000,1.414,1.000,1.414,2.000,2.000,2.000,2.000,2.000,2.236,2.828,3.000,3.162,3.606,6.403,5.831,5.385,5.000,4.472,4.123,3.606,3.162,3.000,3.000,2.828,2.236,2.000,2.236,2.828,3.000,3.000,3.000,3.000,3.162,3.606,4.000,4.123,4.472,7.211,6.708,6.325,5.831,5.385,5.000,4.472,4.123,4.000,4.000,3.606,3.162,3.000,3.162,3.606,4.000,4.000,4.000,4.000,4.123,4.472,5.000,5.099,5.385,8.062,7.616,7.211,6.708,6.325,5.831,5.385,5.099,5.000,5.000,4.472,4.123,4.000,4.123,4.472,5.000,5.000,5.000,5.000,5.099,5.385,5.831,6.083,6.325,8.944,8.544,8.062,7.616,7.211,6.708,6.325,6.083,6.000,5.831,5.385,5.099,5.000,5.099,5.385,5.831,6.000,6.000,6.000,6.083,6.325,6.708,7.071,7.280,9.849,9.434,8.944,8.544,8.062,7.616,7.280,7.071,7.000,6.708,6.325,6.083,6.000,6.083,6.325,6.708,7.000,7.000,7.000,7.071,7.280,7.616,8.062,8.246,0.7227,-0.1161
5.657,5.000,4.472,4.123,4.000,4.000,4.000,4.000,4.000,4.000,4.000,4.000,4.000,4.000,4.000,4.000,4.000,4.000,4.000,4.000,4.000,4.123,4.472,5.000,5.000,4.243,3.606,3.162,3.000,3.000,3.000,3.000,3.000,3.000,3.000,3.000,3.000,3.000,3.000,3.000,3.000,3.000,3.000,3.000,3.000,3.162,3.606,4.243,4.472,3.606,2.828,2.236,2.000,2.000,2.000,2.000,2.000,2.000,2.000,2.000,2.000,2.000,2.000,2.000,2.000,2.000,2.000,2.000,2.000,2.236,2.828,3.606,4.123,3.162,2.236,1.414,1.000,1.000,1.000,1.000,1.000,1.000,1.000,1.000,1.000,1.000,1.000,1.000,1.000,1.000,1.000,1.000,1.000,1.414,2.236,3.162,4.000,3.000,2.000,1.000,-1.000,-1.000,-1.000,-1.000,-1.000,-1.000,-1.000,-1.000,-1.000,-1.000,-1.000,-1.000,-1.000,-1.000,-1.000,-1.000,-1.000,1.000,2.000,3.000,4.000,3.000,2.000,1.000,-1.000,-1.414,-2.000,-2.000,-2.000,-2.000,-2.000,-2.000,-2.000,-2.000,-2.000,-2.000,-2.000,-2.000,-2.000,-2.000,-1.000,1.000,2.000,3.000,4.123,3.162,2.236,1.414,1.000,-1.000,-1.414,-2.236,-2.828,-3.000,-3.000,-3.000,-3.000,-3.000,-3.000,-3.000,-3.000,-2.828,-2.236,-1.414,-1.000,1.000,2.000,3.000,4.472,3.606,2.828,2.236,1.414,1.000,-1.000,-1.414,-2.236,-2.828,-3.606,-4.000,-3.606,-3.162,-3.000,-2.828,-2.236,-2.000,-1.414,-1.000,1.000,1.414,2.236,3.162,5.000,4.243,3.606,2.828,2.236,1.414,1.000,-1.000,-1.414,-2.236,-2.828,-3.000,-2.828,-2.236,-2.000,-2.000,-1.414,-1.000,-1.000,1.000,1.414,2.236,2.828,3.606,5.657,5.000,4.243,3.606,2.828,2.236,1.414,1.000,-1.000,-1.414,-2.000,-2.000,-2.000,-1.414,-1.000,-1.000,-1.000,1.000,1.000,1.414,2.236,2.828,3.606,4.243,6.403,5.657,5.000,4.243,3.606,2.828,2.236,1.414,1.000,-1.000,-1.000,-1.000,-1.000,-1.000,1.000,1.000,1.000,1.414,2.000,2.236,2.828,3.606,4.243,5.000,7.071,6.403,5.657,5.000,4.243,3.606,2.828,2.236,1.414,1.000,1.000,1.000,1.000,1.000,1.414,2.000,2.000,2.236,2.828,3.162,3.606,4.243,5.000,5.657,7.810,7.071,6.403,5.657,5.000,4.243,3.606,2.828,2.236,2.000,2.000,2.000,2.000,2.000,2.236,2.828,3.000,3.162,3.606,4.123,4.472,5.000,5.657,6.403,8.485,7.810,7.071,6.403,5.657,5.000,4.243,3.606,3.162,3.000,3.000,3.000,3.000,3.000,3.162,3.606,4.000,4.123,4.472,5.000,5.385,5.831,6.403,7.071,9.220,8.485,7.810,7.071,6.403,5.657,5.000,4.472,4.123,4.000,4.000,4.000,4.000,4.000,4.123,4.472,5.000,5.099,5.385,5.831,6.325,6.708,7.211,7.810,9.899,9.220,8.485,7.810,7.071,6.403,5.831,5.385,5.099,5.000,5.000,5.000,5.000,5.000,5.099,5.385,5.831,6.083,6.325,6.708,7.211,7.616,8.062,8.602,0.8291,-0.1637
5.099,5.000,5.000,5.000,5.000,5.000,5.000,5.000,5.000,5.000,5.000,5.000,5.000,5.000,5.000,5.000,5.000,5.000,5.000,5.000,5.000,5.000,5.000,5.099,4.123,4.000,4.000,4.000,4.000,4.000,4.000,4.000,4.000,4.000,4.000,4.000,4.000,4.000,4.000,4.000,4.000,4.000,4.000,4.000,4.000,4.000,4.000,4.123,3.162,3.000,3.000,3.000,3.000,3.000,3.000,3.000,3.000,3.000,3.000,3.000,3.000,3.000,3.000,3.000,3.000,3.000,3.000,3.000,3.000,3.000,3.000,3.162,2.236,2.000,2.000,2.000,2.000,2.000,2.000,2.000,2.000,2.000,2.000,2.000,2.000,2.000,2.000,2.000,2.000,2.000,2.000,2.000,2.000,2.000,2.000,2.236,1.414,1.000,1.000,1.000,1.000,1.000,1.000,1.000,1.000,1.000,1.000,1.000,1.000,1.000,1.000,1.000,1.000,1.000,1.000,1.000,1.000,1.000,1.000,1.414,1.000,-1.000,-1.000,-1.000,-1.000,-1.000,-1.000,-1.000,-1.000,-1.000,-1.000,-1.000,-1.000,-1.000,-1.000,-1.000,-1.000,-1.000,-1.000,-1.000,-1.000,-1.000,-1.000,1.000,1.414,1.000,1.000,-1.000,-1.414,-2.000,-2.000,-2.000,-2.000,-2.000,-2.000,-2.000,-2.000,-2.000,-2.000,-2.000,-2.000,-2.000,-2.000,-2.000,-2.000,-2.000,-1.000,1.000,2.236,2.000,1.414,1.000,-1.000,-1.000,-1.000,-1.414,-2.000,-2.236,-2.828,-3.000,-3.000,-2.828,-2.236,-2.000,-2.000,-2.000,-2.000,-2.000,-2.000,-2.000,-1.000,1.000,3.162,2.828,2.236,1.414,1.000,1.000,1.000,-1.000,-1.000,-1.414,-2.000,-2.000,-2.000,-2.000,-1.414,-1.000,-1.000,-1.000,-1.000,-1.000,-1.000,-1.000,-1.000,1.000,4.123,3.606,2.828,2.236,2.000,2.000,1.414,1.000,1.000,-1.000,-1.000,-1.000,-1.000,-1.000,-1.000,1.000,1.000,1.000,1.000,1.000,1.000,1.000,1.000,1.414,5.000,4.243,3.606,3.162,3.000,2.828,2.236,2.000,1.414,1.000,1.000,1.000,1.000,1.000,1.000,1.414,2.000,2.000,2.000,2.000,2.000,2.000,2.000,2.236,5.657,5.000,4.472,4.123,4.000,3.606,3.162,2.828,2.236,2.000,2.000,2.000,2.000,2.000,2.000,2.236,2.828,3.000,3.000,3.000,3.000,3.000,3.000,3.162,6.403,5.831,5.385,5.099,5.000,4.472,4.123,3.606,3.162,3.000,3.000,3.000,3.000,3.000,3.000,3.162,3.606,4.000,4.000,4.000,4.000,4.000,4.000,4.123,7.211,6.708,6.325,6.083,5.831,5.385,5.000,4.472,4.123,4.000,4.000,4.000,4.000,4.000,4.000,4.123,4.472,5.000,5.000,5.000,5.000,5.000,5.000,5.099,8.062,7.616,7.280,7.071,6.708,6.325,5.831,5.385,5.099,5.000,5.000,5.000,5.000,5.000,5.000,5.099,5.385,5.831,6.000,6.000,6.000,6.000,6.000,6.083,8.944,8.544,8.246,8.062,7.616,7.211,6.708,6.325,6.083,6.000,6.000,6.000,6.000,6.000,6.000,6.083,6.325,6.708,7.000,7.000,7.000,7.000,7.000,7.071,0.7361,0.0284
6.708,6.325,6.083,6.000,6.000,6.000,6.000,6.000,6.000,6.000,6.000,6.000,6.000,6.000,6.000,6.000,6.000,6.000,6.000,6.000,6.000,6.000,6.083,6.325,5.831,5.385,5.099,5.000,5.000,5.000,5.000,5.000,5.000,5.000,5.000,5.000,5.000,5.000,5.000,5.000,5.000,5.000,5.000,5.000,5.000,5.000,5.099,5.385,5.000,4.472,4.123,4.000,4.000,4.000,4.000,4.000,4.000,4.000,4.000,4.000,4.000,4.000,4.000,4.000,4.000,4.000,4.000,4.000,4.000,4.000,4.123,4.472,4.243,3.606,3.162,3.000,3.000,3.000,3.000,3.000,3.000,3.000,3.000,3.000,3.000,3.000,3.000,3.000,3.000,3.000,3.000,3.000,3.000,3.000,3.162,3.606,3.606,2.828,2.236,2.000,2.000,2.000,2.000,2.000,2.000,2.000,2.000,2.000,2.000,2.000,2.000,2.000,2.000,2.000,2.000,2.000,2.000,2.000,2.236,2.828,3.162,2.236,1.414,1.000,1.000,1.000,1.000,1.000,1.000,1.000,1.000,1.000,1.000,1.000,1.000,1.000,1.000,1.000,1.000,1.000,1.000,1.000,1.414,2.236,3.000,2.000,1.000,-1.000,-1.000,-1.000,-1.000,-1.000,-1.000,-1.000,-1.000,-1.000,-1.000,-1.000,-1.000,-1.000,-1.000,-1.000,-1.000,-1.000,-1.000,-1.000,1.000,2.000,3.000,2.000,1.000,-1.000,-1.414,-2.000,-2.000,-2.000,-2.000,-2.000,-2.000,-2.000,-2.000,-2.000,-2.000,-2.000,-2.000,-2.000,-2.000,-2.000,-2.000,-1.000,1.000,2.000,3.162,2.236,1.414,1.000,-1.000,-1.414,-2.236,-2.828,-3.000,-3.000,-3.000,-3.000,-3.000,-3.000,-3.000,-3.000,-3.000,-2.828,-2.236,-2.000,-2.000,-1.000,1.000,2.000,3.606,2.828,2.236,1.414,1.000,-1.000,-1.414,-2.236,-2.828,-3.606,-4.000,-4.000,-4.000,-3.606,-2.828,-2.236,-2.000,-2.000,-1.414,-1.000,-1.000,-1.000,1.000,2.000,4.243,3.606,2.828,2.236,1.414,1.000,-1.000,-1.414,-2.236,-2.828,-3.606,-4.243,-3.606,-2.828,-2.236,-1.414,-1.000,-1.000,-1.000,1.000,1.000,1.000,1.414,2.236,5.000,4.243,3.606,2.828,2.236,1.414,1.000,-1.000,-1.414,-2.236,-2.828,-3.606,-2.828,-2.236,-1.414,-1.000,1.000,1.000,1.000,1.414,2.000,2.000,2.236,2.828,5.657,5.000,4.243,3.606,2.828,2.236,1.414,1.000,-1.000,-1.414,-2.236,-2.828,-2.236,-1.414,-1.000,1.000,1.414,2.000,2.000,2.236,2.828,3.000,3.162,3.606,6.403,5.657,5.000,4.243,3.606,2.828,2.236,1.414,1.000,-1.000,-2.000,-2.236,-1.414,-1.000,1.000,1.414,2.236,2.828,3.000,3.162,3.606,4.000,4.123,4.472,7.071,6.403,5.657,5.000,4.243,3.606,2.828,2.000,1.000,-1.000,-1.414,-1.414,-1.000,1.000,1.414,2.236,2.828,3.606,4.000,4.123,4.472,5.000,5.099,5.385,7.810,7.071,6.403,5.657,5.000,4.123,3.162,2.236,1.414,1.000,-1.000,-1.000,1.000,1.414,2.236,2.828,3.606,4.243,5.000,5.099,5.385,5.831,6.083,6.325,0.9392,0.1324
5.831,5.385,5.099,5.000,5.000,5.000,5.000,5.000,5.000,5.000,5.000,5.000,5.000,5.000,5.000,5.000,5.000,5.000,5.000,5.000,5.000,5.000,5.099,5.385,5.000,4.472,4.123,4.000,4.000,4.000,4.000,4.000,4.000,4.000,4.000,4.000,4.000,4.000,4.000,4.000,4.000,4.000,4.000,4.000,4.000,4.000,4.123,4.472,4.243,3.606,3.162,3.000,3.000,3.000,3.000,3.000,3.000,3.000,3.000,3.000,3.000,3.000,3.000,3.000,3.000,3.000,3.000,3.000,3.000,3.000,3.162,3.606,3.606,2.828,2.236,2.000,2.000,2.000,2.000,2.000,2.000,2.000,2.000,2.000,2.000,2.000,2.000,2.000,2.000,2.000,2.000,2.000,2.000,2.000,2.236,2.828,3.162,2.236,1.414,1.000,1.000,1.000,1.000,1.000,1.000,1.000,1.000,1.000,1.000,1.000,1.000,1.000,1.000,1.000,1.000,1.000,1.000,1.000,1.414,2.236,3.000,2.000,1.000,-1.000,-1.000,-1.000,-1.000,-1.000,-1.000,-1.000,-1.000,-1.000,-1.000,-1.000,-1.000,-1.000,-1.000,-1.000,-1.000,-1.000,-1.000,-1.000,1.000,2.000,3.162,2.236,1.414,1.000,-1.000,-1.414,-2.000,-2.000,-2.000,-2.000,-2.000,-2.000,-2.000,-2.000,-2.000,-2.000,-2.000,-2.000,-2.000,-2.000,-2.000,-1.000,1.000,2.000,3.606,2.828,2.236,1.414,1.000,-1.000,-1.414,-2.000,-2.236,-2.828,-3.000,-3.000,-3.000,-3.000,-3.000,-3.000,-3.000,-3.000,-2.828,-2.236,-2.000,-1.000,1.000,2.000,4.243,3.606,2.828,2.236,1.414,1.000,-1.000,-1.000,-1.414,-2.236,-2.828,-3.000,-3.000,-2.828,-2.236,-2.000,-2.000,-2.000,-2.000,-1.414,-1.000,-1.000,1.000,2.000,5.000,4.243,3.606,2.828,2.236,1.414,1.000,1.000,-1.000,-1.414,-2.000,-2.000,-2.000,-2.000,-1.414,-1.000,-1.000,-1.000,-1.000,-1.000,1.000,1.000,1.414,2.236,5.657,5.000,4.243,3.606,2.828,2.236,2.000,1.414,1.000,-1.000,-1.000,-1.000,-1.000,-1.000,-1.000,1.000,1.000,1.000,1.000,1.000,1.414,2.000,2.236,2.828,6.403,5.657,5.000,4.243,3.606,3.162,2.828,2.236,1.414,1.000,1.000,1.000,1.000,1.000,1.000,1.414,2.000,2.000,2.000,2.000,2.236,2.828,3.162,3.606,7.071,6.403,5.657,5.000,4.472,4.123,3.606,2.828,2.236,2.000,2.000,2.000,2.000,2.000,2.000,2.236,2.828,3.000,3.000,3.000,3.162,3.606,4.123,4.472,7.810,7.071,6.403,5.831,5.385,5.000,4.243,3.606,3.162,3.000,3.000,3.000,3.000,3.000,3.000,3.162,3.606,4.000,4.000,4.000,4.123,4.472,5.000,5.385,8.485,7.810,7.211,6.708,6.325,5.657,5.000,4.472,4.123,4.000,4.000,4.000,4.000,4.000,4.000,4.123,4.472,5.000,5.000,5.000,5.099,5.385,5.831,6.325,9.220,8.602,8.062,7.616,7.071,6.403,5.831,5.385,5.099,5.000,5.000,5.000,5.000,5.000,5.000,5.099,5.385,5.831,6.000,6.000,6.083,6.325,6.708,7.211,0.7960,-0.0612
8.602,7.810,7.071,6.403,5.831,5.385,5.099,5.000,5.000,5.000,5.000,5.000,5.000,5.000,5.000,5.000,5.000,5.000,5.000,5.000,5.099,5.385,5.831,6.403,8.062,7.211,6.403,5.657,5.000,4.472,4.123,4.000,4.000,4.000,4.000,4.000,4.000,4.000,4.000,4.000,4.000,4.000,4.000,4.000,4.123,4.472,5.000,5.657,7.616,6.708,5.831,5.000,4.243,3.606,3.162,3.000,3.000,3.000,3.000,3.000,3.000,3.000,3.000,3.000,3.000,3.000,3.000,3.000,3.162,3.606,4.243,5.000,7.280,6.325,5.385,4.472,3.606,2.828,2.236,2.000,2.000,2.000,2.000,2.000,2.000,2.000,2.000,2.000,2.000,2.000,2.000,2.000,2.236,2.828,3.606,4.472,7.071,6.083,5.099,4.123,3.162,2.236,1.414,1.000,1.000,1.000,1.000,1.000,1.000,1.000,1.000,1.000,1.000,1.000,1.000,1.000,1.414,2.236,3.162,4.123,7.000,6.000,5.000,4.000,3.000,2.000,1.000,-1.000,-1.000,-1.000,-1.000,-1.000,-1.000,-1.000,-1.000,-1.000,-1.000,-1.000,-1.000,-1.000,1.000,2.000,3.000,4.000,7.071,6.083,5.099,4.123,3.162,2.236,1.414,1.000,-1.000,-1.000,-1.414,-2.000,-2.000,-1.414,-1.000,-1.000,-1.000,-1.000,-1.000,-1.000,1.000,2.000,3.000,4.000,7.280,6.325,5.385,4.472,3.606,2.828,2.236,1.414,1.000,1.000,-1.000,-1.000,-1.000,-1.000,1.000,1.000,1.000,1.000,1.000,1.000,1.414,2.236,3.162,4.123,7.616,6.708,5.831,5.000,4.243,3.606,2.828,2.236,2.000,1.414,1.000,1.000,1.000,1.000,1.414,2.000,2.000,2.000,2.000,2.000,2.236,2.828,3.606,4.472,8.062,7.211,6.403,5.657,5.000,4.243,3.606,3.162,2.828,2.236,2.000,2.000,2.000,2.000,2.236,2.828,3.000,3.000,3.000,3.000,3.162,3.606,4.243,5.000,8.602,7.810,7.071,6.403,5.657,5.000,4.472,4.123,3.606,3.162,3.000,3.000,3.000,3.000,3.162,3.606,4.000,4.000,4.000,4.000,4.123,4.472,5.000,5.657,9.220,8.485,7.810,7.071,6.403,5.831,5.385,5.000,4.472,4.123,4.000,4.000,4.000,4.000,4.123,4.472,5.000,5.000,5.000,5.000,5.099,5.385,5.831,6.403,9.899,9.220,8.485,7.810,7.211,6.708,6.325,5.831,5.385,5.099,5.000,5.000,5.000,5.000,5.099,5.385,5.831,6.000,6.000,6.000,6.083,6.325,6.708,7.211,10.630,9.899,9.220,8.602,8.062,7.616,7.211,6.708,6.325,6.083,6.000,6.000,6.000,6.000,6.083,6.325,6.708,7.000,7.000,7.000,7.071,7.280,7.616,8.062,11.314,10.630,10.000,9.434,8.944,8.544,8.062,7.616,7.280,7.071,7.000,7.000,7.000,7.000,7.071,7.280,7.616,8.000,8.000,8.000,8.062,8.246,8.544,8.944,12.042,11.402,10.817,10.296,9.849,9.434,8.944,8.544,8.246,8.062,8.000,8.000,8.000,8.000,8.062,8.246,8.544,8.944,9.000,9.000,9.055,9.220,9.487,9.849,0.6734,0.0469
5.831,5.000,4.243,3.606,3.162,3.000,3.000,3.000,3.000,3.000,3.000,3.000,3.000,3.000,3.000,3.000,3.000,3.000,3.000,3.162,3.606,4.243,5.000,5.831,5.385,4.472,3.606,2.828,2.236,2.000,2.000,2.000,2.000,2.000,2.000,2.000,2.000,2.000,2.000,2.000,2.000,2.000,2.000,2.236,2.828,3.606,4.472,5.385,5.099,4.123,3.162,2.236,1.414,1.000,1.000,1.000,1.000,1.000,1.000,1.000,1.000,1.000,1.000,1.000,1.000,1.000,1.000,1.414,2.236,3.162,4.123,5.099,5.000,4.000,3.000,2.000,1.000,-1.000,-1.000,-1.000,-1.000,-1.000,-1.000,-1.000,-1.000,-1.000,-1.000,-1.000,-1.000,-1.000,-1.000,1.000,2.000,3.000,4.000,5.000,5.099,4.123,3.162,2.236,1.414,1.000,-1.000,-1.414,-2.000,-2.000,-2.000,-2.000,-2.000,-2.000,-2.000,-1.414,-1.000,-1.000,1.000,1.414,2.236,3.162,4.123,5.099,5.385,4.472,3.606,2.828,2.236,1.414,1.000,-1.000,-1.414,-2.236,-2.828,-3.000,-2.828,-2.236,-1.414,-1.000,1.000,1.000,1.414,2.236,2.828,3.606,4.472,5.385,5.831,5.000,4.243,3.606,2.828,2.236,1.414,1.000,-1.000,-1.414,-2.236,-2.828,-2.236,-1.414,-1.000,1.000,1.414,2.000,2.236,2.828,3.606,4.243,5.000,5.831,6.403,5.657,5.000,4.243,3.606,2.828,2.236,1.414,1.000,-1.000,-1.414,-2.236,-1.414,-1.000,1.000,1.414,2.236,2.828,3.162,3.606,4.243,5.000,5.657,6.403,7.071,6.403,5.657,5.000,4.243,3.606,2.828,2.236,1.414,1.000,-1.000,-1.414,-1.000,1.000,1.414,2.236,2.828,3.606,4.123,4.472,5.000,5.657,6.403,7.071,7.810,7.071,6.403,5.657,5.000,4.243,3.606,2.828,2.000,1.000,-1.000,-1.000,1.000,1.414,2.236,2.828,3.606,4.243,5.000,5.385,5.831,6.403,7.071,7.810,8.485,7.810,7.071,6.403,5.657,5.000,4.123,3.162,2.236,1.414,1.000,1.000,1.414,2.236,2.828,3.606,4.243,5.000,5.657,6.325,6.708,7.211,7.810,8.485,9.220,8.485,7.810,7.071,6.325,5.385,4.472,3.606,2.828,2.236,2.000,2.000,2.236,2.828,3.606,4.243,5.000,5.657,6.403,7.071,7.616,8.062,8.602,9.220,9.899,9.220,8.485,7.616,6.708,5.831,5.000,4.243,3.606,3.162,3.000,3.000,3.162,3.606,4.243,5.000,5.657,6.403,7.071,7.810,8.485,8.944,9.434,10.000,10.630,9.849,8.944,8.062,7.211,6.403,5.657,5.000,4.472,4.123,4.000,4.000,4.123,4.472,5.000,5.657,6.403,7.071,7.810,8.485,9.220,9.849,10.296,10.817,11.180,10.296,9.434,8.602,7.810,7.071,6.403,5.831,5.385,5.099,5.000,5.000,5.099,5.385,5.831,6.403,7.071,7.810,8.485,9.220,9.899,10.630,11.180,11.662,11.662,10.817,10.000,9.220,8.485,7.810,7.211,6.708,6.325,6.083,6.000,6.000,6.083,6.325,6.708,7.211,7.810,8.485,9.220,9.899,10.630,11.314,12.042,12.530,0.7232,-0.2071
4.243,3.606,3.162,3.000,3.000,3.000,3.000,3.000,3.000,3.000,3.000,3.000,3.000,3.000,3.000,3.000,3.000,3.000,3.000,3.000,3.000,3.000,3.162,3.606,3.606,2.828,2.236,2.000,2.000,2.000,2.000,2.000,2.000,2.000,2.000,2.000,2.000,2.000,2.000,2.000,2.000,2.000,2.000,2.000,2.000,2.000,2.236,2.828,3.162,2.236,1.414,1.000,1.000,1.000,1.000,1.000,1.000,1.000,1.000,1.000,1.000,1.000,1.000,1.000,1.000,1.000,1.000,1.000,1.000,1.000,1.414,2.236,3.000,2.000,1.000,-1.000,-1.000,-1.000,-1.000,-1.000,-1.000,-1.000,-1.000,-1.000,-1.000,-1.000,-1.000,-1.000,-1.000,-1.000,-1.000,-1.000,-1.000,-1.000,1.000,2.000,3.162,2.236,1.414,1.000,1.000,-1.000,-1.414,-2.000,-2.000,-2.000,-2.000,-2.000,-2.000,-2.000,-2.000,-2.000,-2.000,-2.000,-2.000,-2.000,-2.000,-1.000,1.000,2.000,3.606,2.828,2.236,2.000,1.414,1.000,-1.000,-1.414,-2.000,-2.236,-2.828,-3.000,-3.000,-3.000,-3.000,-3.000,-3.000,-3.000,-3.000,-3.000,-2.000,-1.000,1.000,2.000,4.243,3.606,3.162,2.828,2.236,1.414,1.000,-1.000,-1.000,-1.414,-2.236,-2.828,-3.000,-3.000,-3.162,-3.606,-4.000,-4.000,-4.000,-3.000,-2.000,-1.000,1.000,2.000,5.000,4.472,4.123,3.606,2.828,2.236,1.414,1.000,1.000,-1.000,-1.414,-2.000,-2.000,-2.000,-2.236,-2.828,-3.000,-3.000,-3.000,-3.000,-2.000,-1.000,1.000,2.000,5.831,5.385,5.000,4.243,3.606,2.828,2.236,2.000,1.414,1.000,-1.000,-1.000,-1.000,-1.000,-1.414,-2.000,-2.000,-2.000,-2.000,-2.000,-2.000,-1.000,1.000,2.000,6.708,6.325,5.657,5.000,4.243,3.606,3.162,2.828,2.236,1.414,1.000,1.000,1.000,1.000,-1.000,-1.000,-1.000,-1.000,-1.000,-1.000,-1.000,-1.000,1.000,2.000,7.616,7.071,6.403,5.657,5.000,4.472,4.123,3.606,2.828,2.236,2.000,2.000,2.000,1.414,1.000,1.000,1.000,1.000,1.000,1.000,1.000,1.000,1.414,2.236,8.485,7.810,7.071,6.403,5.831,5.385,5.000,4.243,3.606,3.162,3.000,3.000,2.828,2.236,2.000,2.000,2.000,2.000,2.000,2.000,2.000,2.000,2.236,2.828,9.220,8.485,7.810,7.211,6.708,6.325,5.657,5.000,4.472,4.123,4.000,4.000,3.606,3.162,3.000,3.000,3.000,3.000,3.000,3.000,3.000,3.000,3.162,3.606,9.899,9.220,8.602,8.062,7.616,7.071,6.403,5.831,5.385,5.099,5.000,5.000,4.472,4.123,4.000,4.000,4.000,4.000,4.000,4.000,4.000,4.000,4.123,4.472,10.630,10.000,9.434,8.944,8.485,7.810,7.211,6.708,6.325,6.083,6.000,5.831,5.385,5.099,5.000,5.000,5.000,5.000,5.000,5.000,5.000,5.000,5.099,5.385,11.402,10.817,10.296,9.849,9.220,8.602,8.062,7.616,7.280,7.071,7.000,6.708,6.325,6.083,6.000,6.000,6.000,6.000,6.000,6.000,6.000,6.000,6.083,6.325,1.0102,-0.2616
8.485,7.810,7.211,6.708,6.325,6.083,6.000,6.000,6.000,6.000,6.000,6.000,6.000,6.000,6.000,6.000,6.000,6.000,6.000,6.083,6.325,6.708,7.211,7.810,7.810,7.071,6.403,5.831,5.385,5.099,5.000,5.000,5.000,5.000,5.000,5.000,5.000,5.000,5.000,5.000,5.000,5.000,5.000,5.099,5.385,5.831,6.403,7.071,7.211,6.403,5.657,5.000,4.472,4.123,4.000,4.000,4.000,4.000,4.000,4.000,4.000,4.000,4.000,4.000,4.000,4.000,4.000,4.123,4.472,5.000,5.657,6.403,6.708,5.831,5.000,4.243,3.606,3.162,3.000,3.000,3.000,3.000,3.000,3.000,3.000,3.000,3.000,3.000,3.000,3.000,3.000,3.162,3.606,4.243,5.000,5.831,6.325,5.385,4.472,3.606,2.828,2.236,2.000,2.000,2.000,2.000,2.000,2.000,2.000,2.000,2.000,2.000,2.000,2.000,2.000,2.236,2.828,3.606,4.472,5.385,6.083,5.099,4.123,3.162,2.236,1.414,1.000,1.000,1.000,1.000,1.000,1.000,1.000,1.000,1.000,1.000,1.000,1.000,1.000,1.414,2.236,3.162,4.123,5.099,6.000,5.000,4.000,3.000,2.000,1.000,-1.000,-1.000,-1.000,-1.000,-1.000,-1.000,-1.000,-1.000,-1.000,-1.000,-1.000,-1.000,-1.000,1.000,2.000,3.000,4.000,5.000,6.000,5.000,4.000,3.000,2.000,1.000,-1.000,-1.414,-2.000,-2.000,-2.000,-2.000,-2.000,-2.000,-2.000,-2.000,-2.000,-2.000,-1.000,1.000,2.000,3.000,4.000,5.000,6.083,5.099,4.123,3.162,2.236,1.414,1.000,-1.000,-1.414,-2.236,-3.000,-3.000,-3.000,-3.000,-3.000,-3.000,-3.000,-2.000,-1.000,1.000,2.000,3.000,4.000,5.000,6.325,5.385,4.472,3.606,2.828,2.236,1.414,1.000,-1.000,-2.000,-2.828,-3.606,-4.000,-4.000,-4.000,-3.606,-3.000,-2.000,-1.000,1.000,2.000,3.000,4.000,5.000,6.708,5.831,5.000,4.243,3.606,2.828,2.000,1.000,-1.000,-1.414,-2.236,-2.828,-3.162,-3.000,-3.000,-2.828,-2.236,-2.000,-1.000,1.000,2.000,3.000,4.000,5.000,7.211,6.403,5.657,5.000,4.123,3.162,2.236,1.414,1.000,-1.000,-1.414,-2.236,-2.236,-2.000,-2.000,-2.000,-1.414,-1.000,-1.000,1.000,2.000,3.000,4.000,5.000,7.810,7.071,6.325,5.385,4.472,3.606,2.828,2.236,1.414,1.000,-1.000,-1.414,-1.414,-1.000,-1.000,-1.000,-1.000,1.000,1.000,1.414,2.236,3.162,4.123,5.099,8.485,7.616,6.708,5.831,5.000,4.243,3.606,2.828,2.236,1.414,1.000,-1.000,-1.000,1.000,1.000,1.000,1.000,1.414,2.000,2.236,2.828,3.606,4.472,5.385,8.944,8.062,7.211,6.403,5.657,5.000,4.243,3.606,2.828,2.236,1.414,1.000,1.000,1.414,2.000,2.000,2.000,2.236,2.828,3.162,3.606,4.243,5.000,5.831,9.434,8.602,7.810,7.071,6.403,5.657,5.000,4.243,3.606,2.828,2.236,2.000,2.000,2.236,2.828,3.000,3.000,3.162,3.606,4.123,4.472,5.000,5.657,6.403,0.9928,0.0333
6.403,5.831,5.385,5.099,5.000,5.000,5.000,5.000,5.000,5.000,5.000,5.000,5.000,5.000,5.000,5.000,5.000,5.000,5.000,5.000,5.099,5.385,5.831,6.403,5.657,5.000,4.472,4.123,4.000,4.000,4.000,4.000,4.000,4.000,4.000,4.000,4.000,4.000,4.000,4.000,4.000,4.000,4.000,4.000,4.123,4.472,5.000,5.657,5.000,4.243,3.606,3.162,3.000,3.000,3.000,3.000,3.000,3.000,3.000,3.000,3.000,3.000,3.000,3.000,3.000,3.000,3.000,3.000,3.162,3.606,4.243,5.000,4.472,3.606,2.828,2.236,2.000,2.000,2.000,2.000,2.000,2.000,2.000,2.000,2.000,2.000,2.000,2.000,2.000,2.000,2.000,2.000,2.236,2.828,3.606,4.472,4.123,3.162,2.236,1.414,1.000,1.000,1.000,1.000,1.000,1.000,1.000,1.000,1.000,1.000,1.000,1.000,1.000,1.000,1.000,1.000,1.414,2.236,3.162,4.123,4.000,3.000,2.000,1.000,-1.000,-1.000,-1.000,-1.000,-1.000,-1.000,-1.000,-1.000,-1.000,-1.000,-1.000,-1.000,-1.000,-1.000,-1.000,-1.000,1.000,2.000,3.000,4.000,4.123,3.162,2.236,1.414,1.000,-1.000,-2.000,-2.000,-2.000,-2.000,-2.000,-2.000,-2.000,-2.000,-2.000,-2.000,-2.000,-2.000,-2.000,-1.000,1.000,2.000,3.000,4.000,4.472,3.606,2.828,2.000,1.000,-1.000,-1.414,-2.236,-2.828,-3.000,-3.000,-3.000,-3.000,-3.000,-3.000,-3.000,-3.000,-3.000,-2.000,-1.000,1.000,2.000,3.000,4.000,5.000,4.123,3.162,2.236,1.414,1.000,-1.000,-1.414,-2.236,-3.162,-4.000,-4.000,-4.000,-4.000,-4.000,-4.000,-4.000,-3.000,-2.000,-1.000,1.000,2.000,3.000,4.000,5.385,4.472,3.606,2.828,2.236,1.414,1.000,-1.000,-2.000,-2.828,-3.606,-4.472,-5.000,-4.243,-3.606,-3.162,-3.000,-2.828,-2.000,-1.000,1.000,2.000,3.000,4.000,5.831,5.000,4.243,3.606,2.828,2.000,1.000,-1.000,-1.414,-2.236,-3.162,-4.123,-4.243,-3.606,-2.828,-2.236,-2.000,-2.000,-1.414,-1.000,1.000,2.000,3.000,4.000,6.403,5.657,5.000,4.123,3.162,2.236,1.414,1.000,-1.000,-2.000,-2.828,-3.606,-3.606,-2.828,-2.236,-1.414,-1.000,-1.000,-1.000,1.000,1.414,2.236,3.162,4.123,7.071,6.325,5.385,4.472,3.606,2.828,2.000,1.000,-1.000,-1.414,-2.236,-3.162,-2.828,-2.236,-1.414,-1.000,1.000,1.000,1.000,1.414,2.236,2.828,3.606,4.472,7.616,6.708,5.831,5.000,4.123,3.162,2.236,1.414,1.000,-1.000,-2.000,-2.828,-2.236,-1.414,-1.000,1.000,1.414,2.000,2.000,2.236,2.828,3.606,4.243,5.000,8.062,7.211,6.325,5.385,4.472,3.606,2.828,2.000,1.000,-1.000,-1.414,-2.236,-1.414,-1.000,1.000,1.414,2.236,2.828,3.000,3.162,3.606,4.243,5.000,5.657,8.544,7.616,6.708,5.831,5.000,4.123,3.162,2.236,1.414,1.000,-1.000,-2.000,-1.000,1.000,1.414,2.236,2.828,3.606,4.000,4.123,4.472,5.000,5.657,6.403,1.0886,0.0511
